season,season_type,game_type,team,week,gsis_id,position,full_name,first_name,last_name,report_primary_injury,report_secondary_injury,report_status,practice_primary_injury,practice_secondary_injury,practice_status
2026,REG,REG,ARI,1,00-0034381,LB,Josh Sweat,Josh,Sweat,,,,Not injury related - resting player,Knee,Full Participation in Practice
2026,REG,REG,ARI,1,00-0035859,P,Blake Gillikin,Blake,Gillikin,,,,Groin,,Full Participation in Practice
2026,REG,REG,ARI,1,00-0039007,CB,Garrett Williams,Garrett,Williams,Achilles,,Out,Achilles,,Limited Participation in Practice
2026,REG,REG,ARI,1,00-0039808,G,Isaiah Adams,Isaiah,Adams,Knee,,Out,Knee,,Did Not Participate In Practice
2026,REG,REG,ARI,1,00-0039864,S,Dadrion Taylor-Demerson,Dadrion,Taylor-Demerson,Ribs,,Out,Ribs,,Did Not Participate In Practice
2026,REG,REG,ARI,1,00-0040751,CB,Will Johnson,William,Johnson,,,,Ankle,,Full Participation in Practice
2026,REG,REG,ARI,1,00-0041027,RB,Jeremiyah Love,Jeremiyah,Love,Ankle,,Questionable,Ankle,,Limited Participation in Practice
2026,REG,REG,ATL,1,00-0031279,T,Jake Matthews,Jacob,Matthews,,,,Not injury related - resting player,,Did Not Participate In Practice
2026,REG,REG,ATL,1,00-0031576,DE,Za'Darius Smith,Za'Darius,Smith,Shoulder,,Questionable,Shoulder,,Full Participation in Practice
2026,REG,REG,ATL,1,00-0034371,DT,Da'Shawn Hand,Da'Shawn,Hand,,,,Knee,,Full Participation in Practice
2026,REG,REG,ATL,1,00-0035237,T,Jawaan Taylor,Jawaan,Taylor,,,,Knee,,Full Participation in Practice
2026,REG,REG,ATL,1,00-0036212,QB,Tua Tagovailoa,Tuanigamanuolepola,Tagovailoa,Oblique,,Out,Oblique,,Did Not Participate In Practice
2026,REG,REG,ATL,1,00-0036354,G,Kyle Hinton,Kyle,Hinton,,,,Knee,,Full Participation in Practice
2026,REG,REG,ATL,1,00-0039859,DT,Brandon Dorlus,Brandon,Dorlus,,,,Groin,,Full Participation in Practice
2026,REG,REG,ATL,1,00-0039917,QB,Michael Penix Jr.,Michael,Penix,Knee,,Out,Knee,,Full Participation in Practice
2026,REG,REG,ATL,1,00-0040156,CB,Billy Bowman Jr.,Billy,Bowman,Achilles,,Out,Achilles,,Limited Participation in Practice
2026,REG,REG,ATL,1,00-0040687,T,Cameron Williams,Cameron,Williams,Ankle,,Out,Ankle,,Did Not Participate In Practice
2026,REG,REG,ATL,1,00-0041044,WR,Zachariah Branch,Zachariah,Branch,,,,Hamstring,,Full Participation in Practice
2026,REG,REG,ATL,1,00-0041066,LB,Kendal Daniels,Kendal,Daniels,,,,Achilles,,Full Participation in Practice
2026,REG,REG,BAL,1,00-0026190,DE,Calais Campbell,Calais,Campbell,,,,Not injury related - resting player,,Did Not Participate In Practice
2026,REG,REG,BAL,1,00-0036130,DT,Nnamdi Madubuike,Justin,Madubuike,Neck,,Out,Neck,,Limited Participation in Practice
2026,REG,REG,BAL,1,00-0039064,WR,Zay Flowers,Xavien,Flowers,,,,Hamstring,,Full Participation in Practice
2026,REG,REG,BAL,1,00-0039792,WR,Devontez Walker,Devontez,Walker,Groin,,Questionable,Groin,,Limited Participation in Practice
2026,REG,REG,BAL,1,00-0040069,LB,Teddye Buchanan,Teddye,Buchanan,Knee,,Out,Knee,,Limited Participation in Practice
2026,REG,REG,BUF,1,00-0035537,RB,Ty Johnson,Ty,Johnson,Hamstring,,Questionable,Hamstring,,Limited Participation in Practice
2026,REG,REG,BUF,1,00-0040192,CB,Jordan Hancock,Jordan,Hancock,Quadricep,,Questionable,Quadricep,,Full Participation in Practice
2026,REG,REG,BUF,1,00-0040724,DE,T.J. Sanders,Tanaeri,Sanders,Knee,,Questionable,Knee,,Limited Participation in Practice
2026,REG,REG,CAR,1,00-0036903,DT,Bobby Brown III,Bobby,Brown,,,,Back,,Full Participation in Practice
2026,REG,REG,CAR,1,00-0037007,LB,Patrick Jones II,Patrick,Jones,Back,,Out,Back,,Did Not Participate In Practice
2026,REG,REG,CAR,1,00-0039344,RB,Jonathon Brooks,Jonathon,Brooks,,,,Groin,,Full Participation in Practice
2026,REG,REG,CHI,1,00-0031583,DT,Grady Jarrett,Grady,Jarrett,,,,Not injury related - resting player,,Full Participation in Practice
2026,REG,REG,CHI,1,00-0032391,G,Joe Thuney,Joseph,Thuney,,,,Not injury related - resting player,,Full Participation in Practice
2026,REG,REG,CHI,1,00-0033579,S,Xavier Woods,Xavier,Woods,Groin,,Questionable,Groin,,Limited Participation in Practice
2026,REG,REG,CHI,1,00-0038416,QB,Tyson Bagent,Tyson,Bagent,Back,,Questionable,Back,,Did Not Participate In Practice
2026,REG,REG,CHI,1,00-0039919,WR,Rome Odunze,Rome,Odunze,Calf,,Questionable,Calf,,Limited Participation in Practice
2026,REG,REG,CHI,1,00-0040740,T,Ozzy Trapilo,Ozzy,Trapilo,Knee,,Questionable,Knee,,Limited Participation in Practice
2026,REG,REG,CIN,1,00-0033523,DT,Jonathan Allen,Jonathan,Allen,,,,Not injury related - resting player,,Full Participation in Practice
2026,REG,REG,CIN,1,00-0034800,DT,B.J. Hill,Bobby,Hill,,,,Not injury related - resting player,,Full Participation in Practice
2026,REG,REG,CIN,1,00-0035683,DT,Dexter Lawrence,Dexter,Lawrence,,,,Not injury related - resting player,,Did Not Participate In Practice
2026,REG,REG,CIN,1,00-0036410,WR,Tee Higgins,Tamurice,Higgins,,,,Foot,,Full Participation in Practice
2026,REG,REG,CIN,1,00-0036900,WR,Ja'Marr Chase,Ja'Marr,Chase,,,,Knee,Not injury related - resting player,Did Not Participate In Practice
2026,REG,REG,CIN,1,00-0038549,CB,DJ Turner II,DJ,Turner,,,,Hamstring,,Limited Participation in Practice
2026,REG,REG,CIN,1,00-0040756,DE,Shemar Stewart,Shemar,Stewart,Knee,,Doubtful,Knee,,Did Not Participate In Practice
2026,REG,REG,CLE,1,00-0033131,DT,Maliek Collins,Maliek,Collins,,,,Quadricep,,Limited Participation in Practice
2026,REG,REG,CLE,1,00-0036953,G,Teven Jenkins,Teven,Jenkins,Back,,Out,Back,,Did Not Participate In Practice
2026,REG,REG,CLE,1,00-0040579,LB,Carson Schwesinger,Carson,Schwesinger,,,,Shoulder,,Full Participation in Practice
2026,REG,REG,CLE,1,00-0041073,C,Parker Brailsford,Parker,Brailsford,Thumb,,Questionable,Thumb,,Limited Participation in Practice
2026,REG,REG,DAL,1,00-0033093,DT,Jonathan Bullard,Jonathan,Bullard,,,,Groin,,Full Participation in Practice
2026,REG,REG,DAL,1,00-0037563,RB,Malik Davis,Malik,Davis,Hip,,Out,Hip,,Limited Participation in Practice
2026,REG,REG,DAL,1,00-0038547,TE,Luke Schoonmaker,Luke,Schoonmaker,,,,Not injury related - personal matter,,Did Not Participate In Practice
2026,REG,REG,DAL,1,00-0040017,T,Ajani Cornelius,Ajani,Cornelius,,,,Knee,,Full Participation in Practice
2026,REG,REG,DEN,1,00-0038976,WR,Marvin Mims Jr.,Marvin,Mims,,,,Foot,,Full Participation in Practice
2026,REG,REG,DET,1,00-0038660,LB,Trevor Nowaske,Trevor,Nowaske,,,,Knee,,Full Participation in Practice
2026,REG,REG,DET,1,00-0038820,S,Christian Izien,Christian,Izien,Groin,,Questionable,Groin,,Limited Participation in Practice
2026,REG,REG,DET,1,00-0039396,DT,Mekhi Wingo,Mekhi,Wingo,,,,Groin,,Full Participation in Practice
2026,REG,REG,DET,1,00-0039660,S,Thomas Harper,Thomas,Harper,,,,Ankle,,Full Participation in Practice
2026,REG,REG,DET,1,00-0039862,CB,Ennis Rakestraw Jr.,Ennis,Rakestraw,,,,Ankle,,Full Participation in Practice
2026,REG,REG,DET,1,00-0041441,DE,Derrick Moore,Derrick,Moore,,,,Hamstring,,Full Participation in Practice
2026,REG,REG,DET,1,00-0041442,LB,Jimmy Rolder,James,Rolder,,,,Hamstring,,Full Participation in Practice
2026,REG,REG,DET,1,00-0041445,CB,Keith Abney II,Keith,Abney,,,,Hand,,Full Participation in Practice
2026,REG,REG,GB,1,00-0033109,DT,Javon Hargrave,Javon,Hargrave,,,,Knee,,Limited Participation in Practice
2026,REG,REG,GB,1,00-0036551,G,Aaron Banks,Aaron,Banks,Knee,,Questionable,Knee,,Limited Participation in Practice
2026,REG,REG,GB,1,00-0037075,DT,Devonte Wyatt,Devonte,Wyatt,,,,Ankle,,Limited Participation in Practice
2026,REG,REG,GB,1,00-0037817,T,Zach Bako-Bewele,Zach,Bako-Bewele,Knee,,Questionable,Knee,,Limited Participation in Practice
2026,REG,REG,GB,1,00-0039812,LB,Ty'Ron Hopper,Ty'Ron,Hopper,Achilles,,Questionable,Achilles,,Limited Participation in Practice
2026,REG,REG,GB,1,00-0039904,T,Jordan Morgan,Jordan,Morgan,,,,Knee,,Full Participation in Practice
2026,REG,REG,GB,1,00-0040010,LB,Barryn Sorrell,Barryn,Sorrell,,,,Foot,,Limited Participation in Practice
2026,REG,REG,GB,1,00-0040016,DT,Warren Brinson,Warren,Brinson,Calf,,Out,Calf,,Did Not Participate In Practice
2026,REG,REG,HOU,1,00-0032071,T,Trent Brown,Trenton,Brown,,,,Wrist,,Full Participation in Practice
2026,REG,REG,HOU,1,00-0039108,DE,Will Anderson Jr.,William,Anderson,,,,Not injury related - resting player,,Did Not Participate In Practice
2026,REG,REG,HOU,1,00-0041440,DT,Kayden McDonald,Kayden,McDonald,,,,Ankle,,Did Not Participate In Practice
2026,REG,REG,HOU,1,00-0041465,LB,Wade Woodaz,Wade,Woodaz,,,,Thumb,,Full Participation in Practice
2026,REG,REG,IND,1,00-0032378,DT,DeForest Buckner,DeForest,Buckner,,,,Not injury related - resting player,,Did Not Participate In Practice
2026,REG,REG,IND,1,00-0033952,DT,Grover Stewart,Grover,Stewart,,,,Not injury related - resting player,,Full Participation in Practice
2026,REG,REG,IND,1,00-0034573,CB,Charvarius Ward,Charvarius,Ward,,,,Not injury related - resting player,,Limited Participation in Practice
2026,REG,REG,IND,1,00-0037292,TE,Andrew Ogletree,Andrew,Ogletree,,,,Neck,,Full Participation in Practice
2026,REG,REG,IND,1,00-0037664,WR,Alec Pierce,Alec,Pierce,,,,Heel,,Limited Participation in Practice
2026,REG,REG,IND,1,00-0039164,QB,Anthony Richardson,Anthony,Richardson,,,,Illness,,Full Participation in Practice
2026,REG,REG,IND,1,00-0039178,LB,Austin Ajiake,Austin,Ajiake,Hamstring,,Out,Hamstring,,Did Not Participate In Practice
2026,REG,REG,IND,1,00-0039876,C,Sedrick Van Pran-Granger,Sedrick,Van Pran-Granger,,,,Illness,,Full Participation in Practice
2026,REG,REG,IND,1,00-0041043,S,A.J. Haulcy,Adari,Haulcy,,,,Ankle,,Full Participation in Practice
2026,REG,REG,JAX,1,00-0034960,WR,Jakobi Meyers,Jakobi,Meyers,,,,Thumb,,Limited Participation in Practice
2026,REG,REG,JAX,1,00-0036655,T,Cole Van Lanen,Cole,Van Lanen,,,,Knee,,Limited Participation in Practice
2026,REG,REG,JAX,1,00-0038934,T,Anton Harrison,Anton,Harrison,,,,Foot,,Did Not Participate In Practice
2026,REG,REG,JAX,1,00-0040238,RB,LeQuint Allen Jr.,LeQuint,Allen,Hip,,Questionable,Hip,,Limited Participation in Practice
2026,REG,REG,KC,1,00-0032762,DT,Chris Jones,Christopher,Jones,,,,Calf,,Did Not Participate In Practice
2026,REG,REG,KC,1,00-0033873,QB,Patrick Mahomes,Patrick,Mahomes,,,,Knee,,Full Participation in Practice
2026,REG,REG,KC,1,00-0036374,CB,L'Jarius Sneed,L'Jarius,Sneed,,,,Knee,,Limited Participation in Practice
2026,REG,REG,KC,1,00-0036660,G,Trey Smith,Henry,Smith,,,,Hip,,Full Participation in Practice
2026,REG,REG,KC,1,00-0037208,LB,Jack Cochrane,Jack,Cochrane,,,,Knee,,Full Participation in Practice
2026,REG,REG,KC,1,00-0038982,S,Chamarri Conner,Chamarri,Conner,Knee,,Out,Knee,,Did Not Participate In Practice
2026,REG,REG,KC,1,00-0039067,WR,Rashee Rice,Rashee,Rice,,,,Knee,,Full Participation in Practice
2026,REG,REG,KC,1,00-0039894,WR,Xavier Worthy,Xavier,Worthy,,,,Shoulder,,Full Participation in Practice
2026,REG,REG,KC,1,00-0040116,T,Josh Simmons,Josh,Simmons,Back,,Out,Back,,Did Not Participate In Practice
2026,REG,REG,KC,1,00-0040640,DE,Ashton Gillotte,Ashton,Gillotte,,,,Foot,,Full Participation in Practice
2026,REG,REG,KC,1,00-0041501,DE,R Mason Thomas,R Mason,Thomas,,,,Hamstring,,Full Participation in Practice
2026,REG,REG,LA,1,00-0031388,DE,Aaron Donald,Aaron,Donald,Not injury related - resting player,,Out,Not injury related - resting player,,Did Not Participate In Practice
2026,REG,REG,LA,1,00-0033110,TE,Tyler Higbee,Tyler,Higbee,,,,Not injury related - resting player,,Full Participation in Practice
2026,REG,REG,LA,1,00-0033868,LB,Myles Garrett,Myles,Garrett,,,,Knee,,Full Participation in Practice
2026,REG,REG,LA,1,00-0036603,T,Alaric Jackson,Alaric,Jackson,,,,Not injury related - resting player,,Full Participation in Practice
2026,REG,REG,LA,1,00-0036672,LB,Grant Stuard,Grant,Stuard,,,,Hamstring,,Full Participation in Practice
2026,REG,REG,LA,1,00-0037195,CB,Jaylen Watson,Jaylen,Watson,,,,Toe,,Full Participation in Practice
2026,REG,REG,LA,1,00-0039137,LB,Byron Young,Byron,Young,,,,Not injury related - resting player,,Full Participation in Practice
2026,REG,REG,LAC,1,00-0031040,DE,Khalil Mack,Khalil,Mack,,,,Not injury related - resting player,,Full Participation in Practice
2026,REG,REG,LAC,1,00-0037320,CB,Deane Leonard,Deane,Leonard,Abdomen,,Out,Abdomen,,Did Not Participate In Practice
2026,REG,REG,LAC,1,00-0038454,RB,Keaton Mitchell,Keaton,Mitchell,,,,Hamstring,,Full Participation in Practice
2026,REG,REG,LAC,1,00-0039111,DE,Tuli Tuipulotu,Tuli,Tuipulotu,Hip,,Questionable,Hip,,Limited Participation in Practice
2026,REG,REG,LAC,1,00-0040221,S,R.J. Mickens,R.J.,Mickens,,,,Ankle,,Full Participation in Practice
2026,REG,REG,LAC,1,00-0041550,WR,Brenen Thompson,Brenen,Thompson,,,,Hip,,Full Participation in Practice
2026,REG,REG,LV,1,00-0039338,TE,Brock Bowers,Brock,Bowers,Knee,,Out,Knee,,Did Not Participate In Practice
2026,REG,REG,LV,1,00-0040122,RB,Ashton Jeanty,Ashton,Jeanty,,,,Ankle,,Full Participation in Practice
2026,REG,REG,MIA,1,00-0034779,LB,Ronnie Harrison,Ronnie,Harrison,,,,Hamstring,,Full Participation in Practice
2026,REG,REG,MIA,1,00-0040182,S,Dante Trader Jr.,Dante,Trader,,,,Hamstring,,Full Participation in Practice
2026,REG,REG,MIA,1,00-0041524,TE,Will Kacmarek,Will,Kacmarek,,,,Calf,,Full Participation in Practice
2026,REG,REG,MIA,1,00-0041579,TE,Seydou Traore,Seydou,Traore,,,,Thumb,Achilles,Full Participation in Practice
2026,REG,REG,MIN,1,00-0029606,S,Harrison Smith,Harrison,Smith,,,,Not injury related - resting player,,Limited Participation in Practice
2026,REG,REG,MIN,1,00-0036616,T,Christian Darrisaw,Christian,Darrisaw,,,,Not injury related - resting player,,Did Not Participate In Practice
2026,REG,REG,MIN,1,00-0041053,T,Caleb Tiernan,Caleb,Tiernan,,,,Ankle,,Full Participation in Practice
2026,REG,REG,MIN,1,00-0041054,S,Jakobe Thomas,Jakobe,Thomas,,,,Illness,,Full Participation in Practice
2026,REG,REG,MIN,1,00-0041354,S,Jacob Thomas,Jacob,Thomas,,,,Ankle,,Full Participation in Practice
2026,REG,REG,NE,1,00-0036981,DT,Christian Barmore,Christian,Barmore,,,,Knee,,Full Participation in Practice
2026,REG,REG,NE,1,00-0037413,C,Ben Brown,Timothy,Brown,Knee,,Out,Knee,,Did Not Participate In Practice
2026,REG,REG,NE,1,00-0040734,RB,TreVeyon Henderson,TreVeyon,Henderson,Ankle,,Out,Ankle,,Did Not Participate In Practice
2026,REG,REG,NO,1,00-0027962,LB,Cameron Jordan,Cameron,Jordan,Hamstring,,Out,Hamstring,,Limited Participation in Practice
2026,REG,REG,NO,1,00-0033860,DT,Davon Godchaux,Davon,Godchaux,,,,Not injury related - resting player,,Full Participation in Practice
2026,REG,REG,NO,1,00-0033906,RB,Alvin Kamara,Alvin,Kamara,Knee,,Questionable,Knee,,Full Participation in Practice
2026,REG,REG,NO,1,00-0039373,RB,Audric Estimé,Audric,Estime,Thigh,,Out,Thigh,,Did Not Participate In Practice
2026,REG,REG,NO,1,00-0041041,TE,Oscar Delp,Oscar,Delp,Hamstring,,Out,Hamstring,,Did Not Participate In Practice
2026,REG,REG,NYG,1,00-0031270,DT,Shelby Harris,Shelby,Harris,,,,Achilles,,Full Participation in Practice
2026,REG,REG,NYG,1,00-0033376,FB,Patrick Ricard,Patrick,Ricard,,,,Toe,,Full Participation in Practice
2026,REG,REG,NYG,1,00-0036386,T,Andrew Thomas,Andrew,Thomas,,,,Knee,,Full Participation in Practice
2026,REG,REG,NYG,1,00-0039337,WR,Malik Nabers,Malik,Nabers,Knee,,Questionable,Knee,,Full Participation in Practice
2026,REG,REG,NYG,1,00-0039446,C,Bryan Hudson,Bryan,Hudson,,,,Knee,,Full Participation in Practice
2026,REG,REG,NYG,1,00-0039847,TE,Theo Johnson,Theodore,Johnson,,,,Shoulder,,Full Participation in Practice
2026,REG,REG,NYJ,1,00-0033375,WR,Tim Patrick,Timothy,Patrick,Groin,,Out,Groin,,Did Not Participate In Practice
2026,REG,REG,NYJ,1,00-0036842,RB,Kene Nwangwu,Kene,Nwangwu,Back,,Doubtful,Back,,Did Not Participate In Practice
2026,REG,REG,NYJ,1,00-0036902,DE,Joseph Ossai,Joseph,Ossai,Foot,,Out,Foot,,Did Not Participate In Practice
2026,REG,REG,NYJ,1,00-0038120,RB,Breece Hall,Breece,Hall,,,,Groin,,Full Participation in Practice
2026,REG,REG,NYJ,1,00-0039798,RB,Isaiah Davis,Isaiah,Davis,,,,Knee,,Full Participation in Practice
2026,REG,REG,NYJ,1,00-0041032,TE,Kenyon Sadiq,Kenyon,Sadiq,,,,Groin,,Full Participation in Practice
2026,REG,REG,NYJ,1,00-0041038,CB,D'Angelo Ponds,D'Angelo,Ponds,Calf,,Doubtful,Calf,,Limited Participation in Practice
2026,REG,REG,PHI,1,00-0036224,LB,Jonathan Greenard,Jonathan,Greenard,Pectoral,,Out,Pectoral,,Limited Participation in Practice
2026,REG,REG,PHI,1,00-0041483,TE,Eli Stowers,Eli,Stowers,Hamstring,Quadricep,Out,Hamstring,,Limited Participation in Practice
2026,REG,REG,PIT,1,00-0039167,CB,Joey Porter Jr.,Joey,Porter,Back,,Questionable,Back,,Limited Participation in Practice
2026,REG,REG,SEA,1,00-0036363,T,Josh Jones,Josh,Jones,,,,Knee,,Limited Participation in Practice
2026,REG,REG,SEA,1,00-0038765,S,Ty Okada,Tyler,Okada,Hamstring,,Out,Hamstring,,Did Not Participate In Practice
2026,REG,REG,SEA,1,00-0038797,RB,Emanuel Wilson,Emanuel,Wilson,,,,Hamstring,,Full Participation in Practice
2026,REG,REG,SEA,1,00-0039020,G,Anthony Bradford,Anthony,Bradford,,,,Knee,,Full Participation in Practice
2026,REG,REG,SEA,1,00-0039793,TE,AJ Barner,AJ,Barner,,,,Oblique,,Full Participation in Practice
2026,REG,REG,SEA,1,00-0040648,WR,Tory Horton,Tory,Horton,Hamstring,,Questionable,Hamstring,,Limited Participation in Practice
2026,REG,REG,SEA,1,00-0040733,S,Nick Emmanwori,Nicholas,Emmanwori,Ankle,,Questionable,Ankle,,Limited Participation in Practice
2026,REG,REG,SEA,1,00-0040873,CB,Julian Neal,Julian,Neal,,,,Quadricep,,Full Participation in Practice
2026,REG,REG,SF,1,00-0029892,FB,Kyle Juszczyk,Kyle,Juszczyk,,,,Finger,,Limited Participation in Practice
2026,REG,REG,SF,1,00-0033288,TE,George Kittle,George,Kittle,,,,Achilles,,Limited Participation in Practice
2026,REG,REG,SF,1,00-0034982,LB,Dre Greenlaw,Keaundre,Greenlaw,,,,Achilles,,Full Participation in Practice
2026,REG,REG,SF,1,00-0035413,LB,Luke Gifford,Luke,Gifford,,,,Hamstring,,Full Participation in Practice
2026,REG,REG,SF,1,00-0035717,DE,Nick Bosa,Nicholas,Bosa,,,,Knee,,Limited Participation in Practice
2026,REG,REG,SF,1,00-0039345,CB,Renardo Green,Renardo,Green,,,,Hamstring,,Full Participation in Practice
2026,REG,REG,SF,1,00-0040152,CB,Upton Stout,Upton,Stout,,,,Achilles,,Full Participation in Practice
2026,REG,REG,SF,1,00-0040721,DT,Alfred Collins,Alfred,Collins,Knee,,Out,Knee,,Did Not Participate In Practice
2026,REG,REG,SF,1,00-0041363,DT,James Thompson Jr.,James,Thompson,Hamstring,,Questionable,Hamstring,,Limited Participation in Practice
2026,REG,REG,SF,1,00-0041556,DE,Romello Height,Romello,Height,,,,Ankle,,Full Participation in Practice
2026,REG,REG,SF,1,00-0041557,DT,Gracen Halton,Gracen,Halton,,,,Ankle,,Full Participation in Practice
2026,REG,REG,TB,1,00-0034989,T,Justin Skule,Justin,Skule,Oblique,,Doubtful,Oblique,,Limited Participation in Practice
2026,REG,REG,TB,1,00-0035942,LB,Christian Rozeboom,Christian,Rozeboom,Foot,,Questionable,Foot,,Limited Participation in Practice
2026,REG,REG,TB,1,00-0038951,RB,Sean Tucker,Sean,Tucker,Hamstring,,Doubtful,Hamstring,,Limited Participation in Practice
2026,REG,REG,TB,1,00-0039855,WR,Jalen McMillan,Jalen,McMillan,Knee,,Doubtful,Knee,,Limited Participation in Practice
2026,REG,REG,TB,1,00-0040129,WR,Emeka Egbuka,Emeka,Egbuka,,,,Toe,,Full Participation in Practice
2026,REG,REG,TB,1,00-0041031,LB,Rueben Bain Jr.,Rueben,Bain,,,,Shoulder,,Full Participation in Practice
2026,REG,REG,TB,1,00-0041082,G,Billy Schrauth,William,Schrauth,,,,Knee,,Full Participation in Practice
2026,REG,REG,TEN,1,00-0039858,LB,Cedric Gray,Cedric,Gray,Concussion,,Out,Concussion,,Did Not Participate In Practice
2026,REG,REG,TEN,1,00-0041508,DE,Keldric Faulk,Keldric,Faulk,,,,Shoulder,,Full Participation in Practice
2026,REG,REG,WAS,1,00-0032268,QB,Marcus Mariota,Marcus,Mariota,,,,Knee,,Full Participation in Practice
2026,REG,REG,WAS,1,00-0034333,DT,Daron Payne,Daron,Payne,,,,Knee,,Limited Participation in Practice
2026,REG,REG,WAS,1,00-0035149,C,Nick Allegretti,Nick,Allegretti,,,,Calf,,Full Participation in Practice
2026,REG,REG,WAS,1,00-0035279,DE,Charles Omenihu,Charles,Omenihu,,,,Wrist,,Full Participation in Practice
2026,REG,REG,WAS,1,00-0036260,DT,Javon Kinlaw,Javon,Kinlaw,,,,Back,,Full Participation in Practice
2026,REG,REG,WAS,1,00-0036286,LB,K'Lavon Chaisson,K'Lavon,Chaisson,,,,Knee,,Limited Participation in Practice
2026,REG,REG,WAS,1,00-0036940,LB,Odafe Oweh,Odafe,Oweh,,,,Calf,,Limited Participation in Practice
2026,REG,REG,WAS,1,00-0039368,LB,Jordan Magee,Jordan,Magee,,,,Chest,,Full Participation in Practice
2026,REG,REG,WAS,1,00-0039912,TE,Ben Sinnott,Ben,Sinnott,,,,Oblique,,Full Participation in Practice
2026,REG,REG,WAS,1,00-0040242,RB,Jacory Croskey-Merritt,Jacory,Croskey-Merritt,,,,Groin,,Limited Participation in Practice
2026,REG,REG,ARI,2,00-0032954,G,Isaac Seumalo,Isaac,Seumalo,Shoulder,,Questionable,Shoulder,,Limited Participation in Practice
2026,REG,REG,ARI,2,00-0033066,DT,Andrew Billings,Andrew,Billings,Knee,,Questionable,Knee,,Limited Participation in Practice
2026,REG,REG,ARI,2,00-0033890,S,Budda Baker,Bishard,Baker,,,,Not injury related - resting player,,Full Participation in Practice
2026,REG,REG,ARI,2,00-0034381,LB,Josh Sweat,Josh,Sweat,,,,Not injury related - resting player,,Full Participation in Practice
2026,REG,REG,ARI,2,00-0036568,DT,Roy Lopez,Roy,Lopez,Groin,,Questionable,Groin,,Limited Participation in Practice
2026,REG,REG,ARI,2,00-0037596,LB,Jack Gibbens,Jack,Gibbens,,,,Shoulder,,Full Participation in Practice
2026,REG,REG,ARI,2,00-0037744,TE,Trey McBride,Trey,McBride,,,,Not injury related - resting player,Back,Full Participation in Practice
2026,REG,REG,ARI,2,00-0039007,CB,Garrett Williams,Garrett,Williams,Achilles,,Out,Achilles,,Limited Participation in Practice
2026,REG,REG,ARI,2,00-0039807,CB,Max Melton,Malachi,Melton,Ankle,,Questionable,Ankle,,Limited Participation in Practice
2026,REG,REG,ARI,2,00-0039808,G,Isaiah Adams,Isaiah,Adams,Knee,,Questionable,Knee,,Limited Participation in Practice
2026,REG,REG,ARI,2,00-0039864,S,Dadrion Taylor-Demerson,Dadrion,Taylor-Demerson,Ribs,,Questionable,Ribs,,Limited Participation in Practice
2026,REG,REG,ARI,2,00-0040645,LB,Cody Simon,Cody,Simon,,,,Shoulder,,Full Participation in Practice
2026,REG,REG,ATL,2,00-0031279,T,Jake Matthews,Jacob,Matthews,,,,Not injury related - resting player,,Did Not Participate In Practice
2026,REG,REG,ATL,2,00-0031576,DE,Za'Darius Smith,Za'Darius,Smith,,,,Not injury related - resting player,,Did Not Participate In Practice
2026,REG,REG,ATL,2,00-0033662,QB,Cooper Rush,Cooper,Rush,,,,Back,,Full Participation in Practice
2026,REG,REG,ATL,2,00-0035237,T,Jawaan Taylor,Jawaan,Taylor,,,,Knee,,Full Participation in Practice
2026,REG,REG,ATL,2,00-0035630,G,Chris Lindstrom,Christopher,Lindstrom,Concussion,,Questionable,Concussion,,Full Participation in Practice
2026,REG,REG,ATL,2,00-0036212,QB,Tua Tagovailoa,Tuanigamanuolepola,Tagovailoa,Oblique,,Doubtful,Oblique,,Did Not Participate In Practice
2026,REG,REG,ATL,2,00-0036285,CB,A.J. Terrell,Aundell,Terrell,Shoulder,,Questionable,Shoulder,,Did Not Participate In Practice
2026,REG,REG,ATL,2,00-0036833,C,Ryan Neuzil,Ryan,Neuzil,,,,Illness,,Did Not Participate In Practice
2026,REG,REG,ATL,2,00-0039917,QB,Michael Penix Jr.,Michael,Penix,Knee,,Out,Knee,,Full Participation in Practice
2026,REG,REG,ATL,2,00-0040156,CB,Billy Bowman Jr.,Billy,Bowman,Achilles,,Out,Achilles,,Full Participation in Practice
2026,REG,REG,ATL,2,00-0041066,LB,Kendal Daniels,Kendal,Daniels,,,,Achilles,,Full Participation in Practice
2026,REG,REG,BAL,2,00-0026190,DT,Calais Campbell,Calais,Campbell,,,,Not injury related - resting player,,Full Participation in Practice
2026,REG,REG,BAL,2,00-0032965,T,Ronnie Stanley,Ronnie,Stanley,Toe,,Questionable,Toe,,Limited Participation in Practice
2026,REG,REG,BAL,2,00-0033935,LB,Trey Hendrickson,Collins,Hendrickson,Finger,,Questionable,Finger,,Limited Participation in Practice
2026,REG,REG,BAL,2,00-0036130,DT,Nnamdi Madubuike,Justin,Madubuike,Neck,,Out,Neck,,Limited Participation in Practice
2026,REG,REG,BAL,2,00-0036302,S,Jaylinn Hawkins,Jaylinn,Hawkins,,,,Chest,,Full Participation in Practice
2026,REG,REG,BAL,2,00-0036369,G,John Simpson,John,Simpson,Groin,,Questionable,Groin,,Limited Participation in Practice
2026,REG,REG,BAL,2,00-0039064,WR,Zay Flowers,Xavien,Flowers,Hamstring,,Doubtful,Hamstring,,Limited Participation in Practice
2026,REG,REG,BAL,2,00-0039234,CB,T.J. Tampa,Marques,Tampa,Knee,,Out,Knee,,Did Not Participate In Practice
2026,REG,REG,BAL,2,00-0039792,WR,Devontez Walker,Devontez,Walker,,,,Groin,,Full Participation in Practice
2026,REG,REG,BAL,2,00-0040069,LB,Teddye Buchanan,Teddye,Buchanan,Knee,,Out,Knee,,Limited Participation in Practice
2026,REG,REG,BAL,2,00-0040104,S,Keondre Jackson,Keondre,Jackson,,,,Shoulder,,Full Participation in Practice
2026,REG,REG,BUF,2,00-0034832,LB,Bradley Chubb,Bradley,Chubb,,,,Thumb,,Full Participation in Practice
2026,REG,REG,BUF,2,00-0035537,RB,Ty Johnson,Ty,Johnson,Hamstring,,Questionable,Hamstring,,Limited Participation in Practice
2026,REG,REG,BUF,2,00-0037254,LB,Terrel Bernard,Terrel,Bernard,,,,Calf,,Limited Participation in Practice
2026,REG,REG,BUF,2,00-0039872,S,Cole Bishop,Cole,Bishop,Knee,Groin,Questionable,Knee,Groin,Limited Participation in Practice
2026,REG,REG,BUF,2,00-0040192,CB,Jordan Hancock,Jordan,Hancock,,,,Quadricep,,Full Participation in Practice
2026,REG,REG,BUF,2,00-0040724,DE,T.J. Sanders,Tanaeri,Sanders,Knee,Illness,Questionable,Knee,Illness,Limited Participation in Practice
2026,REG,REG,CAR,2,00-0031610,TE,Darren Waller,Darren,Waller,,,,Not injury related - resting player,,Full Participation in Practice
2026,REG,REG,CAR,2,00-0036903,DT,Bobby Brown III,Bobby,Brown,Back,,Out,Back,,Did Not Participate In Practice
2026,REG,REG,CAR,2,00-0037007,LB,Patrick Jones II,Patrick,Jones,Back,,Questionable,Back,,Limited Participation in Practice
2026,REG,REG,CAR,2,00-0039491,WR,Jalen Coker,Jalen,Coker,,,,Ankle,,Full Participation in Practice
2026,REG,REG,CHI,2,00-0031583,DT,Grady Jarrett,Grady,Jarrett,,,,Not injury related - resting player,,Full Participation in Practice
2026,REG,REG,CHI,2,00-0032391,G,Joe Thuney,Joseph,Thuney,,,,Not injury related - resting player,,Full Participation in Practice
2026,REG,REG,CHI,2,00-0033579,S,Xavier Woods,Xavier,Woods,,,,Groin,,Full Participation in Practice
2026,REG,REG,CHI,2,00-0036275,RB,D'Andre Swift,D'Andre,Swift,,,,Ankle,Knee,Full Participation in Practice
2026,REG,REG,CHI,2,00-0036366,DT,Neville Gallimore,Neville,Gallimore,,,,Illness,,Full Participation in Practice
2026,REG,REG,CHI,2,00-0036480,DE,Dayo Odeyingbo,Temidayo,Odeyingbo,,,,Shoulder,,Full Participation in Practice
2026,REG,REG,CHI,2,00-0038932,T,Darnell Wright,Darnell,Wright,,,,Knee,,Full Participation in Practice
2026,REG,REG,CHI,2,00-0040236,RB,Kyle Monangai,Kyle,Monangai,,,,Hamstring,,Full Participation in Practice
2026,REG,REG,CHI,2,00-0040740,T,Ozzy Trapilo,Ozzy,Trapilo,,,,Knee,,Full Participation in Practice
2026,REG,REG,CHI,2,00-0041060,CB,Malik Muhammad,Malik,Muhammad,,,,Ankle,,Full Participation in Practice
2026,REG,REG,CIN,2,00-0033523,DT,Jonathan Allen,Jonathan,Allen,,,,Not injury related - resting player,,Full Participation in Practice
2026,REG,REG,CIN,2,00-0033526,RB,Samaje Perine,Samaje,Perine,,,,Illness,,Did Not Participate In Practice
2026,REG,REG,CIN,2,00-0034800,DT,B.J. Hill,Bobby,Hill,Achilles,,Questionable,Not injury related - resting player,Achilles,Did Not Participate In Practice
2026,REG,REG,CIN,2,00-0035683,DT,Dexter Lawrence,Dexter,Lawrence,,,,Not injury related - resting player,,Did Not Participate In Practice
2026,REG,REG,CIN,2,00-0036442,QB,Joe Burrow,Joseph,Burrow,Back,,Questionable,Back,,Full Participation in Practice
2026,REG,REG,CIN,2,00-0037743,CB,Daxton Hill,Daxton,Hill,,,,Hand,,Full Participation in Practice
2026,REG,REG,CIN,2,00-0040756,DE,Shemar Stewart,Shemar,Stewart,,,,Knee,,Full Participation in Practice
2026,REG,REG,CLE,2,00-0033131,DT,Maliek Collins,Maliek,Collins,,,,Quadricep,,Limited Participation in Practice
2026,REG,REG,CLE,2,00-0035526,C,Elgton Jenkins,Elgton,Jenkins,,,,Back,,Full Participation in Practice
2026,REG,REG,CLE,2,00-0036287,CB,Noah Igbinoghene,Noah,Igbinoghene,Hand,,Questionable,,,
2026,REG,REG,CLE,2,00-0036407,WR,Jerry Jeudy,Jerry,Jeudy,,,,Wrist,,Full Participation in Practice
2026,REG,REG,CLE,2,00-0036953,G,Teven Jenkins,Teven,Jenkins,Back,,Out,Back,,Did Not Participate In Practice
2026,REG,REG,CLE,2,00-0036974,CB,Tyson Campbell,Tyson,Campbell,Ankle,,Questionable,Ankle,,Limited Participation in Practice
2026,REG,REG,CLE,2,00-0037818,G,Zion Johnson,Zion,Johnson,,,,Knee,,Full Participation in Practice
2026,REG,REG,CLE,2,00-0039014,T,Dawand Jones,Dawand,Jones,,,,Head,,Full Participation in Practice
2026,REG,REG,CLE,2,00-0041073,C,Parker Brailsford,Parker,Brailsford,,,,Thumb,,Full Participation in Practice
2026,REG,REG,DAL,2,00-0033877,S,Malik Hooker,Malik,Hooker,Forearm,,Out,Forearm,,Did Not Participate In Practice
2026,REG,REG,DAL,2,00-0037310,LB,James Houston,James,Houston,,,,Shoulder,,Full Participation in Practice
2026,REG,REG,DAL,2,00-0038556,LB,DeMarvion Overshown,DeMarvion,Overshown,Hamstring,,Out,Hamstring,,Did Not Participate In Practice
2026,REG,REG,DAL,2,00-0040017,T,Ajani Cornelius,Ajani,Cornelius,,,,Knee,,Full Participation in Practice
2026,REG,REG,DEN,2,00-0038976,WR,Marvin Mims Jr.,Marvin,Mims,Foot,,Out,Foot,,Did Not Participate In Practice
2026,REG,REG,DEN,2,00-0039809,LB,Jonah Elliss,Jonah,Elliss,,,,Shoulder,,Full Participation in Practice
2026,REG,REG,DEN,2,00-0039868,WR,Troy Franklin,Troy,Franklin,,,,Knee,,Full Participation in Practice
2026,REG,REG,DEN,2,00-0040730,RB,RJ Harvey,Robert,Harvey,Hamstring,,Questionable,Hamstring,,Limited Participation in Practice
2026,REG,REG,DET,2,00-0034384,CB,D.J. Reed,Dennis,Reed,Foot,,Questionable,Foot,,Limited Participation in Practice
2026,REG,REG,DET,2,00-0038820,S,Christian Izien,Christian,Izien,,,,Groin,,Full Participation in Practice
2026,REG,REG,DET,2,00-0038936,G,Juice Scruggs,Frederick,Scruggs,,,,Knee,,Full Participation in Practice
2026,REG,REG,DET,2,00-0039408,G,Christian Mahogany,Christian,Mahogany,Hip,,Out,Hip,,Did Not Participate In Practice
2026,REG,REG,DET,2,00-0041439,T,Blake Miller,Blake,Miller,Knee,,Out,Knee,,Did Not Participate In Practice
2026,REG,REG,GB,2,00-0033109,DT,Javon Hargrave,Javon,Hargrave,Knee,Concussion,Doubtful,Knee,Concussion,Did Not Participate In Practice
2026,REG,REG,GB,2,00-0036551,G,Aaron Banks,Aaron,Banks,Knee,,Questionable,Knee,,Limited Participation in Practice
2026,REG,REG,GB,2,00-0036625,CB,Benjamin St-Juste,Benjamin,St-Juste,Hamstring,,Questionable,Hamstring,,Limited Participation in Practice
2026,REG,REG,GB,2,00-0037075,DT,Devonte Wyatt,Devonte,Wyatt,,,,Ankle,,Limited Participation in Practice
2026,REG,REG,GB,2,00-0037817,T,Zach Bako-Bewele,Zach,Bako-Bewele,Knee,,Questionable,Knee,,Limited Participation in Practice
2026,REG,REG,GB,2,00-0039112,LB,Lukas Van Ness,Lukas,Van Ness,Concussion,,Questionable,Concussion,,Limited Participation in Practice
2026,REG,REG,GB,2,00-0039812,LB,Ty'Ron Hopper,Ty'Ron,Hopper,,,,Achilles,,Limited Participation in Practice
2026,REG,REG,GB,2,00-0040010,LB,Barryn Sorrell,Barryn,Sorrell,,,,Foot,,Limited Participation in Practice
2026,REG,REG,GB,2,00-0040016,DT,Warren Brinson,Warren,Brinson,Calf,,Out,Calf,,Did Not Participate In Practice
2026,REG,REG,GB,2,00-0041470,CB,Brandon Cisse,Brandon,Cisse,,,,Cramps,,Full Participation in Practice
2026,REG,REG,HOU,2,00-0031364,DE,Jadeveon Clowney,Jadeveon,Clowney,Knee,,Out,Knee,,Did Not Participate In Practice
2026,REG,REG,HOU,2,00-0032071,T,Trent Brown,Trenton,Brown,,,,Hand,Wrist,Full Participation in Practice
2026,REG,REG,HOU,2,00-0034383,TE,Dalton Schultz,Dalton,Schultz,,,,Not injury related - resting player,,Did Not Participate In Practice
2026,REG,REG,HOU,2,00-0036554,WR,Nico Collins,Nico,Collins,Hamstring,,Out,Hamstring,,Did Not Participate In Practice
2026,REG,REG,HOU,2,00-0037633,LB,Jacob Hummel,Jacob,Hummel,Groin,,Out,Groin,,Did Not Participate In Practice
2026,REG,REG,HOU,2,00-0038127,DE,Logan Hall,Logan,Hall,,,,Not injury related - resting player,,Did Not Participate In Practice
2026,REG,REG,HOU,2,00-0038131,G,Ed Ingram,Edward,Ingram,Groin,,Out,Groin,,Did Not Participate In Practice
2026,REG,REG,HOU,2,00-0039108,DE,Will Anderson Jr.,William,Anderson,,,,Not injury related - resting player,,Limited Participation in Practice
2026,REG,REG,HOU,2,00-0041465,LB,Wade Woodaz,Wade,Woodaz,,,,Thumb,,Full Participation in Practice
2026,REG,REG,IND,2,00-0030279,WR,Keenan Allen,Keenan,Allen,,,,Not injury related - resting player,,Full Participation in Practice
2026,REG,REG,IND,2,00-0032378,DT,DeForest Buckner,DeForest,Buckner,,,,Ankle,Not injury related - resting player,Did Not Participate In Practice
2026,REG,REG,IND,2,00-0033952,DT,Grover Stewart,Grover,Stewart,,,,Not injury related - personal matter,,Full Participation in Practice
2026,REG,REG,IND,2,00-0034573,CB,Charvarius Ward,Charvarius,Ward,,,,Not injury related - resting player,,Did Not Participate In Practice
2026,REG,REG,IND,2,00-0035021,WR,Ashton Dulin,Ashton,Dulin,Ankle,,Out,Ankle,,Did Not Participate In Practice
2026,REG,REG,IND,2,00-0036298,LB,Akeem Davis-Gaither,Akeem,Davis-Gaither,,,,Knee,,Full Participation in Practice
2026,REG,REG,IND,2,00-0037190,CB,Sauce Gardner,Ahmad,Gardner,,,,Rib,,Full Participation in Practice
2026,REG,REG,IND,2,00-0037664,WR,Alec Pierce,Alec,Pierce,,,,Heel,,Full Participation in Practice
2026,REG,REG,IND,2,00-0039164,QB,Anthony Richardson,Anthony,Richardson,,,,Groin,,Full Participation in Practice
2026,REG,REG,IND,2,00-0039178,LB,Austin Ajiake,Austin,Ajiake,,,,Hamstring,,Full Participation in Practice
2026,REG,REG,IND,2,00-0040179,RB,DJ Giddens,DJ,Giddens,Knee,,Questionable,Knee,,Full Participation in Practice
2026,REG,REG,JAX,2,00-0034413,LB,Foyesade Oluokun,Foyesade,Oluokun,,,,Wrist,,Full Participation in Practice
2026,REG,REG,JAX,2,00-0034960,WR,Jakobi Meyers,Jakobi,Meyers,,,,Thumb,,Limited Participation in Practice
2026,REG,REG,JAX,2,00-0036655,T,Cole Van Lanen,Cole,Van Lanen,,,,Knee,,Full Participation in Practice
2026,REG,REG,JAX,2,00-0038616,CB,Christian Braswell,Christian,Braswell,,,,Knee,,Full Participation in Practice
2026,REG,REG,JAX,2,00-0039893,WR,Brian Thomas Jr.,Brian,Thomas,,,,Shoulder,,Limited Participation in Practice
2026,REG,REG,JAX,2,00-0040238,RB,LeQuint Allen Jr.,LeQuint,Allen,,,,Hip,,Limited Participation in Practice
2026,REG,REG,KC,2,00-0032762,DT,Chris Jones,Christopher,Jones,Calf,,Questionable,Calf,,Limited Participation in Practice
2026,REG,REG,KC,2,00-0033873,QB,Patrick Mahomes,Patrick,Mahomes,,,,Knee,,Full Participation in Practice
2026,REG,REG,KC,2,00-0036374,CB,L'Jarius Sneed,L'Jarius,Sneed,,,,Knee,,Full Participation in Practice
2026,REG,REG,KC,2,00-0038982,S,Chamarri Conner,Chamarri,Conner,Knee,,Out,Knee,,Did Not Participate In Practice
2026,REG,REG,KC,2,00-0039067,WR,Rashee Rice,Rashee,Rice,,,,Knee,,Full Participation in Practice
2026,REG,REG,KC,2,00-0040116,T,Josh Simmons,Josh,Simmons,Back,,Out,Back,,Did Not Participate In Practice
2026,REG,REG,KC,2,00-0040640,DE,Ashton Gillotte,Ashton,Gillotte,,,,Foot,,Full Participation in Practice
2026,REG,REG,KC,2,00-0041501,DE,R Mason Thomas,R Mason,Thomas,,,,Hamstring,,Full Participation in Practice
2026,REG,REG,KC,2,00-0041543,CB,Mansoor Delane,Mansoor,Delane,Shoulder,,Questionable,Shoulder,,Limited Participation in Practice
2026,REG,REG,LA,2,00-0031381,WR,Davante Adams,Davante,Adams,,,,Not injury related - resting player,,Full Participation in Practice
2026,REG,REG,LA,2,00-0031388,DT,Aaron Donald,Aaron,Donald,,,,Not injury related - resting player,,Did Not Participate In Practice
2026,REG,REG,LA,2,00-0033110,TE,Tyler Higbee,Tyler,Higbee,,,,Not injury related - resting player,,Did Not Participate In Practice
2026,REG,REG,LA,2,00-0036349,S,Kam Curl,Kamren,Curl,,,,Ankle,,Limited Participation in Practice
2026,REG,REG,LA,2,00-0036603,T,Alaric Jackson,Alaric,Jackson,,,,Not injury related - resting player,,Did Not Participate In Practice
2026,REG,REG,LA,2,00-0037587,LB,Nate Landman,Nate,Landman,,,,Shoulder,,Limited Participation in Practice
2026,REG,REG,LA,2,00-0039075,WR,Puka Nacua,Puka,Nacua,Hip,,Questionable,Hip,,Did Not Participate In Practice
2026,REG,REG,LA,2,00-0039137,LB,Byron Young,Byron,Young,,,,Not injury related - resting player,,Did Not Participate In Practice
2026,REG,REG,LA,2,00-0039751,WR,Jordan Whittington,Jordan,Whittington,Quadricep,,Doubtful,Quadricep,,Did Not Participate In Practice
2026,REG,REG,LA,2,00-0039774,LB,Omar Speights,Omar,Speights,,,,Hip,,Full Participation in Practice
2026,REG,REG,LA,2,00-0039834,S,Kamren Kinchens,Kamren,Kinchens,Hamstring,,Out,Hamstring,,Did Not Participate In Practice
2026,REG,REG,LAC,2,00-0031040,DE,Khalil Mack,Khalil,Mack,,,,Not injury related - resting player,,Full Participation in Practice
2026,REG,REG,LAC,2,00-0032146,DE,Bud Dupree,Alvin,Dupree,,,,Not injury related - resting player,,Full Participation in Practice
2026,REG,REG,LAC,2,00-0033546,DT,Dalvin Tomlinson,Dalvin,Tomlinson,,,,Hamstring,Not injury related - resting player,Full Participation in Practice
2026,REG,REG,LAC,2,00-0035688,T,Trey Pipkins,Trey,Pipkins,Knee,,Out,Knee,,Did Not Participate In Practice
2026,REG,REG,LAC,2,00-0036181,DT,Teair Tart,Teair,Tart,,,,Ankle,,Full Participation in Practice
2026,REG,REG,LAC,2,00-0036992,S,Elijah Molden,Elijah,Molden,Hamstring,,Out,Hamstring,,Did Not Participate In Practice
2026,REG,REG,LAC,2,00-0037320,CB,Deane Leonard,Deane,Leonard,Abdomen,,Questionable,Abdomen,,Limited Participation in Practice
2026,REG,REG,LAC,2,00-0038573,WR,Derius Davis,Derius,Davis,,,,Calf,,Full Participation in Practice
2026,REG,REG,LAC,2,00-0039915,WR,Ladd McConkey,Andrew,McConkey,Rib,,Questionable,Rib,,Limited Participation in Practice
2026,REG,REG,LAC,2,00-0041544,DE,Akheem Mesidor,Akheem,Mesidor,,,,Calf,,Full Participation in Practice
2026,REG,REG,LV,2,00-0038579,QB,Aidan O'Connell,Aidan,O'Connell,Not injury related - personal matter,,Questionable,Not injury related - personal matter,,Did Not Participate In Practice
2026,REG,REG,LV,2,00-0039338,TE,Brock Bowers,Brock,Bowers,Knee,,Doubtful,Knee,,Limited Participation in Practice
2026,REG,REG,LV,2,00-0040122,RB,Ashton Jeanty,Ashton,Jeanty,,,,Ankle,,Full Participation in Practice
2026,REG,REG,LV,2,00-0040641,CB,Darien Porter,Darien,Porter,Foot,,Out,Foot,,Did Not Participate In Practice
2026,REG,REG,MIA,2,00-0034779,LB,Ronnie Harrison,Ronnie,Harrison,Hamstring,,Out,Hamstring,,Did Not Participate In Practice
2026,REG,REG,MIA,2,00-0037686,LS,Tucker Addington,Tucker,Addington,Shoulder,,Questionable,Shoulder,,Limited Participation in Practice
2026,REG,REG,MIA,2,00-0038128,QB,Malik Willis,Malik,Willis,,,,Toe,,Full Participation in Practice
2026,REG,REG,MIA,2,00-0039911,LB,Chop Robinson,Demeioun,Robinson,Concussion,,Out,Concussion,,Did Not Participate In Practice
2026,REG,REG,MIA,2,00-0040182,S,Dante Trader Jr.,Dante,Trader,,,,Hamstring,,Full Participation in Practice
2026,REG,REG,MIA,2,00-0041579,TE,Seydou Traore,Seydou,Traore,,,,Thumb,Achilles,Limited Participation in Practice
2026,REG,REG,MIN,2,00-0029606,S,Harrison Smith,Harrison,Smith,,,,Not injury related - resting player,,Limited Participation in Practice
2026,REG,REG,MIN,2,00-0034158,T,Brian O'Neill,Brian,O'Neill,Knee,,Questionable,Knee,,Limited Participation in Practice
2026,REG,REG,MIN,2,00-0035228,QB,Kyler Murray,Kyler,Murray,Concussion,,Out,Concussion,,Limited Participation in Practice
2026,REG,REG,MIN,2,00-0035272,LB,Andrew Van Ginkel,Andrew,Van Ginkel,,,,Chest,,Full Participation in Practice
2026,REG,REG,MIN,2,00-0035276,LB,Blake Cashman,Blake,Cashman,,,,Wrist,,Full Participation in Practice
2026,REG,REG,MIN,2,00-0036259,WR,Jauan Jennings,Bennie,Jennings,Not injury related - personal matter,,Out,Not injury related - personal matter,,Did Not Participate In Practice
2026,REG,REG,MIN,2,00-0036616,T,Christian Darrisaw,Christian,Darrisaw,,,,Not injury related - resting player,,Did Not Participate In Practice
2026,REG,REG,NE,2,00-0034720,LB,Robert Spillane,Robert,Spillane,,,,Knee,,Full Participation in Practice
2026,REG,REG,NE,2,00-0034778,CB,Carlton Davis III,Carlton,Davis,Neck,,Out,Neck,,Did Not Participate In Practice
2026,REG,REG,NE,2,00-0035678,LB,Dre'Mont Jones,Dre'Mont,Jones,Foot,,Questionable,Foot,,Limited Participation in Practice
2026,REG,REG,NE,2,00-0037413,C,Ben Brown,Timothy,Brown,Knee,,Questionable,Knee,,Limited Participation in Practice
2026,REG,REG,NE,2,00-0040734,RB,TreVeyon Henderson,TreVeyon,Henderson,,,,Ankle,,Full Participation in Practice
2026,REG,REG,NE,2,00-0041103,T,Dametrious Crownover,Dametrious,Crownover,Knee,,Out,Knee,,Did Not Participate In Practice
2026,REG,REG,NO,2,00-0027962,LB,Cameron Jordan,Cameron,Jordan,,,,Hamstring,,Full Participation in Practice
2026,REG,REG,NO,2,00-0033063,LS,Zach Wood,Zachary,Wood,Calf,,Out,Calf,,Did Not Participate In Practice
2026,REG,REG,NO,2,00-0033860,DT,Davon Godchaux,Davon,Godchaux,,,,Not injury related - resting player,,Full Participation in Practice
2026,REG,REG,NO,2,00-0033906,RB,Alvin Kamara,Alvin,Kamara,,,,Knee,,Full Participation in Practice
2026,REG,REG,NO,2,00-0036040,TE,Juwan Johnson,Juwan,Johnson,,,,Illness,,Full Participation in Practice
2026,REG,REG,NO,2,00-0036321,LB,Chase Young,Chase,Young,Calf,,Questionable,Calf,,Limited Participation in Practice
2026,REG,REG,NO,2,00-0037239,WR,Chris Olave,Chris,Olave,Hamstring,,Questionable,Hamstring,,Limited Participation in Practice
2026,REG,REG,NO,2,00-0039622,LB,Isaiah Stalbird,Isaiah,Stalbird,Shoulder,,Doubtful,Shoulder,,Did Not Participate In Practice
2026,REG,REG,NO,2,00-0041041,TE,Oscar Delp,Oscar,Delp,,,,Hamstring,,Full Participation in Practice
2026,REG,REG,NO,2,00-0041390,DT,Christen Miller,Christen,Miller,Toe,,Questionable,Toe,,Limited Participation in Practice
2026,REG,REG,NYG,2,00-0036386,T,Andrew Thomas,Andrew,Thomas,,,,Ankle,,Limited Participation in Practice
2026,REG,REG,NYG,2,00-0036937,CB,Paulson Adebo,Saiid,Adebo,,,,Knee,,Did Not Participate In Practice
2026,REG,REG,NYG,2,00-0036982,DE,Chauncey Golston,Chauncey,Golston,,,,Neck,,Full Participation in Practice
2026,REG,REG,NYG,2,00-0036996,CB,Greg Newsome II,Greg,Newsome,,,,Rib,,Full Participation in Practice
2026,REG,REG,NYG,2,00-0037259,LB,Micah McFadden,Micah,McFadden,Neck,,Questionable,Neck,,Limited Participation in Practice
2026,REG,REG,NYG,2,00-0039000,CB,Deonte Banks,Deonte,Banks,Calf,,Questionable,Calf,,Did Not Participate In Practice
2026,REG,REG,NYG,2,00-0041505,T,Francis Mauigoa,Francis,Mauigoa,,,,Shoulder,,Full Participation in Practice
2026,REG,REG,NYJ,2,00-0033051,DT,David Onyemata,Ebuka,Onyemata,,,,Not injury related - resting player,,Full Participation in Practice
2026,REG,REG,NYJ,2,00-0034789,S,Minkah Fitzpatrick,Minkah,Fitzpatrick,Groin,,Out,Groin,,Did Not Participate In Practice
2026,REG,REG,NYJ,2,00-0036500,LB,Jamien Sherwood,Jamien,Sherwood,,,,Knee,,Full Participation in Practice
2026,REG,REG,NYJ,2,00-0036842,RB,Kene Nwangwu,Kene,Nwangwu,Back,,Out,Back,,Did Not Participate In Practice
2026,REG,REG,NYJ,2,00-0036902,DE,Joseph Ossai,Joseph,Ossai,Foot,,Out,Foot,,Did Not Participate In Practice
2026,REG,REG,NYJ,2,00-0039142,DE,Will McDonald IV,Will,McDonald,Ankle,,Questionable,Ankle,,Limited Participation in Practice
2026,REG,REG,NYJ,2,00-0039372,CB,Jarvis Brownlee Jr.,Jarvis,Brownlee,,,,Shoulder,,Full Participation in Practice
2026,REG,REG,NYJ,2,00-0041038,CB,D'Angelo Ponds,D'Angelo,Ponds,,,,Calf,,Full Participation in Practice
2026,REG,REG,NYJ,2,00-0041511,WR,Omar Cooper Jr.,Omar,Cooper,Ankle,,Out,Ankle,,Did Not Participate In Practice
2026,REG,REG,PHI,2,00-0035662,WR,Marquise Brown,Marquise,Brown,,,,Hamstring,,Full Participation in Practice
2026,REG,REG,PHI,2,00-0036224,LB,Jonathan Greenard,Jonathan,Greenard,Pectoral,,Out,Pectoral,,Limited Participation in Practice
2026,REG,REG,PHI,2,00-0036980,WR,Elijah Moore,Elijah,Moore,,,,Neck,,Full Participation in Practice
2026,REG,REG,PHI,2,00-0038386,DT,Jalen Carter,Jalen,Carter,,,,Wrist,,Limited Participation in Practice
2026,REG,REG,PHI,2,00-0039841,CB,Cooper DeJean,Cooper,DeJean,,,,Calf,Abdomen,Full Participation in Practice
2026,REG,REG,PHI,2,00-0040749,S,Andrew Mukuba,Andrew,Mukuba,Knee,,Questionable,Knee,,Limited Participation in Practice
2026,REG,REG,PIT,2,00-0027969,DT,Cameron Heyward,Cameron,Heyward,,,,Not injury related - resting player,,Full Participation in Practice
2026,REG,REG,PIT,2,00-0036252,WR,Michael Pittman,Michael,Pittman,Foot,,Questionable,Foot,,Did Not Participate In Practice
2026,REG,REG,PIT,2,00-0038558,TE,Darnell Washington,Darnell,Washington,,,,Not injury related - personal matter,,Full Participation in Practice
2026,REG,REG,PIT,2,00-0039167,CB,Joey Porter Jr.,Joey,Porter,Back,,Out,Back,,Limited Participation in Practice
2026,REG,REG,PIT,2,00-0039871,T,Troy Fautanu,Troy,Fautanu,Ankle,,Questionable,Ankle,,Full Participation in Practice
2026,REG,REG,SEA,2,00-0033908,WR,Cooper Kupp,Cooper,Kupp,,,,Back,,Full Participation in Practice
2026,REG,REG,SEA,2,00-0034869,QB,Sam Darnold,Sam,Darnold,Glute,,Out,Glute,,Did Not Participate In Practice
2026,REG,REG,SEA,2,00-0036363,T,Josh Jones,Josh,Jones,,,,Knee,,Full Participation in Practice
2026,REG,REG,SEA,2,00-0037137,CB,Josh Jobe,Joshua,Jobe,,,,Wrist,,Full Participation in Practice
2026,REG,REG,SEA,2,00-0038765,S,Ty Okada,Tyler,Okada,Hamstring,,Out,Hamstring,,Did Not Participate In Practice
2026,REG,REG,SEA,2,00-0039020,G,Anthony Bradford,Anthony,Bradford,Knee,Hip,Out,Knee,Hip,Did Not Participate In Practice
2026,REG,REG,SEA,2,00-0040648,WR,Tory Horton,Tory,Horton,,,,Hamstring,,Full Participation in Practice
2026,REG,REG,SEA,2,00-0040733,S,Nick Emmanwori,Nicholas,Emmanwori,Ankle,Hip,Questionable,Ankle,Hip,Limited Participation in Practice
2026,REG,REG,SF,2,00-0027857,T,Trent Williams,Trenton,Williams,,,,Not injury related - resting player,,Full Participation in Practice
2026,REG,REG,SF,2,00-0029892,FB,Kyle Juszczyk,Kyle,Juszczyk,,,,Finger,,Full Participation in Practice
2026,REG,REG,SF,2,00-0033280,RB,Christian McCaffrey,Christian,McCaffrey,,,,Not injury related - resting player,,Full Participation in Practice
2026,REG,REG,SF,2,00-0033288,TE,George Kittle,George,Kittle,,,,Achilles,,Full Participation in Practice
2026,REG,REG,SF,2,00-0034173,K,Eddy Pineiro,Eddy,Pineiro,Illness,,Questionable,Illness,,Did Not Participate In Practice
2026,REG,REG,SF,2,00-0034982,LB,Dre Greenlaw,Keaundre,Greenlaw,,,,Not injury related - resting player,Achilles,Full Participation in Practice
2026,REG,REG,SF,2,00-0035717,DE,Nick Bosa,Nicholas,Bosa,,,,Not injury related - resting player,Knee,Full Participation in Practice
2026,REG,REG,SF,2,00-0036341,DE,Khalid Kareem,Khalid,Kareem,,,,Shoulder,,Full Participation in Practice
2026,REG,REG,SF,2,00-0039148,DE,Keion White,Keion,White,,,,Back,,Full Participation in Practice
2026,REG,REG,SF,2,00-0040152,CB,Upton Stout,Upton,Stout,,,,Achilles,,Full Participation in Practice
2026,REG,REG,SF,2,00-0041035,WR,De'Zhaun Stribling,De'Zhaun-Ryan,Stribling,Ankle,,Out,Ankle,,Did Not Participate In Practice
2026,REG,REG,SF,2,00-0041052,RB,Kaelon Black,Kaelon,Black,Groin,,Questionable,Groin,,Limited Participation in Practice
2026,REG,REG,TB,2,00-0032399,S,Miles Killebrew,Miles,Killebrew,Concussion,,Questionable,Concussion,,Full Participation in Practice
2026,REG,REG,TB,2,00-0032889,DT,A'Shawn Robinson,A'Shawn,Robinson,,,,Not injury related - resting player,,Did Not Participate In Practice
2026,REG,REG,TB,2,00-0034989,T,Justin Skule,Justin,Skule,,,,Oblique,,Full Participation in Practice
2026,REG,REG,TB,2,00-0035942,LB,Christian Rozeboom,Christian,Rozeboom,,,,Foot,,Full Participation in Practice
2026,REG,REG,TB,2,00-0038951,RB,Sean Tucker,Sean,Tucker,,,,Hamstring,,Full Participation in Practice
2026,REG,REG,TB,2,00-0039855,WR,Jalen McMillan,Jalen,McMillan,Knee,,Questionable,Knee,,Full Participation in Practice
2026,REG,REG,TB,2,00-0040143,CB,Jacob Parrish,Jacob,Parrish,Back,,Questionable,Back,,Full Participation in Practice
2026,REG,REG,TEN,2,00-0037758,CB,Cordale Flott,Cordale,Flott,Quadricep,,Questionable,Quadricep,,Did Not Participate In Practice
2026,REG,REG,TEN,2,00-0039430,LB,James Williams,James,Williams,Elbow,,Questionable,Elbow,,Limited Participation in Practice
2026,REG,REG,TEN,2,00-0039858,LB,Cedric Gray,Cedric,Gray,Concussion,,Questionable,Concussion,,Full Participation in Practice
2026,REG,REG,WAS,2,00-0034302,LB,Frankie Luvu,Frank,Luvu,Groin,,Out,Groin,,Did Not Participate In Practice
2026,REG,REG,WAS,2,00-0034333,DT,Daron Payne,Daron,Payne,,,,Knee,,Full Participation in Practice
2026,REG,REG,WAS,2,00-0034373,LB,Dorance Armstrong,Dorance,Armstrong,,,,Knee,,Limited Participation in Practice
2026,REG,REG,WAS,2,00-0035279,DE,Charles Omenihu,Charles,Omenihu,,,,Ankle,,Limited Participation in Practice
2026,REG,REG,WAS,2,00-0036260,DT,Javon Kinlaw,Javon,Kinlaw,Back,,Questionable,Back,,Limited Participation in Practice
2026,REG,REG,WAS,2,00-0036286,LB,K'Lavon Chaisson,K'Lavon,Chaisson,,,,Knee,,Limited Participation in Practice
2026,REG,REG,WAS,2,00-0036940,LB,Odafe Oweh,Odafe,Oweh,,,,Calf,,Limited Participation in Practice
2026,REG,REG,WAS,2,00-0037092,G,Chris Paul,Chris,Paul,,,,Ankle,,Full Participation in Practice
2026,REG,REG,WAS,2,00-0037809,TE,Chig Okonkwo,Chigoziem,Okonkwo,Hamstring,,Out,Hamstring,,Did Not Participate In Practice
2026,REG,REG,WAS,2,00-0039681,S,Tyler Owens,Tyler,Owens,,,,Ankle,,Full Participation in Practice
2026,REG,REG,WAS,2,00-0040164,WR,Jaylin Lane,Joshua,Lane,,,,Groin,,Limited Participation in Practice
2026,REG,REG,WAS,2,00-0041096,RB,Kaytron Allen,Kaytron,Allen,,,,Ankle,Knee,Full Participation in Practice
2026,REG,REG,ARI,3,00-0032954,G,Isaac Seumalo,Isaac,Seumalo,,,,Not injury related - resting player,,Full Participation in Practice
2026,REG,REG,ARI,3,00-0033119,QB,Jacoby Brissett,Jacoby,Brissett,,,,Hip,,Full Participation in Practice
2026,REG,REG,ARI,3,00-0034381,LB,Josh Sweat,Josh,Sweat,,,,Not injury related - resting player,,Full Participation in Practice
2026,REG,REG,ARI,3,00-0035144,LB,Mack Wilson,Lyndell,Wilson,,,,Not injury related - resting player,Thumb,Full Participation in Practice
2026,REG,REG,ARI,3,00-0035258,C,Hjalte Froholdt,Hjalte,Froholdt,,,,Knee,,Full Participation in Practice
2026,REG,REG,ARI,3,00-0036568,DT,Roy Lopez,Roy,Lopez,Groin,,Questionable,Groin,,Limited Participation in Practice
2026,REG,REG,ARI,3,00-0039007,CB,Garrett Williams,Garrett,Williams,,,,Achilles,,Full Participation in Practice
2026,REG,REG,ARI,3,00-0039807,CB,Max Melton,Malachi,Melton,Toe,,Questionable,Toe,,Limited Participation in Practice
2026,REG,REG,ARI,3,00-0039864,S,Dadrion Taylor-Demerson,Dadrion,Taylor-Demerson,Back,,Out,Back,,Did Not Participate In Practice
2026,REG,REG,ATL,3,00-0033945,DE,Samson Ebukam,Nnamaka,Ebukam,Hamstring,,Out,Hamstring,,Did Not Participate In Practice
2026,REG,REG,ATL,3,00-0035237,T,Jawaan Taylor,Jawaan,Taylor,,,,Rib,,Full Participation in Practice
2026,REG,REG,ATL,3,00-0036204,DT,LaCale London,LaCale,London,,,,Hip,,Full Participation in Practice
2026,REG,REG,ATL,3,00-0036212,QB,Tua Tagovailoa,Tuanigamanuolepola,Tagovailoa,,,,Oblique,,Full Participation in Practice
2026,REG,REG,ATL,3,00-0036285,CB,A.J. Terrell,Aundell,Terrell,,,,Groin,,Did Not Participate In Practice
2026,REG,REG,ATL,3,00-0037317,TE,Nick Muse,Nicholas,Muse,,,,Shoulder,,Full Participation in Practice
2026,REG,REG,ATL,3,00-0037746,RB,Brian Robinson,Brian,Robinson,,,,Ankle,,Full Participation in Practice
2026,REG,REG,ATL,3,00-0039859,DT,Brandon Dorlus,Brandon,Dorlus,,,,Thumb,,Full Participation in Practice
2026,REG,REG,ATL,3,00-0039917,QB,Michael Penix Jr.,Michael,Penix,,,,Knee,,Full Participation in Practice
2026,REG,REG,ATL,3,00-0040156,CB,Billy Bowman Jr.,Billy,Bowman,Achilles,,Questionable,Achilles,,Full Participation in Practice
2026,REG,REG,BAL,3,00-0026190,DT,Calais Campbell,Calais,Campbell,,,,Not injury related - resting player,,Full Participation in Practice
2026,REG,REG,BAL,3,00-0032398,WR,Chris Moore,Christopher,Moore,,,,Ankle,,Full Participation in Practice
2026,REG,REG,BAL,3,00-0032965,T,Ronnie Stanley,Ronnie,Stanley,Toe,,Out,Toe,,Did Not Participate In Practice
2026,REG,REG,BAL,3,00-0033935,LB,Trey Hendrickson,Collins,Hendrickson,,,,Finger,,Full Participation in Practice
2026,REG,REG,BAL,3,00-0036130,DT,Nnamdi Madubuike,Justin,Madubuike,,,,Neck,,Full Participation in Practice
2026,REG,REG,BAL,3,00-0036369,G,John Simpson,John,Simpson,,,,Groin,,Full Participation in Practice
2026,REG,REG,BAL,3,00-0039064,WR,Zay Flowers,Xavien,Flowers,Hamstring,,Questionable,Hamstring,,Limited Participation in Practice
2026,REG,REG,BAL,3,00-0040069,LB,Teddye Buchanan,Teddye,Buchanan,,,,Knee,,Full Participation in Practice
2026,REG,REG,BAL,3,00-0040688,S,Malaki Starks,William,Starks,,,,Hamstring,,Full Participation in Practice
2026,REG,REG,BAL,3,00-0041494,LB,Zion Young,Zion,Young,,,,Quadricep,,Full Participation in Practice
2026,REG,REG,BUF,3,00-0034827,WR,DJ Moore,Denniston,Moore,Shoulder,,Questionable,Shoulder,,Limited Participation in Practice
2026,REG,REG,BUF,3,00-0034832,LB,Bradley Chubb,Bradley,Chubb,,,,Thumb,,Full Participation in Practice
2026,REG,REG,BUF,3,00-0035230,DT,Ed Oliver,Edward,Oliver,Hip,,Questionable,Hip,,Full Participation in Practice
2026,REG,REG,BUF,3,00-0035537,RB,Ty Johnson,Ty,Johnson,,,,Hamstring,,Full Participation in Practice
2026,REG,REG,BUF,3,00-0037254,LB,Terrel Bernard,Terrel,Bernard,,,,Knee,Not injury related - resting player,Did Not Participate In Practice
2026,REG,REG,BUF,3,00-0039763,LB,Joe Andreessen,Joe,Andreessen,,,,Knee,,Full Participation in Practice
2026,REG,REG,BUF,3,00-0039901,WR,Keon Coleman,Keon,Coleman,Ankle,,Questionable,Ankle,,Limited Participation in Practice
2026,REG,REG,BUF,3,00-0040192,CB,Jordan Hancock,Jordan,Hancock,Hamstring,,Out,Hamstring,,Did Not Participate In Practice
2026,REG,REG,BUF,3,00-0040724,DE,T.J. Sanders,Tanaeri,Sanders,Illness,,Out,Illness,,Did Not Participate In Practice
2026,REG,REG,BUF,3,00-0041128,G,Ar'maj Reed-Adams,Ar'maj,Reed-Adams,Elbow,,Questionable,Elbow,,Limited Participation in Practice
2026,REG,REG,CAR,3,00-0031610,TE,Darren Waller,Darren,Waller,,,,Not injury related - resting player,,Full Participation in Practice
2026,REG,REG,CAR,3,00-0035669,S,Nick Scott,Nicholas,Scott,Rib,,Out,Rib,,Did Not Participate In Practice
2026,REG,REG,CAR,3,00-0036903,DT,Bobby Brown III,Bobby,Brown,,,,Back,,Full Participation in Practice
2026,REG,REG,CAR,3,00-0036934,LB,Jaelan Phillips,Jaelan,Phillips,,,,Back,,Full Participation in Practice
2026,REG,REG,CAR,3,00-0037007,LB,Patrick Jones II,Patrick,Jones,,,,Back,,Full Participation in Practice
2026,REG,REG,CAR,3,00-0037244,LB,Devin Lloyd,Devin,Lloyd,Calf,,Out,Calf,,Did Not Participate In Practice
2026,REG,REG,CAR,3,00-0038493,LB,Claudin Cherelus,Claudin,Cherelus,Shoulder,,Out,Shoulder,,Did Not Participate In Practice
2026,REG,REG,CAR,3,00-0039342,WR,Xavier Legette,Anthony,Legette,Knee,,Questionable,Knee,,Limited Participation in Practice
2026,REG,REG,CAR,3,00-0039491,WR,Jalen Coker,Jalen,Coker,Ankle,,Questionable,Ankle,,Limited Participation in Practice
2026,REG,REG,CHI,3,00-0031203,K,Cairo Santos,Cairo,Santos,,,,Hip,,Full Participation in Practice
2026,REG,REG,CHI,3,00-0031583,DT,Grady Jarrett,Grady,Jarrett,,,,Not injury related - resting player,,Full Participation in Practice
2026,REG,REG,CHI,3,00-0032391,G,Joe Thuney,Joseph,Thuney,,,,Not injury related - resting player,,Full Participation in Practice
2026,REG,REG,CHI,3,00-0038390,LB,Noah Sewell,Noah,Sewell,Achilles,,Out,Achilles,,Limited Participation in Practice
2026,REG,REG,CHI,3,00-0038416,QB,Tyson Bagent,Tyson,Bagent,Concussion,,Questionable,Concussion,,Full Participation in Practice
2026,REG,REG,CHI,3,00-0039071,CB,Tyrique Stevenson,Tyrique,Stevenson,,,,Hamstring,,Full Participation in Practice
2026,REG,REG,CHI,3,00-0039918,QB,Caleb Williams,Caleb,Williams,Hamstring,,Out,Hamstring,,Did Not Participate In Practice
2026,REG,REG,CHI,3,00-0040236,RB,Kyle Monangai,Kyle,Monangai,,,,Knee,,Full Participation in Practice
2026,REG,REG,CHI,3,00-0040741,DE,Shemar Turner,Shemar,Turner,Knee,,Out,Knee,,Limited Participation in Practice
2026,REG,REG,CIN,3,00-0033523,DT,Jonathan Allen,Jonathan,Allen,,,,Not injury related - resting player,Knee,Full Participation in Practice
2026,REG,REG,CIN,3,00-0034800,DT,B.J. Hill,Bobby,Hill,Achilles,,Doubtful,Achilles,,Did Not Participate In Practice
2026,REG,REG,CIN,3,00-0035683,DT,Dexter Lawrence,Dexter,Lawrence,,,,Not injury related - resting player,,Did Not Participate In Practice
2026,REG,REG,CIN,3,00-0038619,WR,Andrei Iosivas,Andrei,Iosivas,Thumb,,Out,Thumb,,Did Not Participate In Practice
2026,REG,REG,CLE,3,00-0035234,T,Tytus Howard,Tytus,Howard,,,,Knee,,Full Participation in Practice
2026,REG,REG,CLE,3,00-0035680,LB,Quincy Williams,Quincy,Williams,,,,Knee,,Full Participation in Practice
2026,REG,REG,CLE,3,00-0036282,S,Grant Delpit,Grant,Delpit,Shoulder,,Questionable,Shoulder,,Limited Participation in Practice
2026,REG,REG,CLE,3,00-0036953,G,Teven Jenkins,Teven,Jenkins,Back,,Out,Back,,Did Not Participate In Practice
2026,REG,REG,CLE,3,00-0036974,CB,Tyson Campbell,Tyson,Campbell,Ankle,Not injury related - other,Questionable,Ankle,Not injury related - other,Limited Participation in Practice
2026,REG,REG,CLE,3,00-0040685,DT,Mason Graham,Mason,Graham,,,,Groin,,Full Participation in Practice
2026,REG,REG,CLE,3,00-0040784,RB,Quinshon Judkins,Quinshon,Judkins,,,,Not injury related - personal matter,,Full Participation in Practice
2026,REG,REG,DAL,3,00-0033877,S,Malik Hooker,Malik,Hooker,Forearm,,Out,Forearm,,Did Not Participate In Practice
2026,REG,REG,DAL,3,00-0035227,S,P.J. Locke,James,Locke,Foot,,Out,Foot,,Did Not Participate In Practice
2026,REG,REG,DAL,3,00-0037310,LB,James Houston,James,Houston,,,,Shoulder,,Full Participation in Practice
2026,REG,REG,DAL,3,00-0037839,CB,Cobie Durant,Decobie,Durant,Hamstring,,Out,Hamstring,,Did Not Participate In Practice
2026,REG,REG,DAL,3,00-0038556,LB,DeMarvion Overshown,DeMarvion,Overshown,Hamstring,,Out,Hamstring,,Did Not Participate In Practice
2026,REG,REG,DEN,3,00-0036158,RB,J.K. Dobbins,J.K.,Dobbins,,,,Hip,,Full Participation in Practice
2026,REG,REG,DEN,3,00-0038976,WR,Marvin Mims Jr.,Marvin,Mims,Foot,,Questionable,Foot,,Limited Participation in Practice
2026,REG,REG,DEN,3,00-0040730,RB,RJ Harvey,Robert,Harvey,,,,Hamstring,,Full Participation in Practice
2026,REG,REG,DEN,3,00-0041496,RB,Jonah Coleman,Jonah,Coleman,Ankle,,Out,Ankle,,Did Not Participate In Practice
2026,REG,REG,DET,3,00-0036272,G,Ben Bartch,Ben,Bartch,Foot,,Out,Foot,,Did Not Participate In Practice
2026,REG,REG,DET,3,00-0036624,DT,Alim McNeill,Alim,McNeill,,,,Not injury related - personal matter,,Full Participation in Practice
2026,REG,REG,DET,3,00-0039408,G,Christian Mahogany,Christian,Mahogany,,,,Hip,,Full Participation in Practice
2026,REG,REG,DET,3,00-0039445,LS,Hogan Hatten,Hogan,Hatten,,,,Wrist,,Full Participation in Practice
2026,REG,REG,DET,3,00-0039660,S,Thomas Harper,Thomas,Harper,Ankle,,Out,Ankle,,Did Not Participate In Practice
2026,REG,REG,DET,3,00-0040728,G,Tate Ratledge,Tate,Ratledge,,,,Elbow,,Full Participation in Practice
2026,REG,REG,DET,3,00-0040761,DE,Ahmed Hassanein,Ahmed,Hassanein,,,,Illness,,Full Participation in Practice
2026,REG,REG,DET,3,00-0041439,T,Blake Miller,Blake,Miller,,,,Knee,,Full Participation in Practice
2026,REG,REG,GB,3,00-0033109,DT,Javon Hargrave,Javon,Hargrave,Knee,Concussion,Questionable,Knee,Concussion,Limited Participation in Practice
2026,REG,REG,GB,3,00-0036551,G,Aaron Banks,Aaron,Banks,Knee,Toe,Out,Knee,Toe,Did Not Participate In Practice
2026,REG,REG,GB,3,00-0036625,CB,Benjamin St-Juste,Benjamin,St-Juste,,,,Hamstring,,Full Participation in Practice
2026,REG,REG,GB,3,00-0037091,WR,Bo Melton,Miles,Melton,,,,Neck,,Full Participation in Practice
2026,REG,REG,GB,3,00-0037817,T,Zach Bako-Bewele,Zach,Bako-Bewele,Knee,,Out,Knee,,Did Not Participate In Practice
2026,REG,REG,GB,3,00-0039146,WR,Jayden Reed,Jayden,Reed,Neck,,Out,Neck,,Did Not Participate In Practice
2026,REG,REG,GB,3,00-0039272,G,Donovan Jennings,Donovan,Jennings,,,,Hand,,Limited Participation in Practice
2026,REG,REG,GB,3,00-0039850,LB,Edgerrin Cooper,Edgerrin,Cooper,,,,Shoulder,,Limited Participation in Practice
2026,REG,REG,GB,3,00-0040016,DT,Warren Brinson,Warren,Brinson,Calf,,Out,Calf,,Did Not Participate In Practice
2026,REG,REG,GB,3,00-0040689,DT,Anthony Campbell,Anthony,Campbell,Ankle,,Questionable,Ankle,,Limited Participation in Practice
2026,REG,REG,GB,3,00-0040726,T,Anthony Belton,Anthony,Belton,,,,Elbow,,Full Participation in Practice
2026,REG,REG,GB,3,00-0041470,CB,Brandon Cisse,Brandon,Cisse,,,,Teeth,,Full Participation in Practice
2026,REG,REG,HOU,3,00-0031364,DE,Jadeveon Clowney,Jadeveon,Clowney,Knee,,Out,Knee,,Did Not Participate In Practice
2026,REG,REG,HOU,3,00-0032071,T,Trent Brown,Trenton,Brown,Knee,Wrist,Questionable,Knee,Wrist,Full Participation in Practice
2026,REG,REG,HOU,3,00-0034355,S,M.J. Stewart,Marvin,Stewart,Knee,,Out,Knee,,Limited Participation in Practice
2026,REG,REG,HOU,3,00-0034383,TE,Dalton Schultz,Dalton,Schultz,,,,Not injury related - resting player,,Did Not Participate In Practice
2026,REG,REG,HOU,3,00-0036554,WR,Nico Collins,Nico,Collins,Hamstring,,Out,Hamstring,,Did Not Participate In Practice
2026,REG,REG,HOU,3,00-0037130,S,Reed Blankenship,Reed,Blankenship,,,,Thumb,,Full Participation in Practice
2026,REG,REG,HOU,3,00-0037633,LB,Jacob Hummel,Jacob,Hummel,Groin,,Out,Groin,,Did Not Participate In Practice
2026,REG,REG,HOU,3,00-0038127,DE,Logan Hall,Logan,Hall,,,,Knee,,Did Not Participate In Practice
2026,REG,REG,HOU,3,00-0038131,G,Ed Ingram,Edward,Ingram,Groin,,Out,Groin,,Did Not Participate In Practice
2026,REG,REG,HOU,3,00-0039108,DE,Will Anderson Jr.,William,Anderson,,,,Not injury related - resting player,,Limited Participation in Practice
2026,REG,REG,HOU,3,00-0041465,LB,Wade Woodaz,Wade,Woodaz,,,,Thumb,,Full Participation in Practice
2026,REG,REG,IND,3,00-0030279,WR,Keenan Allen,Keenan,Allen,,,,Not injury related - resting player,,Full Participation in Practice
2026,REG,REG,IND,3,00-0032378,DT,DeForest Buckner,DeForest,Buckner,,,,Not injury related - resting player,,Did Not Participate In Practice
2026,REG,REG,IND,3,00-0032951,WR,Laquon Treadwell,Laquon,Treadwell,,,,Shoulder,,Full Participation in Practice
2026,REG,REG,IND,3,00-0033952,DT,Grover Stewart,Grover,Stewart,,,,Not injury related - resting player,,Full Participation in Practice
2026,REG,REG,IND,3,00-0034573,CB,Charvarius Ward,Charvarius,Ward,Groin,,Questionable,Groin,,Full Participation in Practice
2026,REG,REG,IND,3,00-0035021,WR,Ashton Dulin,Ashton,Dulin,Ankle,,Out,Ankle,,Did Not Participate In Practice
2026,REG,REG,IND,3,00-0036223,RB,Jonathan Taylor,Jonathan,Taylor,,,,Not injury related - resting player,,Full Participation in Practice
2026,REG,REG,IND,3,00-0037190,CB,Sauce Gardner,Ahmad,Gardner,,,,Rib,,Full Participation in Practice
2026,REG,REG,IND,3,00-0037664,WR,Alec Pierce,Alec,Pierce,Heel,,Out,Heel,,Did Not Participate In Practice
2026,REG,REG,IND,3,00-0039736,G,Matt Goncalves,Matthew,Goncalves,,,,Foot,,Full Participation in Practice
2026,REG,REG,JAX,3,00-0034960,WR,Jakobi Meyers,Jakobi,Meyers,,,,Thumb,,Full Participation in Practice
2026,REG,REG,JAX,3,00-0036262,DT,DaVon Hamilton,DaVon,Hamilton,,,,Back,,Limited Participation in Practice
2026,REG,REG,JAX,3,00-0036655,T,Cole Van Lanen,Cole,Van Lanen,,,,Knee,,Full Participation in Practice
2026,REG,REG,JAX,3,00-0036985,C,Robert Hainsey,Robert,Hainsey,,,,Elbow,Groin,Full Participation in Practice
2026,REG,REG,JAX,3,00-0038616,CB,Christian Braswell,Christian,Braswell,,,,Knee,,Full Participation in Practice
2026,REG,REG,JAX,3,00-0040238,RB,LeQuint Allen Jr.,LeQuint,Allen,,,,Hip,,Limited Participation in Practice
2026,REG,REG,JAX,3,00-0040326,LB,Branson Combs,Branson,Combs,,,,Not injury related - personal matter,,Full Participation in Practice
2026,REG,REG,JAX,3,00-0041045,DT,Albert Regis,Albert,Regis,Elbow,,Doubtful,Elbow,,Limited Participation in Practice
2026,REG,REG,KC,3,00-0032762,DT,Chris Jones,Christopher,Jones,,,,Calf,,Limited Participation in Practice
2026,REG,REG,KC,3,00-0033873,QB,Patrick Mahomes,Patrick,Mahomes,,,,Knee,,Full Participation in Practice
2026,REG,REG,KC,3,00-0036374,CB,L'Jarius Sneed,L'Jarius,Sneed,,,,Knee,,Limited Participation in Practice
2026,REG,REG,KC,3,00-0037208,LB,Jack Cochrane,Jack,Cochrane,,,,Calf,,Full Participation in Practice
2026,REG,REG,KC,3,00-0038982,S,Chamarri Conner,Chamarri,Conner,Knee,,Doubtful,Knee,,Limited Participation in Practice
2026,REG,REG,KC,3,00-0039006,DE,Felix Anudike-Uzomah,Felix,Anudike-Uzomah,,,,Quadricep,,Full Participation in Practice
2026,REG,REG,KC,3,00-0039067,WR,Rashee Rice,Rashee,Rice,,,,Knee,,Full Participation in Practice
2026,REG,REG,KC,3,00-0039825,S,Jaden Hicks,Jaden,Hicks,,,,Biceps,,Full Participation in Practice
2026,REG,REG,KC,3,00-0040072,LB,Jeffrey Bassa,Jeffrey,Bassa,,,,Shoulder,,Full Participation in Practice
2026,REG,REG,KC,3,00-0040116,T,Josh Simmons,Josh,Simmons,Back,,Out,Back,,Did Not Participate In Practice
2026,REG,REG,KC,3,00-0041497,CB,Jadon Canady,Jadon,Canady,,,,Knee,,Full Participation in Practice
2026,REG,REG,KC,3,00-0041543,CB,Mansoor Delane,Mansoor,Delane,,,,Shoulder,,Full Participation in Practice
2026,REG,REG,LA,3,00-0031388,DT,Aaron Donald,Aaron,Donald,,,,Not injury related - resting player,,Did Not Participate In Practice
2026,REG,REG,LA,3,00-0036244,TE,Colby Parkinson,Colby,Parkinson,Knee,,Questionable,Knee,,Did Not Participate In Practice
2026,REG,REG,LA,3,00-0036603,T,Alaric Jackson,Alaric,Jackson,,,,Knee,,Full Participation in Practice
2026,REG,REG,LA,3,00-0037587,LB,Nate Landman,Nate,Landman,,,,Shoulder,,Limited Participation in Practice
2026,REG,REG,LA,3,00-0037841,S,Quentin Lake,Quentin,Lake,,,,Shoulder,,Full Participation in Practice
2026,REG,REG,LA,3,00-0039075,WR,Puka Nacua,Puka,Nacua,Hip,,Doubtful,Hip,,Did Not Participate In Practice
2026,REG,REG,LA,3,00-0039137,LB,Byron Young,Byron,Young,,,,Not injury related - resting player,,Did Not Participate In Practice
2026,REG,REG,LA,3,00-0039751,WR,Jordan Whittington,Jordan,Whittington,,,,Quadricep,,Full Participation in Practice
2026,REG,REG,LA,3,00-0039834,S,Kamren Kinchens,Kamren,Kinchens,Hamstring,,Doubtful,Hamstring,,Did Not Participate In Practice
2026,REG,REG,LA,3,00-0040737,TE,Terrance Ferguson,Terrance,Ferguson,,,,Ankle,,Full Participation in Practice
2026,REG,REG,LAC,3,00-0031040,DE,Khalil Mack,Khalil,Mack,,,,Not injury related - resting player,,Full Participation in Practice
2026,REG,REG,LAC,3,00-0033546,DT,Dalvin Tomlinson,Dalvin,Tomlinson,Hamstring,,Out,Hamstring,,Did Not Participate In Practice
2026,REG,REG,LAC,3,00-0034790,S,Derwin James,Derwin,James,,,,Finger,Not injury related - resting player,Full Participation in Practice
2026,REG,REG,LAC,3,00-0035688,T,Trey Pipkins,Trey,Pipkins,Knee,,Out,Knee,,Did Not Participate In Practice
2026,REG,REG,LAC,3,00-0036736,G,Kayode Awosika,Kayode,Awosika,Fibula,,Out,Fibula,,Did Not Participate In Practice
2026,REG,REG,LAC,3,00-0036992,S,Elijah Molden,Elijah,Molden,Hamstring,,Out,Hamstring,,Did Not Participate In Practice
2026,REG,REG,LAC,3,00-0037009,T,Rashawn Slater,Rashawn,Slater,,,,Groin,,Full Participation in Practice
2026,REG,REG,LAC,3,00-0037012,QB,Trey Lance,Trey,Lance,Groin,,Questionable,Groin,,Limited Participation in Practice
2026,REG,REG,LAC,3,00-0037320,CB,Deane Leonard,Deane,Leonard,,,,Abdomen,,Full Participation in Practice
2026,REG,REG,LAC,3,00-0038046,TE,Charlie Kolar,Charlie,Kolar,Forearm,,Out,Forearm,,Did Not Participate In Practice
2026,REG,REG,LAC,3,00-0038103,G,Cole Strange,Devin,Strange,,,,Pectoral,,Full Participation in Practice
2026,REG,REG,LAC,3,00-0039111,DE,Tuli Tuipulotu,Tuli,Tuipulotu,,,,Hamstring,,Full Participation in Practice
2026,REG,REG,LAC,3,00-0039915,WR,Ladd McConkey,Andrew,McConkey,,,,Rib,,Full Participation in Practice
2026,REG,REG,LAC,3,00-0041381,CB,Rodney Shelley,Rodney,Shelley,Hamstring,,Questionable,Hamstring,,Limited Participation in Practice
2026,REG,REG,LAC,3,00-0041550,WR,Brenen Thompson,Brenen,Thompson,Quadricep,,Out,Quadricep,,Did Not Participate In Practice
2026,REG,REG,LV,3,00-0034275,DT,Foley Fatukasi,Folorunso,Fatukasi,,,,Shoulder,,Full Participation in Practice
2026,REG,REG,LV,3,00-0036479,DE,Kwity Paye,Kwity,Paye,Illness,,Questionable,Illness,,Limited Participation in Practice
2026,REG,REG,LV,3,00-0037093,WR,Dareke Young,Dareke,Young,,,,Hamstring,,Full Participation in Practice
2026,REG,REG,LV,3,00-0037527,LB,Segun Olubi,Segun,Olubi,,,,Knee,,Full Participation in Practice
2026,REG,REG,LV,3,00-0037615,LB,Nakobe Dean,Nakobe,Dean,,,,Shoulder,,Full Participation in Practice
2026,REG,REG,LV,3,00-0038579,QB,Aidan O'Connell,Aidan,O'Connell,Not injury related - personal matter,,Questionable,Not injury related - personal matter,,Did Not Participate In Practice
2026,REG,REG,LV,3,00-0039338,TE,Brock Bowers,Brock,Bowers,Knee,,Questionable,Knee,,Did Not Participate In Practice
2026,REG,REG,LV,3,00-0040199,DT,JJ Pegues,Jeremiah,Pegues,,,,Back,,Full Participation in Practice
2026,REG,REG,LV,3,00-0040641,CB,Darien Porter,Darien,Porter,,,,Foot,,Full Participation in Practice
2026,REG,REG,LV,3,00-0040868,S,Treydan Stukes,Treydan,Stukes,Concussion,,Out,Concussion,,Did Not Participate In Practice
2026,REG,REG,MIA,3,00-0037686,LS,Tucker Addington,Tucker,Addington,,,,Shoulder,,Limited Participation in Practice
2026,REG,REG,MIA,3,00-0038603,DE,Rob Beal Jr.,Robert,Beal,Hamstring,,Out,Hamstring,,Did Not Participate In Practice
2026,REG,REG,MIA,3,00-0038824,WR,Ryan Miller,Ryan,Miller,Hip,Back,Questionable,Hip,Back,Full Participation in Practice
2026,REG,REG,MIA,3,00-0039156,CB,Julius Brents,Julius,Brents,Knee,,Questionable,Knee,,Full Participation in Practice
2026,REG,REG,MIA,3,00-0039874,RB,Jaylen Wright,Jaylen,Wright,Stinger,Foot,Doubtful,Stinger,Foot,Did Not Participate In Practice
2026,REG,REG,MIA,3,00-0039911,LB,Chop Robinson,Demeioun,Robinson,,,,Concussion,,Full Participation in Practice
2026,REG,REG,MIA,3,00-0041523,WR,Caleb Douglas,Caleb,Douglas,Ankle,,Out,Ankle,,Did Not Participate In Practice
2026,REG,REG,MIA,3,00-0041525,WR,Chris Bell,Christopher,Bell,,,,Knee,,Full Participation in Practice
2026,REG,REG,MIA,3,00-0041533,CB,Chris Johnson,Anthony,Johnson,,,,Shoulder,,Full Participation in Practice
2026,REG,REG,MIA,3,00-0041579,TE,Seydou Traore,Seydou,Traore,,,,Thumb,,Full Participation in Practice
2026,REG,REG,MIN,3,00-0029606,S,Harrison Smith,Harrison,Smith,,,,Not injury related - resting player,,Limited Participation in Practice
2026,REG,REG,MIN,3,00-0033293,RB,Aaron Jones,Aaron,Jones,,,,Knee,,Full Participation in Practice
2026,REG,REG,MIN,3,00-0034158,T,Brian O'Neill,Brian,O'Neill,,,,Knee,,Full Participation in Practice
2026,REG,REG,MIN,3,00-0036425,RB,DeeJay Dallas,DeeJay,Dallas,,,,Toe,,Full Participation in Practice
2026,REG,REG,MIN,3,00-0036616,T,Christian Darrisaw,Christian,Darrisaw,,,,Not injury related - resting player,,Did Not Participate In Practice
2026,REG,REG,MIN,3,00-0038778,DE,Jalen Redmond,Jalen,Redmond,,,,Elbow,,Full Participation in Practice
2026,REG,REG,MIN,3,00-0039237,C,Nick Samac,Nick,Samac,Knee,,Out,Knee,,Did Not Participate In Practice
2026,REG,REG,MIN,3,00-0040173,DE,Tyrion Ingram-Dawkins,Tyrion,Ingram-Dawkins,,,,Oblique,,Full Participation in Practice
2026,REG,REG,MIN,3,00-0041495,LB,Jake Golday,Jake,Golday,,,,Ankle,,Full Participation in Practice
2026,REG,REG,MIN,3,00-0041581,P,Brett Thorson,Brett,Thorson,Hamstring,,Out,Hamstring,,Did Not Participate In Practice
2026,REG,REG,NE,3,00-0031054,DT,DaQuan Jones,DaQuan,Jones,,,,Not injury related - personal matter,,Full Participation in Practice
2026,REG,REG,NE,3,00-0031330,T,Morgan Moses,Morgan,Moses,,,,Foot,,Limited Participation in Practice
2026,REG,REG,NE,3,00-0034778,CB,Carlton Davis III,Carlton,Davis,,,,Neck,,Full Participation in Practice
2026,REG,REG,NE,3,00-0035678,LB,Dre'Mont Jones,Dre'Mont,Jones,Shoulder,,Out,Shoulder,,Did Not Participate In Practice
2026,REG,REG,NE,3,00-0036187,FB,Reggie Gilliam,Reggie,Gilliam,,,,Knee,,Limited Participation in Practice
2026,REG,REG,NE,3,00-0037205,S,Brenden Schooler,Brenden,Schooler,Back,,Out,Back,,Limited Participation in Practice
2026,REG,REG,NE,3,00-0040716,S,Craig Woodson,Craig,Woodson,Shoulder,,Questionable,Shoulder,,Limited Participation in Practice
2026,REG,REG,NE,3,00-0041103,T,Dametrious Crownover,Dametrious,Crownover,,,,Knee,,Full Participation in Practice
2026,REG,REG,NE,3,00-0041395,TE,Eli Raridon,Elijah,Raridon,Thigh,,Questionable,Thigh,,Did Not Participate In Practice
2026,REG,REG,NE,3,00-0041402,LB,Quintayvious Hutchins,Quintayvious,Hutchins,Knee,,Out,Knee,,Did Not Participate In Practice
2026,REG,REG,NO,3,00-0033860,DT,Davon Godchaux,Davon,Godchaux,,,,Not injury related - resting player,,Full Participation in Practice
2026,REG,REG,NO,3,00-0034760,DT,Nathan Shepherd,Nathan,Shepherd,,,,Hip,,Limited Participation in Practice
2026,REG,REG,NO,3,00-0036321,LB,Chase Young,Chase,Young,,,,Calf,,Full Participation in Practice
2026,REG,REG,NO,3,00-0036973,RB,Travis Etienne,Travis,Etienne,,,,Hamstring,,Full Participation in Practice
2026,REG,REG,NO,3,00-0037250,CB,Martin Emerson,Martin,Emerson,Shoulder,,Questionable,Shoulder,,Limited Participation in Practice
2026,REG,REG,NO,3,00-0038551,RB,Kendre Miller,Kendre,Miller,,,,Illness,,Full Participation in Practice
2026,REG,REG,NO,3,00-0039622,LB,Isaiah Stalbird,Isaiah,Stalbird,,,,Shoulder,,Full Participation in Practice
2026,REG,REG,NO,3,00-0040643,S,Jonas Sanker,Jonas,Sanker,,,,Knee,,Full Participation in Practice
2026,REG,REG,NO,3,00-0041099,WR,Barion Brown,Barion,Brown,Hamstring,,Out,Hamstring,,Did Not Participate In Practice
2026,REG,REG,NO,3,00-0041390,DT,Christen Miller,Christen,Miller,Toe,,Out,Toe,,Did Not Participate In Practice
2026,REG,REG,NYG,3,00-0031270,DT,Shelby Harris,Shelby,Harris,,,,Toe,,Full Participation in Practice
2026,REG,REG,NYG,3,00-0033290,T,Jermaine Eluemunor,Jermaine,Eluemunor,,,,Thigh,,Full Participation in Practice
2026,REG,REG,NYG,3,00-0035713,LB,Brian Burns,Brian,Burns,Ankle,,Questionable,Ankle,,Did Not Participate In Practice
2026,REG,REG,NYG,3,00-0036386,T,Andrew Thomas,Andrew,Thomas,,,,Groin,,Limited Participation in Practice
2026,REG,REG,NYG,3,00-0036996,CB,Greg Newsome II,Greg,Newsome,,,,Rib,,Full Participation in Practice
2026,REG,REG,NYG,3,00-0037259,LB,Micah McFadden,Micah,McFadden,,,,Neck,,Full Participation in Practice
2026,REG,REG,NYG,3,00-0038986,CB,Nic Jones,Nic,Jones,,,,Shoulder,,Full Participation in Practice
2026,REG,REG,NYG,3,00-0039000,CB,Deonte Banks,Deonte,Banks,Calf,,Questionable,Calf,,Limited Participation in Practice
2026,REG,REG,NYG,3,00-0039337,WR,Malik Nabers,Malik,Nabers,,,,Shoulder,,Full Participation in Practice
2026,REG,REG,NYG,3,00-0039861,S,Tyler Nubin,Tyler,Nubin,Calf,,Questionable,Calf,,Limited Participation in Practice
2026,REG,REG,NYG,3,00-0040691,QB,Jaxson Dart,Jaxson,Dart,,,,Knee,,Did Not Participate In Practice
2026,REG,REG,NYG,3,00-0041505,T,Francis Mauigoa,Francis,Mauigoa,,,,Neck,,Full Participation in Practice
2026,REG,REG,NYJ,3,00-0034789,S,Minkah Fitzpatrick,Minkah,Fitzpatrick,Groin,,Out,Groin,,Did Not Participate In Practice
2026,REG,REG,NYJ,3,00-0036842,RB,Kene Nwangwu,Kene,Nwangwu,Back,,Doubtful,Back,,Did Not Participate In Practice
2026,REG,REG,NYJ,3,00-0036902,DE,Joseph Ossai,Joseph,Ossai,Foot,,Questionable,Foot,,Full Participation in Practice
2026,REG,REG,NYJ,3,00-0039890,WR,Adonai Mitchell,Adonai,Mitchell,Finger,,Questionable,Finger,,Limited Participation in Practice
2026,REG,REG,NYJ,3,00-0040186,LB,Francisco Mauigoa,Francisco,Mauigoa,Quadricep,,Out,Quadricep,,Did Not Participate In Practice
2026,REG,REG,NYJ,3,00-0040736,TE,Mason Taylor,Mason,Taylor,Thumb,,Out,Thumb,,Did Not Participate In Practice
2026,REG,REG,NYJ,3,00-0041026,DE,David Bailey,David,Bailey,,,,Elbow,,Full Participation in Practice
2026,REG,REG,PHI,3,00-0034351,TE,Dallas Goedert,Dallas,Goedert,Knee,,Out,Knee,,Did Not Participate In Practice
2026,REG,REG,PHI,3,00-0034844,RB,Saquon Barkley,Saquon,Barkley,,,,Neck,,Full Participation in Practice
2026,REG,REG,PHI,3,00-0034951,T,Fred Johnson,Fred,Johnson,Knee,,Out,Knee,,Did Not Participate In Practice
2026,REG,REG,PHI,3,00-0035662,WR,Marquise Brown,Marquise,Brown,Ankle,,Out,Ankle,,Did Not Participate In Practice
2026,REG,REG,PHI,3,00-0036224,LB,Jonathan Greenard,Jonathan,Greenard,Pectoral,,Questionable,Pectoral,,Full Participation in Practice
2026,REG,REG,PHI,3,00-0036912,WR,DeVonta Smith,DeVonta,Smith,,,,Hamstring,,Full Participation in Practice
2026,REG,REG,PHI,3,00-0038386,DT,Jalen Carter,Jalen,Carter,,,,Wrist,,Full Participation in Practice
2026,REG,REG,PHI,3,00-0038555,RB,Tank Bigsby,Cantavious,Bigsby,,,,Abdomen,,Full Participation in Practice
2026,REG,REG,PHI,3,00-0039001,G,Tyler Steen,Tyler,Steen,,,,Shoulder,,Full Participation in Practice
2026,REG,REG,PHI,3,00-0039746,RB,Will Shipley,William,Shipley,,,,Foot,,Limited Participation in Practice
2026,REG,REG,PHI,3,00-0040749,S,Andrew Mukuba,Andrew,Mukuba,,,,Knee,,Full Participation in Practice
2026,REG,REG,PIT,3,00-0033055,CB,Jalen Ramsey,Jalen,Ramsey,,,,Not injury related - resting player,,Full Participation in Practice
2026,REG,REG,PIT,3,00-0035286,LB,Cole Holcomb,Cole,Holcomb,,,,Not injury related - personal matter,,Full Participation in Practice
2026,REG,REG,PIT,3,00-0035699,CB,Jamel Dean,Jamel,Dean,Ankle,,Questionable,Ankle,,Limited Participation in Practice
2026,REG,REG,PIT,3,00-0036139,RB,Rico Dowdle,Rico,Dowdle,Toe,,Out,Toe,,Did Not Participate In Practice
2026,REG,REG,PIT,3,00-0036252,WR,Michael Pittman,Michael,Pittman,Foot,,Questionable,Foot,,Limited Participation in Practice
2026,REG,REG,PIT,3,00-0037228,RB,Jaylen Warren,Derrell,Warren,Shoulder,,Questionable,Shoulder,,Limited Participation in Practice
2026,REG,REG,PIT,3,00-0039167,CB,Joey Porter Jr.,Joey,Porter,Not injury related - other,,Questionable,Not injury related - other,,Limited Participation in Practice
2026,REG,REG,PIT,3,00-0041396,G,Gennings Dunker,Gennings,Dunker,Knee,,Out,Knee,,Did Not Participate In Practice
2026,REG,REG,SEA,3,00-0033908,WR,Cooper Kupp,Cooper,Kupp,,,,Back,,Limited Participation in Practice
2026,REG,REG,SEA,3,00-0034869,QB,Sam Darnold,Sam,Darnold,,,,Glute,,Full Participation in Practice
2026,REG,REG,SEA,3,00-0034974,S,Julian Love,Julian,Love,Calf,,Out,Calf,,Did Not Participate In Practice
2026,REG,REG,SEA,3,00-0036994,LB,Ernest Jones,Ernest,Jones,,,,Neck,,Full Participation in Practice
2026,REG,REG,SEA,3,00-0038488,FB,Brady Russell,Brady,Russell,,,,Chest,,Full Participation in Practice
2026,REG,REG,SEA,3,00-0038694,DT,Brandon Pili,Brandon,Pili,Concussion,Neck,Questionable,Concussion,Neck,Limited Participation in Practice
2026,REG,REG,SEA,3,00-0038765,S,Ty Okada,Tyler,Okada,Hamstring,,Out,Hamstring,,Did Not Participate In Practice
2026,REG,REG,SEA,3,00-0039299,RB,George Holani,George,Holani,,,,Knee,,Full Participation in Practice
2026,REG,REG,SEA,3,00-0040733,S,Nick Emmanwori,Nicholas,Emmanwori,,,,Ankle,,Full Participation in Practice
2026,REG,REG,SEA,3,00-0041512,RB,Jadarian Price,Jadarian,Price,,,,Chest,,Full Participation in Practice
2026,REG,REG,SF,3,00-0027857,T,Trent Williams,Trenton,Williams,,,,Not injury related - resting player,,Full Participation in Practice
2026,REG,REG,SF,3,00-0031408,WR,Mike Evans,Michael,Evans,Hip,,Questionable,Hip,,Limited Participation in Practice
2026,REG,REG,SF,3,00-0032775,WR,Demarcus Robinson,Demarcus,Robinson,Ankle,,Out,Ankle,,Did Not Participate In Practice
2026,REG,REG,SF,3,00-0033280,RB,Christian McCaffrey,Christian,McCaffrey,,,,Not injury related - resting player,,Full Participation in Practice
2026,REG,REG,SF,3,00-0034982,LB,Dre Greenlaw,Keaundre,Greenlaw,,,,Not injury related - resting player,Achilles,Full Participation in Practice
2026,REG,REG,SF,3,00-0035717,DE,Nick Bosa,Nicholas,Bosa,Knee,Calf,Out,Knee,Calf,Did Not Participate In Practice
2026,REG,REG,SF,3,00-0041363,DT,James Thompson Jr.,James,Thompson,Ankle,,Out,Ankle,,Did Not Participate In Practice
2026,REG,REG,SF,3,00-0041556,DE,Romello Height,Romello,Height,Hand,,Out,Hand,,Did Not Participate In Practice
2026,REG,REG,TB,3,00-0032889,DE,A'Shawn Robinson,A'Shawn,Robinson,,,,Not injury related - resting player,,Full Participation in Practice
2026,REG,REG,TB,3,00-0034855,QB,Baker Mayfield,Baker,Mayfield,,,,Illness,,Full Participation in Practice
2026,REG,REG,TB,3,00-0035254,LB,Anthony Nelson,Anthony,Nelson,,,,Shin,,Full Participation in Practice
2026,REG,REG,TB,3,00-0039855,WR,Jalen McMillan,Jalen,McMillan,,,,Knee,,Full Participation in Practice
2026,REG,REG,TB,3,00-0040143,CB,Jacob Parrish,Jacob,Parrish,,,,Back,,Full Participation in Practice
2026,REG,REG,TB,3,00-0041031,LB,Rueben Bain Jr.,Rueben,Bain,Groin,,Out,Groin,,Did Not Participate In Practice
2026,REG,REG,TB,3,00-0041502,LB,Josiah Trotter,Josiah,Trotter,Shoulder,,Out,Shoulder,,Limited Participation in Practice
2026,REG,REG,TEN,3,00-0033870,DT,Solomon Thomas,Solomon,Thomas,,,,Knee,,Full Participation in Practice
2026,REG,REG,TEN,3,00-0035261,RB,Tony Pollard,Tony,Pollard,,,,Ankle,,Limited Participation in Practice
2026,REG,REG,TEN,3,00-0037758,CB,Cordale Flott,Cordale,Flott,Quadricep,,Questionable,Quadricep,,Limited Participation in Practice
2026,REG,REG,TEN,3,00-0038115,TE,Daniel Bellinger,Daniel,Bellinger,,,,Illness,,Limited Participation in Practice
2026,REG,REG,TEN,3,00-0039032,RB,Tyjae Spears,Tyjae,Spears,Ankle,,Questionable,Ankle,,Limited Participation in Practice
2026,REG,REG,TEN,3,00-0039430,LB,James Williams,James,Williams,,,,Elbow,,Full Participation in Practice
2026,REG,REG,TEN,3,00-0040020,CB,Micah Robinson,Micah,Robinson,,,,Groin,,Full Participation in Practice
2026,REG,REG,TEN,3,00-0040201,CB,Marcus Harris,Marcus,Harris,,,,Shoulder,,Full Participation in Practice
2026,REG,REG,TEN,3,00-0040881,G,Fernando Carmona,Fernando,Carmona,,,,Shoulder,,Full Participation in Practice
2026,REG,REG,WAS,3,00-0034302,LB,Frankie Luvu,Frank,Luvu,Groin,,Out,Groin,,Did Not Participate In Practice
2026,REG,REG,WAS,3,00-0034373,LB,Dorance Armstrong,Dorance,Armstrong,,,,Knee,,Full Participation in Practice
2026,REG,REG,WAS,3,00-0034465,S,Jeremy Reaves,Jeremy,Reaves,,,,Knee,Elbow,Full Participation in Practice
2026,REG,REG,WAS,3,00-0035279,DE,Charles Omenihu,Charles,Omenihu,,,,Ankle,,Full Participation in Practice
2026,REG,REG,WAS,3,00-0036260,DT,Javon Kinlaw,Javon,Kinlaw,,,,Back,Shoulder,Full Participation in Practice
2026,REG,REG,WAS,3,00-0036618,G,Sam Cosmi,Samuel,Cosmi,Concussion,Throat,Out,Concussion,Throat,Did Not Participate In Practice
2026,REG,REG,WAS,3,00-0037616,S,Nick Cross,Nicolas,Cross,Illness,,Out,Illness,,Did Not Participate In Practice
2026,REG,REG,WAS,3,00-0037809,TE,Chig Okonkwo,Chigoziem,Okonkwo,Hamstring,,Out,Hamstring,,Did Not Participate In Practice
2026,REG,REG,WAS,3,00-0037819,LB,Leo Chenal,Leo,Chenal,,,,Chest,,Limited Participation in Practice
2026,REG,REG,WAS,3,00-0038100,S,Percy Butler,Percy,Butler,,,,Groin,,Full Participation in Practice
2026,REG,REG,WAS,3,00-0039681,S,Tyler Owens,Tyler,Owens,,,,Hamstring,,Full Participation in Practice
2026,REG,REG,WAS,3,00-0039910,QB,Jayden Daniels,Jayden,Daniels,Elbow,,Out,Elbow,,Did Not Participate In Practice
2026,REG,REG,WAS,3,00-0039913,T,Brandon Coleman,Brandon,Coleman,,,,Finger,,Full Participation in Practice
2026,REG,REG,WAS,3,00-0040164,WR,Jaylin Lane,Joshua,Lane,,,,Groin,,Full Participation in Practice
2026,REG,REG,WAS,3,00-0041096,RB,Kaytron Allen,Kaytron,Allen,,,,Hip,,Full Participation in Practice
2026,REG,REG,WAS,3,00-0041182,K,Drew Stevens,Drew,Stevens,,,,Hand,,Full Participation in Practice
2026,REG,REG,ARI,4,00-0033890,S,Budda Baker,Bishard,Baker,,,,Not injury related - resting player,,Did Not Participate In Practice
2026,REG,REG,ARI,4,00-0034381,LB,Josh Sweat,Josh,Sweat,,,,Not injury related - resting player,,Did Not Participate In Practice
2026,REG,REG,ARI,4,00-0035144,LB,Mack Wilson,Lyndell,Wilson,,,,Thumb,,Limited Participation in Practice
2026,REG,REG,ARI,4,00-0035258,C,Hjalte Froholdt,Hjalte,Froholdt,,,,Knee,,Limited Participation in Practice
2026,REG,REG,ARI,4,00-0039864,S,Dadrion Taylor-Demerson,Dadrion,Taylor-Demerson,,,,Back,,Did Not Participate In Practice
2026,REG,REG,BAL,4,00-0026190,DT,Calais Campbell,Calais,Campbell,,,,Not injury related - resting player,,Did Not Participate In Practice
2026,REG,REG,BAL,4,00-0032398,WR,Chris Moore,Christopher,Moore,,,,Ankle,,Limited Participation in Practice
2026,REG,REG,BAL,4,00-0032965,T,Ronnie Stanley,Ronnie,Stanley,,,,Toe,,Limited Participation in Practice
2026,REG,REG,BAL,4,00-0033281,CB,Marlon Humphrey,Marlon,Humphrey,,,,Hamstring,,Limited Participation in Practice
2026,REG,REG,BAL,4,00-0033901,C,Ethan Pocic,Ethan,Pocic,,,,Knee,,Did Not Participate In Practice
2026,REG,REG,BAL,4,00-0033935,LB,Trey Hendrickson,Collins,Hendrickson,,,,Finger,,Did Not Participate In Practice
2026,REG,REG,BAL,4,00-0034753,TE,Mark Andrews,Mark,Andrews,,,,Hand,,Full Participation in Practice
2026,REG,REG,BAL,4,00-0034796,QB,Lamar Jackson,Lamar,Jackson,,,,Back,,Limited Participation in Practice
2026,REG,REG,BAL,4,00-0034798,TE,Durham Smythe,Durham,Smythe,,,,Heel,,Limited Participation in Practice
2026,REG,REG,BAL,4,00-0036369,G,John Simpson,John,Simpson,,,,Groin,,Limited Participation in Practice
2026,REG,REG,BAL,4,00-0038629,C,Jovaughn Gwyn,Jovaughn,Gwyn,,,,Ankle,,Did Not Participate In Practice
2026,REG,REG,BAL,4,00-0039064,WR,Zay Flowers,Xavien,Flowers,,,,Hamstring,,Limited Participation in Practice
2026,REG,REG,BUF,4,00-0034827,WR,DJ Moore,Denniston,Moore,,,,Shoulder,,Limited Participation in Practice
2026,REG,REG,BUF,4,00-0034832,LB,Bradley Chubb,Bradley,Chubb,,,,Thumb,,Full Participation in Practice
2026,REG,REG,BUF,4,00-0036888,S,Damar Hamlin,Damar,Hamlin,,,,Ribs,,Limited Participation in Practice
2026,REG,REG,BUF,4,00-0037254,LB,Terrel Bernard,Terrel,Bernard,,,,Knee,,Full Participation in Practice
2026,REG,REG,BUF,4,00-0037288,CB,Christian Benford,Christian,Benford,,,,Toe,,Did Not Participate In Practice
2026,REG,REG,BUF,4,00-0038557,LB,Dorian Williams,Dorian,Williams,,,,Hip,,Full Participation in Practice
2026,REG,REG,BUF,4,00-0039763,LB,Joe Andreessen,Joe,Andreessen,,,,Knee,,Did Not Participate In Practice
2026,REG,REG,BUF,4,00-0039901,WR,Keon Coleman,Keon,Coleman,,,,Ankle,,Did Not Participate In Practice
2026,REG,REG,BUF,4,00-0040710,DT,Deone Walker,Deone,Walker,,,,Quadricep,,Limited Participation in Practice
2026,REG,REG,BUF,4,00-0040724,DE,T.J. Sanders,Tanaeri,Sanders,,,,Illness,,Did Not Participate In Practice
2026,REG,REG,BUF,4,00-0041128,G,Ar'maj Reed-Adams,Ar'maj,Reed-Adams,,,,Elbow,,Full Participation in Practice
2026,REG,REG,CAR,4,00-0031610,TE,Darren Waller,Darren,Waller,,,,Not injury related - resting player,Toe,Did Not Participate In Practice
2026,REG,REG,CAR,4,00-0035669,S,Nick Scott,Nicholas,Scott,,,,Rib,,Full Participation in Practice
2026,REG,REG,CAR,4,00-0036417,G,Damien Lewis,Damien,Lewis,,,,Elbow,,Did Not Participate In Practice
2026,REG,REG,CAR,4,00-0036555,RB,Chuba Hubbard,Chuba,Hubbard,,,,Not injury related - resting player,,Did Not Participate In Practice
2026,REG,REG,CAR,4,00-0037244,LB,Devin Lloyd,Devin,Lloyd,,,,Calf,,Full Participation in Practice
2026,REG,REG,CAR,4,00-0039150,QB,Bryce Young,Bryce,Young,,,,Knee,,Full Participation in Practice
2026,REG,REG,CAR,4,00-0039342,WR,Xavier Legette,Anthony,Legette,,,,Knee,,Did Not Participate In Practice
2026,REG,REG,CAR,4,00-0039491,WR,Jalen Coker,Jalen,Coker,,,,Quadricep,,Did Not Participate In Practice
2026,REG,REG,CAR,4,00-0040136,LB,Princely Umanmielen,Princely,Umanmielen,,,,Ankle,,Did Not Participate In Practice
2026,REG,REG,CAR,4,00-0041034,T,Monroe Freeling,Monroe,Freeling,,,,Concussion,,Did Not Participate In Practice
2026,REG,REG,CIN,4,00-0034800,DT,B.J. Hill,Bobby,Hill,,,,Achilles,,Did Not Participate In Practice
2026,REG,REG,CIN,4,00-0035702,G,Dalton Risner,Dalton,Risner,,,,Knee,,Did Not Participate In Practice
2026,REG,REG,CIN,4,00-0036231,S,Kyle Dugger,Kyle,Dugger,,,,Quadricep,,Did Not Participate In Practice
2026,REG,REG,CIN,4,00-0037193,S,Bryan Cook,Bryan,Cook,,,,Ankle,,Limited Participation in Practice
2026,REG,REG,CIN,4,00-0038560,S,Jordan Battle,Jordan,Battle,,,,Hamstring,,Limited Participation in Practice
2026,REG,REG,CIN,4,00-0041069,WR,Colbie Young,Colbie,Young,,,,Knee,,Did Not Participate In Practice
2026,REG,REG,CLE,4,00-0035234,T,Tytus Howard,Tytus,Howard,,,,Knee,,Limited Participation in Practice
2026,REG,REG,CLE,4,00-0035526,C,Elgton Jenkins,Elgton,Jenkins,,,,Concussion,,Did Not Participate In Practice
2026,REG,REG,CLE,4,00-0036282,S,Grant Delpit,Grant,Delpit,,,,Shoulder,,Limited Participation in Practice
2026,REG,REG,CLE,4,00-0036630,WR,Tylan Wallace,Tylan,Wallace,,,,Knee,,Did Not Participate In Practice
2026,REG,REG,CLE,4,00-0036953,G,Teven Jenkins,Teven,Jenkins,,,,Back,,Limited Participation in Practice
2026,REG,REG,CLE,4,00-0036974,CB,Tyson Campbell,Tyson,Campbell,,,,Knee,,Limited Participation in Practice
2026,REG,REG,DAL,4,00-0033877,S,Malik Hooker,Malik,Hooker,,,,Forearm,,Limited Participation in Practice
2026,REG,REG,DAL,4,00-0037310,LB,James Houston,James,Houston,,,,Shoulder,,Full Participation in Practice
2026,REG,REG,DAL,4,00-0037839,CB,Cobie Durant,Decobie,Durant,,,,Hamstring,,Did Not Participate In Practice
2026,REG,REG,DAL,4,00-0038556,LB,DeMarvion Overshown,DeMarvion,Overshown,,,,Hamstring,,Did Not Participate In Practice
2026,REG,REG,DAL,4,00-0040008,CB,Shavon Revel Jr.,Shavon,Revel,,,,Knee,Ankle,Did Not Participate In Practice
2026,REG,REG,DEN,4,00-0035248,DE,Zach Allen,Zachary,Allen,,,,Not injury related - resting player,,Limited Participation in Practice
2026,REG,REG,DEN,4,00-0036158,RB,J.K. Dobbins,J.K.,Dobbins,,,,Hip,,Full Participation in Practice
2026,REG,REG,DEN,4,00-0036613,WR,Jaylen Waddle,Jaylen,Waddle,,,,Foot,,Full Participation in Practice
2026,REG,REG,DEN,4,00-0037799,LB,Dondrea Tillman,Dondrea,Tillman,,,,Hamstring,,Did Not Participate In Practice
2026,REG,REG,DEN,4,00-0038976,WR,Marvin Mims Jr.,Marvin,Mims,,,,Foot,,Full Participation in Practice
2026,REG,REG,DET,4,00-0034384,CB,D.J. Reed,Dennis,Reed,,,,Rib,,Limited Participation in Practice
2026,REG,REG,DET,4,00-0036272,G,Ben Bartch,Ben,Bartch,,,,Foot,,Did Not Participate In Practice
2026,REG,REG,DET,4,00-0036335,DE,D.J. Wonnum,Dennis,Wonnum,,,,Back,,Did Not Participate In Practice
2026,REG,REG,GB,4,00-0036551,G,Aaron Banks,Aaron,Banks,,,,Knee,Toe,Did Not Participate In Practice
2026,REG,REG,GB,4,00-0038398,DT,Karl Brooks,Karl,Brooks,,,,Illness,,Did Not Participate In Practice
2026,REG,REG,GB,4,00-0039112,LB,Lukas Van Ness,Lukas,Van Ness,,,,Shoulder,,Limited Participation in Practice
2026,REG,REG,GB,4,00-0039817,C,Jacob Monk,Jacob,Monk,,,,Quadricep,,Did Not Participate In Practice
2026,REG,REG,GB,4,00-0039850,LB,Edgerrin Cooper,Edgerrin,Cooper,,,,Shoulder,Concussion,Limited Participation in Practice
2026,REG,REG,GB,4,00-0040016,DT,Warren Brinson,Warren,Brinson,,,,Calf,Groin,Limited Participation in Practice
2026,REG,REG,GB,4,00-0040689,DT,Anthony Campbell,Anthony,Campbell,,,,Ankle,,Did Not Participate In Practice
2026,REG,REG,HOU,4,00-0031364,DE,Jadeveon Clowney,Jadeveon,Clowney,,,,Knee,,Limited Participation in Practice
2026,REG,REG,HOU,4,00-0032071,T,Trent Brown,Trenton,Brown,,,,Illness,Knee,Did Not Participate In Practice
2026,REG,REG,HOU,4,00-0034355,S,M.J. Stewart,Marvin,Stewart,,,,Knee,,Limited Participation in Practice
2026,REG,REG,HOU,4,00-0034383,TE,Dalton Schultz,Dalton,Schultz,,,,Not injury related - resting player,,Limited Participation in Practice
2026,REG,REG,HOU,4,00-0035166,LB,Azeez Al-Shaair,Azeez,Al-Shaair,,,,Groin,,Did Not Participate In Practice
2026,REG,REG,HOU,4,00-0036554,WR,Nico Collins,Nico,Collins,,,,Hamstring,,Limited Participation in Practice
2026,REG,REG,HOU,4,00-0037457,LB,Jake Hansen,Jake,Hansen,,,,Calf,,Limited Participation in Practice
2026,REG,REG,HOU,4,00-0038127,DE,Logan Hall,Logan,Hall,,,,Knee,,Limited Participation in Practice
2026,REG,REG,HOU,4,00-0038131,G,Ed Ingram,Edward,Ingram,,,,Groin,,Limited Participation in Practice
2026,REG,REG,HOU,4,00-0039108,DE,Will Anderson Jr.,William,Anderson,,,,Ankle,,Limited Participation in Practice
2026,REG,REG,HOU,4,00-0039603,RB,British Brooks,British,Brooks,,,,Hamstring,,Did Not Participate In Practice
2026,REG,REG,HOU,4,00-0039838,S,Calen Bullock,Calen,Bullock,,,,Quadricep,,Limited Participation in Practice
2026,REG,REG,HOU,4,00-0041465,LB,Wade Woodaz,Wade,Woodaz,,,,Thumb,,Full Participation in Practice
2026,REG,REG,IND,4,00-0030279,WR,Keenan Allen,Keenan,Allen,,,,Not injury related - resting player,,Limited Participation in Practice
2026,REG,REG,IND,4,00-0033217,TE,Mo Alie-Cox,Mohamed,Alie-Cox,,,,Illness,,Did Not Participate In Practice
2026,REG,REG,IND,4,00-0034573,CB,Charvarius Ward,Charvarius,Ward,,,,Not injury related - resting player,,Limited Participation in Practice
2026,REG,REG,IND,4,00-0035021,WR,Ashton Dulin,Ashton,Dulin,,,,Ankle,,Did Not Participate In Practice
2026,REG,REG,IND,4,00-0036223,RB,Jonathan Taylor,Jonathan,Taylor,,,,Not injury related - resting player,,Limited Participation in Practice
2026,REG,REG,IND,4,00-0036298,LB,Akeem Davis-Gaither,Akeem,Davis-Gaither,,,,Knee,,Limited Participation in Practice
2026,REG,REG,IND,4,00-0039576,K,Spencer Shrader,Spencer,Shrader,,,,Groin,,Full Participation in Practice
2026,REG,REG,JAX,4,00-0034960,WR,Jakobi Meyers,Jakobi,Meyers,,,,Thumb,,Limited Participation in Practice
2026,REG,REG,JAX,4,00-0036262,DT,DaVon Hamilton,DaVon,Hamilton,,,,Back,,Limited Participation in Practice
2026,REG,REG,JAX,4,00-0036655,T,Cole Van Lanen,Cole,Van Lanen,,,,Knee,,Limited Participation in Practice
2026,REG,REG,JAX,4,00-0037313,CB,Montaric Brown,Montaric,Brown,,,,Hamstring,,Limited Participation in Practice
2026,REG,REG,JAX,4,00-0038616,CB,Christian Braswell,Christian,Braswell,,,,Knee,,Limited Participation in Practice
2026,REG,REG,JAX,4,00-0039353,CB,Jarrian Jones,Jarrian,Jones,,,,Hip,,Full Participation in Practice
2026,REG,REG,JAX,4,00-0040238,RB,LeQuint Allen Jr.,LeQuint,Allen,,,,Hip,,Limited Participation in Practice
2026,REG,REG,JAX,4,00-0041045,DT,Albert Regis,Albert,Regis,,,,Elbow,,Limited Participation in Practice
2026,REG,REG,KC,4,00-0032762,DT,Chris Jones,Christopher,Jones,,,,Calf,,Full Participation in Practice
2026,REG,REG,KC,4,00-0033873,QB,Patrick Mahomes,Patrick,Mahomes,,,,Knee,,Full Participation in Practice
2026,REG,REG,KC,4,00-0036374,CB,L'Jarius Sneed,L'Jarius,Sneed,,,,Knee,,Limited Participation in Practice
2026,REG,REG,KC,4,00-0037208,LB,Jack Cochrane,Jack,Cochrane,,,,Calf,,Full Participation in Practice
2026,REG,REG,KC,4,00-0038982,S,Chamarri Conner,Chamarri,Conner,,,,Knee,,Full Participation in Practice
2026,REG,REG,KC,4,00-0039006,DE,Felix Anudike-Uzomah,Felix,Anudike-Uzomah,,,,Quadricep,,Full Participation in Practice
2026,REG,REG,KC,4,00-0039067,WR,Rashee Rice,Rashee,Rice,,,,Knee,,Full Participation in Practice
2026,REG,REG,KC,4,00-0039324,CB,Christian Roland-Wallace,Christian,Roland-Wallace,,,,Shoulder,,Full Participation in Practice
2026,REG,REG,KC,4,00-0040116,T,Josh Simmons,Josh,Simmons,,,,Back,,Did Not Participate In Practice
2026,REG,REG,KC,4,00-0040640,DE,Ashton Gillotte,Ashton,Gillotte,,,,Knee,,Full Participation in Practice
2026,REG,REG,KC,4,00-0041497,CB,Jadon Canady,Jadon,Canady,,,,Knee,,Full Participation in Practice
2026,REG,REG,LA,4,00-0031381,WR,Davante Adams,Davante,Adams,,,,Not injury related - resting player,,Did Not Participate In Practice
2026,REG,REG,LA,4,00-0031388,DT,Aaron Donald,Aaron,Donald,,,,Back,,Did Not Participate In Practice
2026,REG,REG,LA,4,00-0036244,TE,Colby Parkinson,Colby,Parkinson,,,,Knee,Shoulder,Did Not Participate In Practice
2026,REG,REG,LA,4,00-0037195,CB,Jaylen Watson,Jaylen,Watson,,,,Shoulder,,Did Not Participate In Practice
2026,REG,REG,LA,4,00-0037587,LB,Nate Landman,Nate,Landman,,,,Shoulder,,Limited Participation in Practice
2026,REG,REG,LA,4,00-0039075,WR,Puka Nacua,Puka,Nacua,,,,Hip,,Limited Participation in Practice
2026,REG,REG,LA,4,00-0039772,CB,Josh Wallace,Josh,Wallace,,,,Shoulder,,Limited Participation in Practice
2026,REG,REG,LA,4,00-0039834,S,Kamren Kinchens,Kamren,Kinchens,,,,Hamstring,,Limited Participation in Practice
2026,REG,REG,LA,4,00-0040737,TE,Terrance Ferguson,Terrance,Ferguson,,,,Ankle,,Did Not Participate In Practice
2026,REG,REG,LAC,4,00-0034356,CB,Donte Jackson,Donte,Jackson,,,,Concussion,,Did Not Participate In Practice
2026,REG,REG,LAC,4,00-0034790,S,Derwin James,Derwin,James,,,,Hamstring,,Limited Participation in Practice
2026,REG,REG,LAC,4,00-0036736,G,Kayode Awosika,Kayode,Awosika,,,,Fibula,,Did Not Participate In Practice
2026,REG,REG,LAC,4,00-0038046,TE,Charlie Kolar,Charlie,Kolar,,,,Forearm,,Did Not Participate In Practice
2026,REG,REG,LAC,4,00-0039835,DE,Justin Eboigbe,Justin,Eboigbe,,,,Eye,,Did Not Participate In Practice
2026,REG,REG,LV,4,00-0034275,DT,Foley Fatukasi,Folorunso,Fatukasi,,,,Shoulder,,Full Participation in Practice
2026,REG,REG,LV,4,00-0035891,WR,Cody White,Cody,White,,,,Ankle,,Full Participation in Practice
2026,REG,REG,LV,4,00-0037461,S,Tristin McCollum,Tristin,McCollum,,,,Knee,,Full Participation in Practice
2026,REG,REG,LV,4,00-0038579,QB,Aidan O'Connell,Aidan,O'Connell,,,,Not injury related - personal matter,,Did Not Participate In Practice
2026,REG,REG,LV,4,00-0039735,G,Jackson Powers-Johnson,Jackson,Powers-Johnson,,,,Groin,,Did Not Participate In Practice
2026,REG,REG,LV,4,00-0040122,RB,Ashton Jeanty,Ashton,Jeanty,,,,Ankle,,Full Participation in Practice
2026,REG,REG,LV,4,00-0040868,S,Treydan Stukes,Treydan,Stukes,,,,Concussion,,Full Participation in Practice
2026,REG,REG,LV,4,00-0040894,WR,Malik Benson,Malik,Benson,,,,Knee,,Full Participation in Practice
2026,REG,REG,MIA,4,00-0036159,LB,Joshua Uche,Joshua,Uche,,,,Foot,,Full Participation in Practice
2026,REG,REG,MIA,4,00-0036171,C,Aaron Brewer,Aaron,Brewer,,,,Hand,,Full Participation in Practice
2026,REG,REG,MIA,4,00-0037686,LS,Tucker Addington,Tucker,Addington,,,,Shoulder,,Limited Participation in Practice
2026,REG,REG,MIA,4,00-0038603,LB,Rob Beal Jr.,Robert,Beal,,,,Hamstring,,Did Not Participate In Practice
2026,REG,REG,MIA,4,00-0039156,CB,Julius Brents,Julius,Brents,,,,Knee,Heel,Full Participation in Practice
2026,REG,REG,MIA,4,00-0039481,CB,Storm Duck,Storm,Duck,,,,Knee,,Limited Participation in Practice
2026,REG,REG,MIA,4,00-0039874,RB,Jaylen Wright,Jaylen,Wright,,,,Foot,,Limited Participation in Practice
2026,REG,REG,MIA,4,00-0040182,S,Dante Trader Jr.,Dante,Trader,,,,Groin,,Full Participation in Practice
2026,REG,REG,MIA,4,00-0040248,DT,Zeek Biggers,Zeek,Biggers,,,,Ankle,,Full Participation in Practice
2026,REG,REG,MIA,4,00-0041523,WR,Caleb Douglas,Caleb,Douglas,,,,Ankle,,Did Not Participate In Practice
2026,REG,REG,MIA,4,00-0041525,WR,Chris Bell,Christopher,Bell,,,,Knee,,Limited Participation in Practice
2026,REG,REG,MIA,4,00-0041579,TE,Seydou Traore,Seydou,Traore,,,,Thumb,,Full Participation in Practice
2026,REG,REG,MIN,4,00-0033293,RB,Aaron Jones,Aaron,Jones,,,,Not injury related - resting player,,Limited Participation in Practice
2026,REG,REG,MIN,4,00-0035276,LB,Blake Cashman,Blake,Cashman,,,,Elbow,,Limited Participation in Practice
2026,REG,REG,MIN,4,00-0036322,WR,Justin Jefferson,Justin,Jefferson,,,,Ankle,,Did Not Participate In Practice
2026,REG,REG,MIN,4,00-0041083,CB,Charles Demmings,Charles,Demmings,,,,Hamstring,,Did Not Participate In Practice
2026,REG,REG,MIN,4,00-0041581,P,Brett Thorson,Brett,Thorson,,,,Hamstring,,Did Not Participate In Practice
2026,REG,REG,NE,4,00-0031330,T,Morgan Moses,Morgan,Moses,,,,Foot,,Did Not Participate In Practice
2026,REG,REG,NE,4,00-0035678,LB,Dre'Mont Jones,Dre'Mont,Jones,,,,Shoulder,,Limited Participation in Practice
2026,REG,REG,NE,4,00-0036187,FB,Reggie Gilliam,Reggie,Gilliam,,,,Knee,,Limited Participation in Practice
2026,REG,REG,NE,4,00-0036813,LB,Christian Elliss,Christian,Elliss,,,,Chest,,Limited Participation in Practice
2026,REG,REG,NE,4,00-0036981,DT,Christian Barmore,Christian,Barmore,,,,Shoulder,,Did Not Participate In Practice
2026,REG,REG,NE,4,00-0037205,S,Brenden Schooler,Brenden,Schooler,,,,Back,,Limited Participation in Practice
2026,REG,REG,NE,4,00-0039147,CB,Christian Gonzalez,Christian,Gonzalez,,,,Shoulder,,Did Not Participate In Practice
2026,REG,REG,NE,4,00-0039851,QB,Drake Maye,Drake,Maye,,,,Shoulder,,Full Participation in Practice
2026,REG,REG,NE,4,00-0040716,S,Craig Woodson,Craig,Woodson,,,,Shoulder,,Limited Participation in Practice
2026,REG,REG,NE,4,00-0041395,TE,Eli Raridon,Elijah,Raridon,,,,Thigh,,Limited Participation in Practice
2026,REG,REG,NYG,4,00-0033376,FB,Patrick Ricard,Patrick,Ricard,,,,Nose,,Full Participation in Practice
2026,REG,REG,NYG,4,00-0034248,S,Elijah Campbell,Elijah,Campbell,,,,Foot,,Full Participation in Practice
2026,REG,REG,NYG,4,00-0036386,T,Andrew Thomas,Andrew,Thomas,,,,Groin,,Did Not Participate In Practice
2026,REG,REG,NYG,4,00-0038986,CB,Nic Jones,Nic,Jones,,,,Shoulder,,Full Participation in Practice
2026,REG,REG,NYG,4,00-0039000,CB,Deonte Banks,Deonte,Banks,,,,Calf,,Limited Participation in Practice
2026,REG,REG,NYG,4,00-0039384,RB,Tyrone Tracy Jr.,Tyrone,Tracy,,,,Knee,,Did Not Participate In Practice
2026,REG,REG,NYG,4,00-0039861,S,Tyler Nubin,Tyler,Nubin,,,,Calf,,Limited Participation in Practice
2026,REG,REG,NYJ,4,00-0034789,S,Minkah Fitzpatrick,Minkah,Fitzpatrick,,,,Groin,,Limited Participation in Practice
2026,REG,REG,NYJ,4,00-0036842,RB,Kene Nwangwu,Kene,Nwangwu,,,,Back,,Full Participation in Practice
2026,REG,REG,NYJ,4,00-0037083,DE,Kingsley Enagbare,Kingsley,Enagbare,,,,Knee,,Limited Participation in Practice
2026,REG,REG,NYJ,4,00-0037255,G,Dylan Parham,Dylan,Parham,,,,Knee,,Did Not Participate In Practice
2026,REG,REG,NYJ,4,00-0037805,TE,Jeremy Ruckert,Jeremy,Ruckert,,,,Knee,,Limited Participation in Practice
2026,REG,REG,NYJ,4,00-0038120,RB,Breece Hall,Breece,Hall,,,,Quadricep,,Did Not Participate In Practice
2026,REG,REG,NYJ,4,00-0039890,WR,Adonai Mitchell,Adonai,Mitchell,,,,Finger,,Did Not Participate In Practice
2026,REG,REG,NYJ,4,00-0040186,LB,Francisco Mauigoa,Francisco,Mauigoa,,,,Quadricep,,Did Not Participate In Practice
2026,REG,REG,NYJ,4,00-0040736,TE,Mason Taylor,Mason,Taylor,,,,Thumb,,Did Not Participate In Practice
2026,REG,REG,NYJ,4,00-0041032,TE,Kenyon Sadiq,Kenyon,Sadiq,,,,Back,,Limited Participation in Practice
2026,REG,REG,PIT,4,00-0033055,CB,Jalen Ramsey,Jalen,Ramsey,,,,Wrist,,Limited Participation in Practice
2026,REG,REG,PIT,4,00-0036139,RB,Rico Dowdle,Rico,Dowdle,,,,Toe,,Did Not Participate In Practice
2026,REG,REG,PIT,4,00-0036504,CB,Brandin Echols,Brandin,Echols,,,,Concussion,,Limited Participation in Practice
2026,REG,REG,PIT,4,00-0039167,CB,Joey Porter Jr.,Joey,Porter,,,,Not injury related - other,,Full Participation in Practice
2026,REG,REG,SF,4,00-0027857,T,Trent Williams,Trenton,Williams,,,,Not injury related - resting player,Neck,Did Not Participate In Practice
2026,REG,REG,SF,4,00-0031408,WR,Mike Evans,Michael,Evans,,,,Ribs,,Did Not Participate In Practice
2026,REG,REG,SF,4,00-0033280,RB,Christian McCaffrey,Christian,McCaffrey,,,,Not injury related - resting player,,Did Not Participate In Practice
2026,REG,REG,SF,4,00-0034854,WR,KhaDarel Hodge,KhaDarel,Hodge,,,,Knee,,Did Not Participate In Practice
2026,REG,REG,SF,4,00-0034982,LB,Dre Greenlaw,Keaundre,Greenlaw,,,,Quadricep,,Did Not Participate In Practice
2026,REG,REG,SF,4,00-0035717,DE,Nick Bosa,Nicholas,Bosa,,,,Knee,Calf,Did Not Participate In Practice
2026,REG,REG,SF,4,00-0039148,DE,Keion White,Keion,White,,,,Hamstring,,Did Not Participate In Practice
2026,REG,REG,SF,4,00-0040660,DE,Mykel Williams,Mykel,Williams,,,,Knee,,Limited Participation in Practice
2026,REG,REG,SF,4,00-0041363,DT,James Thompson Jr.,James,Thompson,,,,Ankle,,Did Not Participate In Practice
2026,REG,REG,SF,4,00-0041556,DE,Romello Height,Romello,Height,,,,Hand,,Limited Participation in Practice
2026,REG,REG,TB,4,00-0031957,DT,Rakeem Nunez-Roches,Rakeem,Nunez-Roches,,,,Ankle,Foot,Did Not Participate In Practice
2026,REG,REG,TB,4,00-0033921,WR,Chris Godwin Jr.,Rod,Godwin,,,,Ankle,,Did Not Participate In Practice
2026,REG,REG,TB,4,00-0034855,QB,Baker Mayfield,Baker,Mayfield,,,,Thumb,,Did Not Participate In Practice
2026,REG,REG,TB,4,00-0037311,TE,Ko Kieft,Ko,Kieft,,,,Elbow,,Did Not Participate In Practice
2026,REG,REG,TB,4,00-0039049,LB,SirVocea Dennis,SirVocea,Dennis,,,,Calf,,Limited Participation in Practice
2026,REG,REG,TB,4,00-0039068,LB,Yaya Diaby,Yaya,Diaby,,,,Calf,Shoulder,Did Not Participate In Practice
2026,REG,REG,TB,4,00-0039361,RB,Bucky Irving,Mar'Keise,Irving,,,,Glute,,Limited Participation in Practice
2026,REG,REG,TB,4,00-0040143,CB,Jacob Parrish,Jacob,Parrish,,,,Not injury related - personal matter,,Did Not Participate In Practice
2026,REG,REG,TB,4,00-0041031,LB,Rueben Bain Jr.,Rueben,Bain,,,,Groin,Shoulder,Did Not Participate In Practice
2026,REG,REG,TB,4,00-0041057,CB,Keionte Scott,Keionte,Scott,,,,Toe,,Limited Participation in Practice
2026,REG,REG,TB,4,00-0041502,LB,Josiah Trotter,Josiah,Trotter,,,,Shoulder,,Limited Participation in Practice
2026,REG,REG,TEN,4,00-0034805,DE,John Franklin-Myers,John,Franklin-Myers,,,,Back,,Did Not Participate In Practice
2026,REG,REG,TEN,4,00-0035261,RB,Tony Pollard,Tony,Pollard,,,,Foot,,Did Not Participate In Practice
2026,REG,REG,TEN,4,00-0039032,RB,Tyjae Spears,Tyjae,Spears,,,,Ankle,,Did Not Participate In Practice
2026,REG,REG,WAS,4,00-0033082,G,Lucas Patrick,Lucas,Patrick,,,,Foot,,Limited Participation in Practice
2026,REG,REG,WAS,4,00-0034302,LB,Frankie Luvu,Frank,Luvu,,,,Groin,,Limited Participation in Practice
2026,REG,REG,WAS,4,00-0035149,G,Nick Allegretti,Nick,Allegretti,,,,Hip,,Limited Participation in Practice
2026,REG,REG,WAS,4,00-0035279,DE,Charles Omenihu,Charles,Omenihu,,,,Ankle,,Limited Participation in Practice
2026,REG,REG,WAS,4,00-0036260,DT,Javon Kinlaw,Javon,Kinlaw,,,,Shoulder,,Limited Participation in Practice
2026,REG,REG,WAS,4,00-0036375,CB,Amik Robertson,Amik,Robertson,,,,Knee,,Limited Participation in Practice
2026,REG,REG,WAS,4,00-0036618,G,Sam Cosmi,Samuel,Cosmi,Concussion,Throat,Out,Concussion,Throat,Did Not Participate In Practice
2026,REG,REG,WAS,4,00-0037256,RB,Rachaad White,Rachaad,White,,,,Shoulder,,Did Not Participate In Practice
2026,REG,REG,WAS,4,00-0037616,S,Nick Cross,Nicolas,Cross,Illness,,Out,Illness,,Did Not Participate In Practice
2026,REG,REG,WAS,4,00-0037809,TE,Chig Okonkwo,Chigoziem,Okonkwo,,,,Hamstring,,Limited Participation in Practice
2026,REG,REG,WAS,4,00-0038100,S,Percy Butler,Percy,Butler,,,,Concussion,,Limited Participation in Practice
2026,REG,REG,WAS,4,00-0039910,QB,Jayden Daniels,Jayden,Daniels,,,,Elbow,,Limited Participation in Practice
2026,REG,REG,WAS,4,00-0039912,TE,Ben Sinnott,Ben,Sinnott,,,,Rib,,Limited Participation in Practice
