season,week,team,season_type,game_id,opponent_team,completions,attempts,passing_yards,passing_tds,passing_interceptions,sacks_suffered,sack_yards_lost,sack_fumbles,sack_fumbles_lost,passing_air_yards,passing_yards_after_catch,passing_first_downs,passing_epa,passing_cpoe,passing_2pt_conversions,passing_10,passing_16,passing_20,passing_40,carries,rushing_yards,rushing_tds,rushing_fumbles,rushing_fumbles_lost,rushing_first_downs,rushing_epa,rushing_2pt_conversions,rushing_10,rushing_12,rushing_20,rushing_40,receptions,targets,receiving_yards,receiving_tds,receiving_fumbles,receiving_fumbles_lost,receiving_air_yards,receiving_yards_after_catch,receiving_first_downs,receiving_epa,receiving_2pt_conversions,receiving_10,receiving_16,receiving_20,receiving_40,special_teams_tds,def_tackles_solo,def_tackles_with_assist,def_tackle_assists,def_tackles_for_loss,def_tackles_for_loss_yards,def_fumbles_forced,def_sacks,def_sack_yards,def_qb_hits,def_interceptions,def_interception_yards,def_pass_defended,def_tds,def_fumbles,def_safeties,def_punt_blocks,def_pat_blocks,def_fg_blocks,def_2pt_atts,def_2pt_made,misc_yards,fumble_recovery_own,fumble_recovery_yards_own,fumble_recovery_opp,fumble_recovery_yards_opp,fumble_recovery_tds,penalties,penalty_yards,timeouts,fumbles_forced_by_opp,fumbles_not_forced,fumbles_out_of_bounds,fumbles_total,fumbles_lost_total,punt_returns,punt_return_yards,kickoff_returns,kickoff_return_yards,fg_made,fg_att,fg_missed,fg_blocked,fg_long,fg_pct,fg_made_0_19,fg_made_20_29,fg_made_30_39,fg_made_40_49,fg_made_50_59,fg_made_60_,fg_missed_0_19,fg_missed_20_29,fg_missed_30_39,fg_missed_40_49,fg_missed_50_59,fg_missed_60_,fg_made_list,fg_missed_list,fg_blocked_list,fg_made_distance,fg_missed_distance,fg_blocked_distance,pat_made,pat_att,pat_missed,pat_blocked,pat_pct,gwfg_made,gwfg_att,gwfg_missed,gwfg_blocked,gwfg_distance,pt_att,pt_blocked,pt_long,pt_yards,pt_inside_20,pt_out_of_bounds,pt_downed,pt_touchback,pt_fair_caught,pt_returned,pt_return_yards,pt_return_tds,pt_net_yards
2025,1,ARI,REG,2025_01_ARI_NO,NO,21,29,163,2,0,5,-33,0,0,166,100,11,1.52479932586014,-1.73381104551513,0,7,2,2,1,27,146,0,0,0,5,1.15853980279507,0,4,3,1,1,21,29,163,2,0,0,166,100,11,8.77765306004606,0,7,2,2,1,0,36,2,36,3,10,0,1,6,2,0,0,10,0,0,0,0,0,0,0,0,0,0,0,0,0,0,9,54,0,0,0,0,0,0,3,30,3,73,2,3,0,1,50,0.666666666666667,0,0,0,1,1,0,0,0,0,0,0,0,42;50,,46,92,0,46,2,2,0,0,1,0,0,0,0,0,4,0,60,188,1,1,0,0,1,2,18,0,170
2025,1,ATL,REG,2025_01_TB_ATL,TB,27,42,298,1,0,1,-9,0,0,288,189,16,9.6240952073096,-5.93834263937814,0,14,4,3,1,28,69,1,1,0,4,-5.76649445435032,0,1,1,0,0,27,42,298,1,0,0,288,189,16,11.5616994838224,0,14,4,3,1,0,27,1,25,2,3,0,1,8,3,0,0,7,0,0,0,0,0,0,0,0,0,1,-4,0,0,0,8,55,6,0,1,0,1,0,2,29,5,125,2,3,1,0,41,0.666666666666667,0,0,1,1,0,0,0,0,0,1,0,0,41;36,44,,77,44,0,2,2,0,0,1,0,0,0,0,0,3,0,59,140,2,1,0,0,1,1,54,0,86
2025,1,BAL,REG,2025_01_BAL_BUF,BUF,14,19,209,2,0,2,-15,0,0,173,109,8,8.7984205777867,8.72089925565218,0,7,5,5,0,29,238,3,2,1,10,10.48651434962,0,10,7,3,2,14,19,209,2,0,0,173,109,8,12.0646038142731,0,7,5,5,0,0,51,2,22,3,8,1,1,5,3,0,0,4,0,0,0,0,0,0,1,0,0,1,0,0,0,0,7,51,5,2,0,0,2,1,1,6,6,167,2,2,0,0,52,1,0,0,0,1,1,0,0,0,0,0,0,0,52;49,,,101,0,0,4,5,1,0,0.8,0,0,0,0,0,3,0,59,152,1,1,0,1,0,1,0,0,132
2025,1,BUF,REG,2025_01_BAL_BUF,BAL,33,46,394,2,0,1,-5,0,0,400,148,18,14.2337143852725,8.59431895944807,0,14,9,7,1,31,108,3,0,0,9,1.98757070466171,0,2,1,0,0,33,45,394,2,1,0,400,148,18,15.7125355296826,0,14,9,7,1,0,44,0,8,5,45,2,2,15,4,0,0,1,0,0,0,0,0,0,0,0,0,0,0,1,0,0,5,38,6,1,0,1,1,0,1,0,7,193,3,3,0,0,43,1,0,1,1,1,0,0,0,0,0,0,0,0,25;43;32,,,100,0,0,2,2,0,0,1,1,1,0,0,32,4,0,48,158,1,0,2,0,1,1,6,0,152
2025,1,CAR,REG,2025_01_CAR_JAX,JAX,18,35,154,1,2,1,-12,0,0,269,60,8,-15.4026895713417,-12.3715827570242,0,6,3,2,0,25,113,0,1,1,5,0.0199070660746656,0,1,1,1,0,18,34,154,1,0,0,269,60,8,-11.7402811444139,0,6,3,2,0,0,42,0,20,1,2,0,0,0,1,1,10,4,0,0,0,0,0,0,0,0,0,0,0,0,0,0,4,35,6,1,0,0,1,1,2,0,2,43,1,1,0,0,48,1,0,0,0,1,0,0,0,0,0,0,0,0,48,,,48,0,0,1,1,0,0,1,0,0,0,0,0,2,0,56,86,2,0,1,0,0,1,7,0,79
2025,1,CHI,REG,2025_01_MIN_CHI,MIN,21,35,210,1,0,2,-12,0,0,263,77,10,-6.98824780713981,-6.66688496575636,0,9,6,3,0,26,119,1,0,0,7,2.53118889384496,0,4,4,0,0,21,34,210,1,0,0,263,77,10,-2.97034722983004,0,9,5,3,0,0,34,4,22,6,15,0,3,9,5,1,74,5,1,0,0,0,0,0,0,0,0,0,0,0,0,0,12,127,5,1,0,0,1,1,4,37,4,125,1,2,1,0,42,0.5,0,0,0,1,0,0,0,0,0,0,1,0,42,50,,42,50,0,3,3,0,0,1,0,0,0,0,0,6,0,56,266,1,1,1,0,0,4,68,0,198
2025,1,CIN,REG,2025_01_CIN_CLE,CLE,14,23,113,1,0,3,-18,0,0,169,49,7,-0.331592737228572,-1.9334077835083,0,6,1,1,0,23,46,1,0,0,3,-5.00294650052092,0,0,0,0,0,14,23,113,1,0,0,169,49,7,2.85245883604795,0,6,1,1,0,0,36,8,42,4,16,0,2,12,5,2,9,6,0,0,0,0,0,0,0,0,0,0,0,0,0,0,7,33,5,0,0,0,0,0,1,23,3,70,1,1,0,0,35,1,0,0,1,0,0,0,0,0,0,0,0,0,35,,,35,0,0,2,2,0,0,1,0,0,0,0,0,6,0,62,316,1,0,1,2,0,3,41,0,235
2025,1,CLE,REG,2025_01_CIN_CLE,CIN,31,45,290,1,2,2,-12,0,0,273,173,13,-1.84212751623007,2.37426303681873,0,11,6,3,0,24,49,1,0,0,5,-1.79322417586809,0,0,0,0,0,31,42,290,1,0,0,273,173,13,2.45695412834175,0,11,6,3,0,0,31,4,22,8,30,0,3,18,7,0,0,5,0,0,0,0,0,0,0,0,0,0,0,0,0,0,7,53,4,0,0,0,0,0,3,41,4,105,1,2,1,0,45,0.5,0,0,0,1,0,0,0,0,1,0,0,0,45,36,,45,36,0,1,2,1,0,0.5,0,0,0,0,0,2,0,55,97,0,0,0,1,0,1,23,0,54
2025,1,DAL,REG,2025_01_DAL_PHI,PHI,21,34,188,0,0,0,0,0,0,329,75,9,1.6543752712657,0.172881827209935,0,8,4,2,0,22,119,2,1,1,7,0.756882135407068,0,2,1,1,1,21,33,188,0,0,0,329,75,9,1.18341434740108,0,8,4,2,0,0,36,2,32,5,15,0,1,8,5,0,0,0,0,0,0,0,0,0,0,0,0,0,0,0,0,0,4,42,6,1,0,0,1,1,0,0,5,101,2,2,0,0,53,1,0,0,0,1,1,0,0,0,0,0,0,0,41;53,,,94,0,0,2,2,0,0,1,0,0,0,0,0,2,0,49,87,1,0,0,0,2,0,0,0,87
2025,1,DEN,REG,2025_01_TEN_DEN,TEN,25,40,176,1,2,1,-10,1,1,213,94,9,-7.65576674097443,-1.67200251205547,0,6,2,1,0,30,151,1,0,0,5,-4.49856747762533,0,4,3,1,1,25,37,176,1,0,0,213,94,9,-0.27317856375353,0,6,2,1,0,0,30,6,26,7,51,2,6,50,14,0,0,4,0,1,0,0,0,0,0,0,0,0,0,2,0,0,6,45,4,1,1,0,2,2,4,47,3,82,2,2,0,0,39,1,0,0,2,0,0,0,0,0,0,0,0,0,39;33,,,72,0,0,2,2,0,0,1,0,0,0,0,0,3,0,53,144,3,0,0,0,2,1,12,0,132
2025,1,DET,REG,2025_01_DET_GB,GB,31,39,225,1,1,4,-25,0,0,163,121,13,1.37437785789473,11.3394189037775,0,6,3,1,0,22,46,0,0,0,2,-5.36015619139653,0,1,1,0,0,31,38,225,1,0,0,163,121,13,9.9833752406422,0,6,3,1,0,0,32,2,18,2,2,0,0,0,2,0,0,1,0,0,0,0,0,0,0,0,0,0,0,0,0,0,7,40,2,0,0,0,0,0,2,19,5,116,2,2,0,0,30,1,0,1,1,0,0,0,0,0,0,0,0,0,30;27,,,57,0,0,1,1,0,0,1,0,0,0,0,0,3,0,55,142,0,0,0,0,0,3,32,0,110
2025,1,GB,REG,2025_01_DET_GB,DET,16,22,188,2,0,0,0,0,0,253,39,8,10.0652942520307,13.0749403075738,0,8,5,3,1,25,78,1,0,0,4,-2.42074726870506,0,2,1,0,0,16,22,188,2,0,0,253,39,8,10.0652942520307,0,8,5,3,1,0,38,5,41,9,32,0,4,25,9,1,0,2,0,0,0,0,0,0,0,0,0,0,0,0,0,0,4,40,3,0,0,0,0,0,3,32,2,39,2,2,0,0,38,1,0,0,2,0,0,0,0,0,0,0,0,0,34;38,,,72,0,0,3,3,0,0,1,0,0,0,0,0,3,0,65,164,2,0,0,0,1,2,19,0,145
2025,1,HOU,REG,2025_01_HOU_LA,LA,19,27,188,0,1,3,-37,0,0,172,73,7,-4.06503334495876,-0.974656144777934,0,8,3,2,0,27,114,0,0,0,8,1.05189647209433,0,3,2,0,0,19,27,188,0,1,1,172,73,7,-2.5317566292891,0,8,3,2,0,0,35,3,23,5,42,1,3,21,6,0,0,1,0,0,0,0,0,0,0,0,0,0,0,1,0,0,11,80,4,1,0,0,1,1,2,20,1,11,3,3,0,0,53,1,0,0,0,1,2,0,0,0,0,0,0,0,51;45;53,,,149,0,0,0,0,0,0,,0,0,0,0,0,4,0,61,208,1,0,0,0,2,2,21,0,187
2025,1,IND,REG,2025_01_MIA_IND,MIA,22,29,272,1,0,1,-10,0,0,196,112,14,12.997713351083,5.38834302589811,0,11,6,4,0,40,156,2,0,0,11,5.52206456715463,0,6,4,0,0,22,29,272,1,0,0,196,112,14,14.7199118956188,0,11,6,4,0,0,26,2,24,4,16,1,3,13,6,2,20,5,0,0,0,0,0,0,0,0,0,0,0,1,2,0,4,45,3,0,0,0,0,0,0,0,1,27,4,4,0,0,48,1,0,2,1,1,0,0,0,0,0,0,0,0,24;35;28;48,,,135,0,0,3,3,0,0,1,0,0,0,0,0,0,0,,0,0,0,0,0,0,0,0,0,0
2025,1,JAX,REG,2025_01_CAR_JAX,CAR,19,31,178,1,1,0,0,0,0,223,80,9,1.31311294837381,-4.05406242814557,0,9,4,2,0,32,200,1,0,0,10,6.58218051100444,0,5,3,1,1,19,29,178,1,0,0,223,80,9,3.19819411332013,0,9,4,2,0,0,29,0,32,2,13,1,1,12,5,2,0,10,0,0,0,0,0,0,0,0,0,0,0,1,0,0,11,93,3,0,0,0,0,0,1,7,2,32,4,4,0,0,47,1,0,1,2,1,0,0,0,0,0,0,0,0,35;47;36;28,,,146,0,0,2,2,0,0,1,0,0,0,0,0,2,0,57,111,1,0,0,0,0,2,0,0,111
2025,1,KC,REG,2025_01_KC_LAC,LAC,24,39,258,1,0,2,-9,0,0,271,116,9,3.44855267898629,-5.99277631232613,0,9,4,3,1,17,98,1,0,0,8,8.90644093829906,0,5,1,0,0,24,38,258,1,0,0,271,116,9,5.57010922007802,0,9,4,3,1,0,40,2,18,6,17,1,3,14,4,0,0,2,0,0,0,0,0,0,0,0,0,1,0,0,0,0,10,71,6,0,1,0,1,0,2,7,5,147,3,3,0,0,59,1,0,1,1,0,1,0,0,0,0,0,0,0,35;59;27,,,121,0,0,0,1,1,0,0,0,0,0,0,0,3,0,40,116,1,1,1,0,1,0,0,0,116
2025,1,LA,REG,2025_01_HOU_LA,HOU,21,29,245,1,0,3,-21,0,0,226,68,13,6.09010885696625,5.38151689938137,0,11,6,5,0,25,72,1,1,0,3,-6.28282254067017,0,0,0,0,0,21,28,245,1,1,1,226,68,13,9.37573702522786,0,11,6,5,0,0,38,2,26,3,37,1,3,37,7,1,0,4,0,0,0,0,0,0,0,0,0,1,-18,1,0,0,7,60,2,1,1,0,2,1,2,21,2,60,0,0,0,0,,,0,0,0,0,0,0,0,0,0,0,0,0,,,,0,0,0,2,2,0,0,1,0,0,0,0,0,5,0,50,220,2,1,0,1,1,2,20,0,180
2025,1,LAC,REG,2025_01_KC_LAC,KC,25,34,318,3,0,3,-14,0,0,342,134,16,17.5672621604546,5.7887679513763,0,12,7,4,0,25,90,0,0,0,6,-0.231396482329544,0,2,1,0,0,25,34,318,3,1,0,342,134,16,21.6565919762736,0,12,7,4,0,0,36,0,24,3,10,0,2,9,8,0,0,4,0,0,0,0,0,0,0,0,0,0,0,0,0,0,6,49,1,1,0,1,1,0,0,0,3,67,2,2,0,0,39,1,0,0,2,0,0,0,0,0,0,0,0,0,39;36,,,75,0,0,3,3,0,0,1,0,0,0,0,0,2,0,56,106,0,0,0,0,0,2,7,0,99
2025,1,LV,REG,2025_01_LV_NE,NE,24,34,362,1,1,4,-29,0,0,350,140,17,14.9453278145465,9.62019002798832,0,13,10,9,0,24,56,1,0,0,3,-7.36779768340316,0,1,0,0,0,24,33,362,1,0,0,350,140,17,20.0204929265467,0,13,10,9,0,0,40,2,34,6,18,1,4,11,9,1,0,4,0,0,0,0,0,0,0,0,0,0,0,0,0,0,9,77,5,0,0,0,0,0,1,13,3,96,2,3,1,0,51,0.666666666666667,0,0,0,1,1,0,0,0,0,0,1,0,51;40,58,,91,58,0,2,2,0,0,1,0,0,0,0,0,5,0,60,249,0,1,0,2,0,2,16,0,193
2025,1,MIA,REG,2025_01_MIA_IND,IND,19,31,146,1,2,3,-13,1,1,234,79,9,-16.1425692208721,-6.79955453641953,1,6,2,1,0,12,78,0,0,0,3,4.07183802803047,0,2,2,1,0,19,31,146,1,0,0,234,79,9,-7.43053810288245,1,6,2,1,0,0,44,3,35,4,17,0,1,10,2,0,0,4,0,0,0,0,0,0,0,0,0,0,0,0,0,0,3,15,5,1,0,0,1,1,0,0,7,169,0,0,0,0,,,0,0,0,0,0,0,0,0,0,0,0,0,,,,0,0,0,0,0,0,0,,0,0,0,0,0,1,0,42,42,1,0,0,0,1,0,0,0,42
2025,1,MIN,REG,2025_01_MIN_CHI,CHI,13,20,143,2,1,3,-9,0,0,117,68,5,-9.8162908989945,-3.26094061136246,1,6,3,2,0,26,120,1,0,0,6,0.795088827202562,0,4,3,0,0,13,20,143,2,0,0,117,68,5,-4.71552129001446,1,6,3,2,0,0,40,1,25,6,23,1,2,12,3,0,0,3,0,0,0,0,0,0,0,0,0,0,0,1,0,0,8,50,5,0,0,0,0,0,4,68,5,133,2,2,0,0,59,1,0,0,1,0,1,0,0,0,0,0,0,0,31;59,,,90,0,0,1,1,0,0,1,0,0,0,0,0,7,0,54,333,0,1,0,0,2,4,37,0,296
2025,1,NE,REG,2025_01_LV_NE,LV,30,46,287,1,1,4,-11,1,0,353,114,15,-0.325632442913947,2.38844487402174,0,15,6,3,0,18,60,0,0,0,2,-4.16751966963056,0,1,1,0,0,30,45,287,1,0,0,353,114,15,5.51851919216177,0,15,6,3,0,0,35,6,30,10,30,0,4,29,9,1,1,5,0,0,0,0,0,0,0,0,0,1,0,0,0,0,8,70,5,1,0,0,1,0,2,16,4,111,2,3,1,0,44,0.666666666666667,0,0,1,1,0,0,0,0,0,1,0,0,35;44,40,,79,40,0,1,1,0,0,1,0,0,0,0,0,6,0,59,244,2,2,1,0,2,1,13,0,231
2025,1,NO,REG,2025_01_ARI_NO,ARI,27,46,214,0,0,1,-6,0,0,336,85,12,-3.94086112529551,-4.95850283925126,0,9,2,1,0,22,107,1,0,0,5,0.802369574113982,0,3,2,0,0,27,41,214,0,0,0,336,85,12,2.36205059698038,0,9,2,1,0,0,42,1,27,7,36,0,5,33,5,0,0,5,0,0,0,0,0,1,0,0,0,0,0,0,0,0,13,89,3,0,0,0,0,0,2,18,5,128,2,3,1,0,36,0.666666666666667,0,1,1,0,0,0,0,0,1,0,0,0,36;28,37,,64,37,0,1,1,0,0,1,0,0,0,0,0,4,0,54,202,2,0,0,0,1,3,30,0,172
2025,1,NYG,REG,2025_01_NYG_WAS,WAS,17,37,168,0,0,2,-11,0,0,226,84,9,-11.39383654078,-13.4579011239111,0,7,4,3,0,23,74,0,1,0,4,-3.55586418003077,0,1,1,0,0,17,32,168,0,0,0,226,84,9,-4.41455702115824,0,7,4,3,0,0,31,1,39,3,14,0,3,21,5,0,0,3,0,0,0,0,0,0,0,0,0,1,0,0,0,0,6,35,5,1,0,0,1,0,3,24,2,41,2,2,0,0,55,1,0,1,0,0,1,0,0,0,0,0,0,0,21;55,,,76,0,0,0,0,0,0,,0,0,0,0,0,6,0,65,287,0,0,0,2,2,2,0,0,247
2025,1,NYJ,REG,2025_01_PIT_NYJ,PIT,16,22,218,1,0,1,-6,0,0,169,76,9,10.0539382236458,10.3964033580962,0,8,5,5,0,39,182,3,0,0,13,3.51246900028181,0,6,6,0,0,16,21,218,1,0,0,169,76,9,12.3841967562768,0,8,5,5,0,0,33,0,30,7,34,2,4,26,7,0,0,4,0,0,0,0,0,0,0,0,0,0,0,0,0,0,7,74,4,1,0,0,1,1,2,19,7,206,2,2,0,0,51,1,0,0,1,0,1,0,0,0,0,0,0,0,35;51,,,86,0,0,2,2,0,0,1,0,0,0,0,0,2,0,55,94,1,0,1,0,1,0,0,0,94
2025,1,PHI,REG,2025_01_DAL_PHI,DAL,19,23,152,0,0,1,-8,0,0,112,61,6,1.59075203601721,21.8063087761402,0,1,1,1,1,38,158,3,0,0,14,6.04487540962873,0,5,4,1,0,19,20,152,0,0,0,112,61,6,5.75801030540357,0,1,1,1,1,0,32,2,26,3,8,1,0,0,1,0,0,6,0,0,0,0,0,0,0,0,0,0,0,1,6,0,9,110,3,0,0,0,0,0,0,0,2,32,1,1,0,0,58,1,0,0,0,0,1,0,0,0,0,0,0,0,58,,,58,0,0,3,3,0,0,1,0,0,0,0,0,3,0,51,146,2,2,0,0,1,0,0,0,146
2025,1,PIT,REG,2025_01_PIT_NYJ,NYJ,22,30,244,4,0,4,-26,0,0,139,173,14,10.2047552496334,6.35038090163264,0,11,8,5,0,20,53,0,1,0,2,-3.05086921411566,0,0,0,0,0,22,29,244,4,0,0,139,173,14,16.35746968674,0,11,8,5,0,0,45,5,25,6,20,1,1,6,6,0,0,4,0,0,0,0,0,0,0,0,0,2,0,1,0,0,4,26,4,2,0,0,2,0,0,0,6,165,2,2,0,0,60,1,0,0,0,0,1,1,0,0,0,0,0,0,56;60,,,116,0,0,4,4,0,0,1,0,0,0,0,0,4,0,50,190,1,0,0,0,2,2,19,0,171
2025,1,SEA,REG,2025_01_SF_SEA,SF,16,23,150,0,0,1,-4,1,1,197,47,6,-6.83103491103673,7.33964795416052,0,6,5,3,1,26,84,1,0,0,6,-2.97343687525835,0,0,0,0,0,16,22,150,0,2,1,197,47,6,-5.41983560641227,0,6,5,3,1,0,43,4,38,7,22,0,1,12,8,2,7,4,0,0,0,0,0,1,0,0,8,0,0,0,0,0,4,30,5,2,1,1,3,2,1,12,2,59,2,2,0,0,48,1,0,0,1,1,0,0,0,0,0,0,0,0,48;37,,,85,0,0,1,1,0,0,1,0,0,0,0,0,5,0,58,259,2,0,1,0,0,4,39,0,220
2025,1,SF,REG,2025_01_SF_SEA,SEA,26,35,277,2,2,1,-12,0,0,260,121,15,13.3298841572781,15.3414581628407,0,9,5,5,1,36,119,0,0,0,7,-5.45884066727012,0,1,1,0,0,26,34,277,2,0,0,260,121,15,16.5014382635658,0,9,5,5,1,0,36,1,19,7,21,2,1,4,2,0,0,3,0,1,0,0,0,0,0,0,0,1,0,2,0,0,9,61,2,0,1,0,1,0,4,39,2,40,1,3,1,1,32,0.333333333333333,0,0,1,0,0,0,0,1,0,0,0,0,32,27,36,32,27,36,2,2,0,0,1,0,0,0,0,0,2,0,54,96,1,0,0,0,1,1,12,0,84
2025,1,TB,REG,2025_01_TB_ATL,ATL,17,32,167,3,0,1,-8,0,0,334,45,10,5.76623440359527,-10.4013135035833,0,8,3,2,0,23,101,0,0,0,5,0.505999550048728,0,3,1,1,0,17,30,167,3,0,0,334,45,10,7.28503226733574,0,8,3,2,0,0,41,2,34,7,18,0,1,9,4,0,0,6,0,0,0,0,0,0,0,0,0,0,0,0,0,0,5,60,5,0,0,0,0,0,1,54,3,81,1,2,1,0,48,0.5,0,0,0,1,0,0,0,0,0,1,0,0,48,44,,48,44,0,2,3,1,0,0.666666666666667,0,0,0,0,0,4,0,62,205,2,0,1,0,1,2,29,0,176
2025,1,TEN,REG,2025_01_TEN_DEN,DEN,12,28,112,0,0,6,-50,1,1,294,64,5,-13.3894584187878,-12.5970318317413,0,5,2,1,0,21,71,0,1,1,2,-9.17674626053992,0,0,0,0,0,12,25,112,0,0,0,294,64,5,-0.873451538442168,0,5,2,1,0,0,43,3,29,4,15,1,1,10,5,2,16,5,0,0,0,0,0,0,0,0,0,0,0,2,0,0,13,131,5,2,0,0,2,2,1,12,4,144,4,4,0,0,50,1,0,0,2,1,1,0,0,0,0,0,0,0,50;33;42;35,,,160,0,0,0,0,0,0,,0,0,0,0,0,8,0,65,395,2,0,0,1,3,4,47,0,328
2025,1,WAS,REG,2025_01_NYG_WAS,NYG,19,30,233,1,0,3,-21,0,0,279,97,11,1.36475759616587,-1.28908434818531,0,11,5,2,0,32,220,2,0,0,11,7.8340493318392,0,8,6,1,1,19,29,233,1,0,0,279,97,11,8.10985203704331,0,11,5,2,0,0,32,2,26,7,19,1,2,11,8,0,0,7,0,0,0,0,0,0,0,0,0,0,0,0,0,0,12,89,6,0,0,0,0,0,2,0,3,86,0,0,0,0,,,0,0,0,0,0,0,0,0,0,0,0,0,,,,0,0,0,3,3,0,0,1,0,0,0,0,0,5,0,64,245,2,0,1,1,0,3,24,0,201
2025,2,ARI,REG,2025_02_CAR_ARI,CAR,17,25,220,1,1,1,-9,0,0,160,113,10,6.13976775861454,0.763731837272644,0,11,4,2,0,22,82,1,0,0,5,-0.170235732734567,0,2,1,1,0,17,25,220,1,0,0,160,113,10,8.40659436590147,0,11,4,2,0,0,44,2,30,6,33,1,3,25,10,1,4,9,0,0,0,0,0,0,0,0,0,0,0,1,3,1,12,96,3,0,0,0,0,0,1,29,4,87,2,2,0,0,47,1,0,1,0,1,0,0,0,0,0,0,0,0,29;47,,,76,0,0,3,3,0,0,1,0,0,0,0,0,2,0,62,123,0,0,1,0,0,1,12,0,111
2025,2,ATL,REG,2025_02_ATL_MIN,MIN,13,21,135,0,0,3,-27,0,0,132,59,5,-3.24417159038731,-7.45016151950473,0,7,2,1,0,39,218,1,0,0,12,6.12384862778179,0,7,5,1,0,13,21,135,0,1,1,132,59,5,-3.90217427649205,0,7,2,1,0,0,29,0,28,5,29,1,6,38,11,2,0,4,0,0,0,0,0,0,0,0,0,0,0,2,0,0,5,29,4,1,0,0,1,1,0,0,1,21,5,5,0,0,54,1,0,1,3,0,1,0,0,0,0,0,0,0,38;29;33;33;54,,,187,0,0,1,1,0,0,1,0,0,0,0,0,3,0,46,137,1,0,0,0,0,3,6,0,131
2025,2,BAL,REG,2025_02_CLE_BAL,CLE,19,29,225,4,0,3,-28,0,0,273,66,10,9.3427031262555,6.71361333557538,0,9,5,3,1,21,45,0,1,0,2,-3.09726037026849,0,1,0,0,0,19,28,225,4,0,0,273,66,10,14.2728374658134,0,9,5,3,1,0,41,3,27,7,22,1,2,11,9,1,61,5,0,0,0,1,0,0,0,0,5,1,0,1,63,1,6,28,4,1,0,0,1,0,1,23,3,79,2,2,0,0,43,1,0,0,1,1,0,0,0,0,0,0,0,0,43;32,,,75,0,0,5,5,0,0,1,0,0,0,0,0,5,0,58,259,2,1,2,0,1,1,0,0,259
2025,2,BUF,REG,2025_02_BUF_NYJ,NYJ,15,27,180,0,0,1,-1,0,0,146,105,9,0.272271557335453,-9.08146715164185,0,8,3,2,0,43,224,3,1,0,12,9.72542606380075,0,3,3,2,2,15,25,180,0,0,0,146,105,9,4.45493882618303,0,8,3,2,0,0,31,2,20,5,37,3,4,29,7,0,0,4,0,0,0,0,0,0,0,0,0,1,0,1,0,0,6,69,4,1,0,0,1,0,4,22,2,47,3,3,0,0,52,1,0,1,1,0,1,0,0,0,0,0,0,0,28;52;33,,,113,0,0,3,3,0,0,1,0,0,0,0,0,3,0,48,130,2,1,0,0,1,1,11,0,119
2025,2,CAR,REG,2025_02_CAR_ARI,ARI,35,55,328,3,1,3,-25,1,1,375,150,19,3.23423290927314,-2.34936650069255,0,11,5,4,1,19,49,0,0,0,4,-4.65860741809569,0,1,1,0,0,35,53,328,3,0,0,375,150,19,14.7997658147302,0,11,5,4,1,0,31,1,23,4,17,0,1,9,4,1,0,5,0,0,0,0,0,0,0,0,0,0,0,0,0,0,7,83,5,1,0,0,1,1,1,12,5,113,1,1,0,0,27,1,0,1,0,0,0,0,0,0,0,0,0,0,27,,,27,0,0,1,1,0,0,1,0,0,0,0,0,2,0,60,95,1,0,1,0,0,1,29,0,66
2025,2,CHI,REG,2025_02_CHI_DET,DET,21,33,234,2,1,4,-29,0,0,337,87,11,-0.0692127942165826,-5.17697867118951,0,8,5,4,0,27,134,1,2,1,7,-10.5524119317706,0,5,2,1,0,21,33,234,2,0,0,337,87,11,6.59858487520251,0,8,5,4,0,0,38,4,24,4,15,0,0,0,4,0,0,0,0,0,0,0,0,0,0,0,0,1,1,0,0,0,8,50,1,1,1,0,2,1,2,16,8,215,0,0,0,0,,,0,0,0,0,0,0,0,0,0,0,0,0,,,,0,0,0,3,3,0,0,1,0,0,0,0,0,4,0,62,212,1,1,0,0,0,3,19,0,193
2025,2,CIN,REG,2025_02_JAX_CIN,JAX,28,45,317,3,3,3,-15,0,0,360,131,17,-1.82821788815948,2.38318595775338,0,16,5,4,1,17,48,1,0,0,5,1.36242837438476,0,1,0,0,0,28,43,317,3,0,0,360,131,17,3.90774654385001,0,16,5,4,1,0,43,0,26,2,14,0,1,10,4,2,4,8,0,0,0,0,0,0,0,0,0,0,0,0,0,0,3,29,3,0,0,0,0,0,1,11,6,154,1,1,0,0,31,1,0,0,1,0,0,0,0,0,0,0,0,0,31,,,31,0,0,4,4,0,0,1,0,0,0,0,0,3,0,63,166,2,0,1,0,0,2,19,0,147
2025,2,CLE,REG,2025_02_CLE_BAL,BAL,28,48,218,2,1,2,-11,1,1,312,96,10,-23.3165189045134,-0.200864527283645,0,8,4,3,0,22,115,0,0,0,7,4.38433192804223,0,1,1,1,0,28,41,218,2,0,0,312,96,10,-7.27729857316024,0,8,4,3,0,0,25,3,29,5,25,1,3,28,5,0,0,5,0,0,0,0,0,0,0,0,0,0,0,0,0,0,6,42,2,1,0,0,1,1,1,0,5,94,1,1,0,0,38,1,0,0,1,0,0,0,0,0,0,0,0,0,38,,,38,0,0,2,2,0,0,1,0,0,0,0,0,5,1,53,223,3,2,1,0,1,1,23,0,200
2025,2,DAL,REG,2025_02_NYG_DAL,NYG,38,52,361,2,1,3,-18,0,0,350,147,18,10.0984876625821,2.10174121535741,0,16,8,3,0,28,135,2,1,0,8,0.998315426806414,0,4,4,1,0,38,52,361,2,0,0,350,147,18,14.754545577598,0,16,8,3,0,0,37,1,43,4,21,0,2,14,6,1,0,2,0,0,0,0,0,0,0,0,0,1,-1,0,0,0,12,106,7,0,1,0,1,0,1,2,9,209,4,4,0,0,64,1,0,0,0,2,1,1,0,0,0,0,0,0,51;44;64;46,,,205,0,0,4,4,0,0,1,1,1,0,0,46,4,0,53,191,2,0,0,0,1,3,38,0,153
2025,2,DEN,REG,2025_02_DEN_IND,IND,22,30,206,3,1,0,0,0,0,147,123,11,8.34534348991849,0.991099774837494,0,8,5,2,1,24,118,1,0,0,7,2.01298982772278,0,4,3,1,0,22,30,206,3,0,0,147,123,11,8.34534348991849,0,8,5,2,1,0,43,0,36,3,17,0,1,10,6,0,0,5,0,0,0,0,0,0,0,0,0,0,0,0,0,0,8,83,3,0,0,0,0,0,0,0,5,122,0,1,1,0,,0,0,0,0,0,0,0,0,0,0,1,0,0,,42,,0,42,0,4,4,0,0,1,0,0,0,0,0,3,0,50,134,3,0,0,0,1,2,4,0,130
2025,2,DET,REG,2025_02_CHI_DET,CHI,23,28,334,5,0,0,0,0,0,274,165,15,24.103420304086,14.9424163358552,0,10,6,5,2,30,177,2,0,0,10,-0.352986505496582,0,5,4,2,1,23,28,334,5,0,0,274,165,15,24.103420304086,0,10,6,5,2,0,45,1,25,5,30,1,4,29,4,1,0,5,0,0,0,0,0,0,0,0,0,0,0,1,2,0,3,28,3,0,0,0,0,0,3,19,2,48,1,2,1,0,34,0.5,0,0,1,0,0,0,0,0,0,0,1,0,34,55,,34,55,0,7,7,0,0,1,0,0,0,0,0,3,0,62,147,2,0,0,0,1,2,16,0,131
2025,2,GB,REG,2025_02_WAS_GB,WAS,19,31,292,2,0,2,-23,0,0,408,130,14,6.66238020994973,10.3657127530487,0,12,7,3,1,30,135,1,0,0,6,1.24246386095756,0,3,2,0,0,19,27,292,2,0,0,408,130,14,13.8389942144837,0,12,7,3,1,0,42,0,18,3,10,0,4,21,12,0,0,8,0,0,0,0,0,0,0,0,0,0,0,0,0,0,10,77,2,0,0,0,0,0,3,1,2,57,2,3,1,0,56,0.666666666666667,0,1,0,0,1,0,0,0,0,1,0,0,22;56,48,,78,48,0,3,3,0,0,1,0,0,0,0,0,4,0,55,213,0,0,0,1,0,3,50,0,143
2025,2,HOU,REG,2025_02_TB_HOU,TB,13,24,207,1,0,3,-25,0,0,195,124,7,-4.48148261652589,-9.78683064813199,0,7,7,5,0,19,84,1,0,0,3,1.47346493951045,0,2,2,1,0,13,23,207,1,0,0,195,124,7,3.69563966925274,0,7,7,5,0,0,50,3,15,6,26,1,4,24,6,0,0,3,0,0,0,1,0,0,0,0,1,0,0,0,0,0,6,45,2,0,0,0,0,0,3,67,4,107,2,2,0,0,53,1,0,0,1,0,1,0,0,0,0,0,0,0,35;53,,,88,0,0,1,1,0,0,1,0,0,0,0,0,4,0,57,203,2,1,0,1,1,1,6,0,177
2025,2,IND,REG,2025_02_DEN_IND,DEN,23,34,316,1,0,1,-10,0,0,329,131,16,10.9533862605969,4.97392605651509,0,12,4,3,3,32,167,1,0,0,6,-0.895030925050206,0,3,1,1,1,23,33,316,1,0,0,329,131,16,13.85934270566,0,12,4,3,3,0,34,2,22,5,8,0,0,0,0,1,0,4,0,0,0,0,0,0,0,0,0,0,0,0,0,0,11,68,4,0,0,0,0,0,2,4,5,140,5,5,0,0,45,1,0,2,2,1,0,0,0,0,0,0,0,0,29;33;36;28;45,,,171,0,0,2,2,0,0,1,1,1,0,0,45,0,0,,0,0,0,0,0,0,0,0,0,0
2025,2,JAX,REG,2025_02_JAX_CIN,CIN,24,42,271,3,2,1,-10,0,0,308,153,15,5.0054885520572,-4.9823465143762,0,9,6,3,1,27,139,0,1,0,5,1.50017687892827,0,1,1,1,0,24,41,271,3,0,0,308,153,15,5.67437281557663,0,9,6,3,1,0,37,2,24,6,19,0,3,15,9,3,73,12,0,0,0,0,0,0,0,0,0,1,0,0,0,0,6,55,5,0,1,0,1,0,2,19,4,101,2,2,0,0,42,1,0,1,0,1,0,0,0,0,0,0,0,0,42;25,,,67,0,0,3,3,0,0,1,0,0,0,0,0,2,0,60,95,1,0,0,0,1,1,11,0,84
2025,2,KC,REG,2025_02_PHI_KC,PHI,16,29,187,1,1,2,-14,0,0,309,68,7,-7.1535654113225,-5.8410676388905,0,8,5,3,1,26,121,1,1,0,9,-0.55819323484677,0,4,2,1,0,16,29,187,1,0,0,309,68,7,-3.53753508790396,0,8,5,3,1,0,37,0,30,5,11,0,1,4,3,0,0,4,0,0,0,0,0,0,0,0,0,1,0,0,0,0,6,45,4,1,0,0,1,0,2,42,4,95,1,2,1,0,56,0.5,0,0,0,0,1,0,0,0,0,0,1,0,56,58,,56,58,0,2,2,0,0,1,0,0,0,0,0,3,0,69,178,2,0,0,0,2,1,14,0,164
2025,2,LA,REG,2025_02_LA_TEN,TEN,23,33,298,2,1,1,-8,0,0,262,132,12,9.77997058962696,10.7653565704823,0,11,8,6,1,25,149,2,0,0,8,6.44117178957094,0,5,5,1,1,23,32,298,2,0,0,262,132,12,11.9394507078197,0,11,8,6,1,0,41,5,23,6,33,1,5,32,8,0,0,4,0,0,0,0,0,0,0,0,0,1,0,1,0,0,4,29,5,0,1,0,1,0,2,14,3,80,2,2,0,0,21,1,0,2,0,0,0,0,0,0,0,0,0,0,21;21,,,42,0,0,3,4,0,1,0.75,0,0,0,0,0,3,0,51,145,1,0,1,0,0,2,37,0,108
2025,2,LAC,REG,2025_02_LAC_LV,LV,19,27,242,2,0,2,-6,0,0,244,84,8,10.1681254122919,0.331745986585264,0,8,4,3,1,26,81,0,2,1,6,-15.5455115257418,0,2,2,0,0,19,27,242,2,0,0,244,84,8,12.5885782468645,0,8,4,3,1,0,38,3,23,6,45,0,3,30,5,3,8,15,0,0,0,0,0,0,0,0,0,1,-7,0,0,0,6,33,3,0,2,0,2,1,1,7,3,80,2,2,0,0,38,1,0,1,1,0,0,0,0,0,0,0,0,0,38;20,,,58,0,0,2,2,0,0,1,0,0,0,0,0,3,0,56,158,2,0,0,0,2,1,15,0,143
2025,2,LV,REG,2025_02_LAC_LV,LAC,24,43,180,0,3,3,-30,0,0,291,145,8,-23.0679281401796,-15.2583654536757,0,4,3,3,0,19,68,0,0,0,5,-2.40448387246579,0,3,2,0,0,24,43,180,0,0,0,291,145,8,-15.4001448451519,0,4,3,3,0,0,33,5,25,8,20,0,2,6,3,0,0,6,0,0,0,0,0,0,0,0,0,1,0,1,0,0,5,47,5,0,1,0,1,0,1,15,4,91,3,3,0,0,54,1,0,0,1,1,1,0,0,0,0,0,0,0,54;40;37,,,131,0,0,0,0,0,0,,0,0,0,0,0,2,0,60,114,1,0,0,0,1,1,7,0,107
2025,2,MIA,REG,2025_02_NE_MIA,NE,26,32,315,2,1,5,-18,0,0,251,145,15,9.932129502697,13.7456484138966,0,12,6,4,1,15,61,0,0,0,1,-1.09822814585641,0,1,1,0,0,26,32,315,2,0,0,251,145,15,16.3731073631996,0,12,6,4,1,1,32,2,32,4,25,0,3,19,3,0,0,2,0,0,0,0,0,0,0,0,0,0,0,0,0,0,10,65,5,0,0,0,0,0,2,93,6,128,2,2,0,0,44,1,0,0,0,2,0,0,0,0,0,0,0,0,40;44,,,84,0,0,3,3,0,0,1,0,0,0,0,0,2,0,48,88,1,0,1,0,0,1,8,0,80
2025,2,MIN,REG,2025_02_ATL_MIN,ATL,11,21,158,0,2,6,-38,1,1,252,42,7,-17.9665572904488,-11.1102920202982,0,6,4,2,1,19,78,0,1,0,3,-2.74377831211314,0,1,1,0,0,11,21,158,0,0,0,252,42,7,-4.96942782499077,0,6,4,2,1,0,38,2,32,6,31,1,3,27,5,0,0,1,0,1,0,0,0,0,0,0,0,2,0,1,9,0,8,50,5,1,3,0,4,2,3,6,6,135,2,2,0,0,51,1,0,0,1,0,1,0,0,0,0,0,0,0,33;51,,,84,0,0,0,0,0,0,,0,0,0,0,0,4,0,59,204,2,0,0,0,4,0,0,0,204
2025,2,NE,REG,2025_02_NE_MIA,MIA,19,23,230,2,0,3,-19,0,0,134,129,9,14.9905001481407,13.9967002298521,0,8,3,2,1,29,122,1,0,0,8,3.23742522897385,1,3,3,1,0,19,23,230,2,0,0,134,129,9,19.5007077430951,0,8,3,2,1,1,39,3,19,6,22,0,5,18,5,1,20,2,0,0,0,0,0,0,0,0,0,1,-13,0,0,0,12,75,4,0,1,0,1,0,1,8,6,171,2,2,0,0,53,1,0,1,0,0,1,0,0,0,0,0,0,0,22;53,,,75,0,0,1,3,2,0,0.333333333333333,0,0,0,0,0,2,0,71,136,0,0,0,0,0,2,93,1,43
2025,2,NO,REG,2025_02_SF_NO,SF,25,34,207,3,0,3,-21,1,0,250,90,12,-2.82334165394925,3.78400324022069,0,8,3,2,0,30,121,0,0,0,6,2.25944950652774,0,3,2,0,0,25,34,207,3,1,1,250,90,12,-0.530684576694984,0,8,3,2,0,0,39,3,19,7,24,1,3,12,6,0,0,6,0,0,0,0,0,0,0,0,0,1,0,1,0,0,7,45,4,2,0,0,2,1,2,23,3,82,0,1,1,0,,0,0,0,0,0,0,0,0,0,0,1,0,0,,40,,0,40,0,3,3,0,0,1,0,0,0,0,0,4,0,52,171,1,1,1,1,0,1,1,0,150
2025,2,NYG,REG,2025_02_NYG_DAL,DAL,30,41,450,3,1,3,-28,1,0,522,137,15,17.0734416140496,13.4164839237928,0,15,7,7,3,21,84,1,0,0,6,-2.6640637270757,0,2,2,1,0,30,40,450,3,0,0,522,137,15,23.3923074059441,0,15,7,7,3,0,63,0,24,9,26,0,3,18,7,1,0,9,0,0,0,0,0,0,0,0,0,0,0,0,0,0,14,160,6,0,1,1,1,0,3,38,6,161,3,3,0,0,38,1,0,0,3,0,0,0,0,0,0,0,0,0,38;33;33,,,104,0,0,4,4,0,0,1,0,0,0,0,0,3,0,50,135,0,0,0,0,2,1,2,0,133
2025,2,NYJ,REG,2025_02_BUF_NYJ,BUF,10,22,83,1,0,4,-29,1,0,172,23,5,-4.1276074651978,-17.0925009818304,0,3,1,0,0,21,100,0,1,1,5,-9.75268497626764,0,4,3,1,0,10,21,83,1,1,0,172,23,5,2.49117202992784,0,3,1,0,0,0,36,4,40,4,9,1,1,1,2,0,0,6,0,0,0,0,0,0,0,0,0,2,0,0,0,0,5,35,4,3,0,0,3,1,1,11,7,174,1,1,0,0,51,1,0,0,0,0,1,0,0,0,0,0,0,0,51,,,51,0,0,1,1,0,0,1,0,0,0,0,0,7,0,55,340,3,0,1,1,1,4,22,0,298
2025,2,PHI,REG,2025_02_PHI_KC,KC,15,22,101,0,0,2,-7,1,0,167,54,4,-4.85998605615568,4.39638921192714,0,2,1,1,0,34,122,2,0,0,9,2.43580810161075,0,3,1,0,0,15,21,101,0,0,0,167,54,4,-2.16106622513725,0,2,1,1,0,0,35,3,23,4,7,1,2,14,10,1,41,4,0,0,0,0,0,0,0,0,0,1,0,0,0,0,6,48,5,0,1,0,1,0,1,14,3,69,2,2,0,0,58,1,0,0,0,0,2,0,0,0,0,0,0,0,58;51,,,109,0,0,2,2,0,0,1,0,0,0,0,0,5,0,70,274,1,1,0,1,1,2,42,0,212
2025,2,PIT,REG,2025_02_SEA_PIT,SEA,20,35,215,1,2,3,-20,0,0,186,147,6,-6.30552761501029,-4.56677204178226,1,5,3,3,1,21,72,0,0,0,6,-4.12840853041038,0,1,1,0,0,20,31,215,1,0,0,186,147,6,-1.7183725719792,1,5,3,3,1,0,44,3,25,6,28,0,2,17,8,2,43,6,0,0,0,0,0,0,0,0,0,0,0,0,0,0,2,15,3,0,0,0,0,0,0,0,4,78,3,3,0,0,48,1,0,0,0,3,0,0,0,0,0,0,0,0,48;48;45,,,141,0,0,0,0,0,0,,0,0,0,0,0,4,0,64,221,1,0,0,1,1,2,30,0,171
2025,2,SEA,REG,2025_02_SEA_PIT,PIT,22,33,295,2,2,2,-17,0,0,265,130,13,2.85406209641665,7.03477561473846,0,14,8,3,1,29,117,1,0,0,8,1.89834010612685,0,4,4,1,0,22,30,295,2,0,0,265,130,13,8.61864385449469,0,14,8,3,1,1,35,5,23,2,14,0,3,20,8,2,28,5,0,0,0,0,0,0,0,0,0,0,0,0,0,0,2,10,3,0,0,0,0,0,2,30,5,133,1,2,1,0,54,0.5,0,0,0,0,1,0,0,0,1,0,0,0,54,36,,54,36,0,4,4,0,0,1,0,0,0,0,0,4,0,52,175,2,1,0,1,2,0,0,0,155
2025,2,SF,REG,2025_02_SF_NO,NO,26,39,279,3,0,3,-12,1,1,254,135,15,2.68814235747327,-3.62963025507174,0,14,2,2,1,26,77,0,1,0,5,-3.45882750477176,0,2,1,0,0,26,38,279,3,0,0,254,135,15,11.6212425874756,0,14,2,2,1,0,43,3,31,7,35,2,3,21,5,0,0,3,0,0,0,0,0,0,0,0,0,1,0,1,0,0,5,40,4,1,1,0,2,1,1,1,2,47,2,2,0,0,46,1,0,0,0,2,0,0,0,0,0,0,0,0,44;46,,,90,0,0,2,3,1,0,0.666666666666667,0,0,0,0,0,4,0,49,173,2,0,0,0,2,2,23,0,150
2025,2,TB,REG,2025_02_TB_HOU,HOU,25,38,215,2,0,4,-24,1,0,304,129,12,-0.643385174034916,1.90423743592368,0,8,3,3,0,30,169,1,0,0,9,10.4717958169058,0,5,4,0,0,25,36,215,2,0,0,304,129,12,8.3900015832276,0,8,3,3,0,0,34,2,10,5,22,0,3,25,6,0,0,2,0,0,0,0,0,0,0,0,0,1,0,0,0,0,7,45,4,1,0,0,1,0,1,6,3,68,0,1,1,0,,0,0,0,0,0,0,0,0,0,1,0,0,0,,38,,0,38,0,2,2,0,0,1,0,0,0,0,0,5,1,60,253,0,0,1,1,0,3,67,0,166
2025,2,TEN,REG,2025_02_LA_TEN,LA,19,33,175,1,0,5,-32,1,1,215,80,10,-6.73397417620746,-4.79327353738969,0,6,4,3,0,26,109,0,0,0,7,-1.18351882409861,0,2,0,0,0,19,31,175,1,0,0,215,80,10,5.51375754214368,0,6,4,3,0,0,34,2,26,2,9,0,1,8,6,1,0,4,0,0,0,0,1,0,1,0,0,0,0,0,0,0,10,62,6,1,0,0,1,1,2,37,5,83,4,4,0,0,57,1,0,0,2,0,2,0,0,0,0,0,0,0,55;37;57;35,,,184,0,0,1,1,0,0,1,0,0,0,0,0,5,0,57,250,2,0,1,0,2,2,14,0,236
2025,2,WAS,REG,2025_02_WAS_GB,GB,24,42,200,2,0,4,-21,0,0,279,107,10,-8.1056301915201,-7.1983578056097,1,8,2,1,0,19,51,0,0,0,3,-2.61570764367934,0,0,0,0,0,24,40,200,2,0,0,279,107,10,-0.975448215558533,1,8,2,1,0,0,35,0,30,2,14,0,2,23,4,0,0,3,0,0,0,0,0,0,0,0,0,0,0,0,0,0,5,30,3,0,0,0,0,0,3,50,3,103,1,3,2,0,51,0.333333333333333,0,0,0,0,1,0,0,0,0,0,2,0,51,58;52,,51,110,0,1,1,0,0,1,0,0,0,0,0,4,0,55,187,3,0,1,0,0,3,1,0,186
2025,3,ARI,REG,2025_03_ARI_SF,SF,22,35,159,1,0,1,-5,0,0,177,92,8,-0.61861315900615,-2.62556794811698,0,5,3,1,0,28,106,0,1,0,7,-0.0879640260536689,0,1,1,1,0,22,34,159,1,0,0,177,92,8,2.00265503559921,0,5,3,1,0,0,38,1,27,3,9,0,1,2,8,1,18,4,0,0,1,0,0,0,0,0,0,1,0,0,0,0,5,30,2,1,0,0,1,0,1,8,4,115,2,3,1,0,34,0.666666666666667,0,1,1,0,0,0,0,0,0,0,1,0,34;28,57,,62,57,0,1,1,0,0,1,0,0,0,0,0,5,0,55,258,2,0,0,1,1,3,26,0,212
2025,3,ATL,REG,2025_03_ATL_CAR,CAR,23,43,201,0,2,0,0,0,0,306,111,11,-21.8481338841731,-11.8169891398128,0,9,5,2,0,23,131,0,1,1,6,-0.532478629145771,0,3,1,0,0,23,41,201,0,0,0,306,111,11,-20.4508306158597,0,9,5,2,0,0,34,2,24,4,10,0,1,7,3,0,0,2,0,0,0,0,0,0,0,0,0,0,0,1,0,0,3,23,4,1,0,0,1,1,2,0,5,58,0,2,2,0,,0,0,0,0,0,0,0,0,0,0,1,1,0,,49;55,,0,104,0,0,0,0,0,,0,0,0,0,0,3,0,41,96,1,1,0,0,1,1,0,0,96
2025,3,BAL,REG,2025_03_DET_BAL,DET,21,28,288,3,0,7,-55,1,0,284,101,14,10.5637622406728,11.6911359131336,0,12,7,4,0,19,85,1,1,1,4,-6.8112504798919,0,3,3,1,0,21,28,288,3,0,0,284,101,14,21.6496867008247,0,12,7,4,0,0,39,1,37,4,16,0,0,0,6,0,0,1,0,0,0,0,0,0,0,0,0,1,0,0,0,0,3,10,4,2,0,0,2,1,3,31,4,105,1,1,0,0,41,1,0,0,0,1,0,0,0,0,0,0,0,0,41,,,41,0,0,3,3,0,0,1,0,0,0,0,0,3,0,63,157,2,1,1,0,0,1,0,0,157
2025,3,BUF,REG,2025_03_MIA_BUF,MIA,22,28,213,3,0,2,-10,0,0,111,160,12,10.6495221594861,7.68089393774668,0,7,4,2,0,27,157,1,1,0,8,5.15529626754969,0,6,3,1,0,22,27,213,3,0,0,111,160,12,12.4366789832711,0,7,4,2,0,0,40,0,20,5,15,0,0,0,1,1,24,3,0,1,0,0,0,0,0,0,0,2,-2,0,0,0,3,35,5,0,2,0,2,0,2,15,3,95,1,2,1,0,48,0.5,0,0,0,1,0,0,0,0,1,0,0,0,48,39,,48,39,0,4,4,0,0,1,0,0,0,0,0,2,0,48,95,0,0,0,0,0,2,22,0,73
2025,3,CAR,REG,2025_03_ATL_CAR,ATL,16,24,121,0,0,1,-7,0,0,133,76,7,-2.48379494861531,-1.29961036145687,0,3,2,2,0,30,110,2,0,0,7,2.00014139199629,0,0,0,0,0,16,24,121,0,0,0,133,76,7,-0.307905160772145,0,3,2,2,0,0,41,2,22,2,7,1,0,0,2,2,65,3,1,1,0,0,0,0,0,0,0,0,0,1,0,0,6,55,1,0,1,0,1,1,1,0,1,21,3,3,0,0,57,1,0,0,1,1,1,0,0,0,0,0,0,0,57;35;41,,,133,0,0,3,3,0,0,1,0,0,0,0,0,3,0,54,135,2,0,0,0,1,2,0,0,135
2025,3,CHI,REG,2025_03_DAL_CHI,DAL,19,28,298,4,0,0,0,0,0,250,156,11,17.9795747286233,3.65460078631129,0,10,5,5,2,29,87,0,0,0,7,-1.38504396064673,0,2,1,0,0,19,28,298,4,0,0,250,156,11,17.9795747286233,0,10,5,5,2,0,43,5,29,2,17,1,2,17,7,3,0,6,0,0,0,0,0,0,0,0,0,0,0,1,-4,0,6,41,0,0,0,0,0,0,2,31,2,41,1,1,0,0,30,1,0,0,1,0,0,0,0,0,0,0,0,0,30,,,30,0,0,4,4,0,0,1,0,0,0,0,0,4,0,50,176,1,2,0,0,0,2,28,0,148
2025,3,CIN,REG,2025_03_CIN_MIN,MIN,19,27,140,1,2,4,-22,0,0,129,84,6,-19.3095454765283,0.361257447646214,0,5,2,1,0,21,53,0,2,1,3,-7.13378103642026,0,1,1,0,0,19,26,140,1,3,2,129,84,6,-25.6260419471222,0,5,2,1,0,0,40,1,31,3,10,1,3,19,5,0,0,1,0,0,0,0,0,0,0,0,0,2,0,0,0,0,4,45,4,5,0,0,5,3,1,9,7,149,1,1,0,0,45,1,0,0,0,1,0,0,0,0,0,0,0,0,45,,,45,0,0,1,1,0,0,1,0,0,0,0,0,6,0,70,328,1,1,0,0,0,5,68,0,260
2025,3,CLE,REG,2025_03_GB_CLE,GB,21,36,142,0,1,2,-17,0,0,254,68,7,-8.7097985782642,-3.43583944168958,0,6,2,0,0,19,96,1,0,0,5,0.683843076680205,0,2,2,1,0,21,33,142,0,0,0,254,68,7,-3.45803629244441,0,6,2,0,0,0,35,6,36,6,26,1,5,34,7,1,25,2,0,0,0,0,0,1,0,0,0,0,0,0,0,0,8,90,5,0,0,0,0,0,2,15,2,55,2,2,0,0,55,1,0,0,1,0,1,0,0,0,0,0,0,0,35;55,,,90,0,0,1,1,0,0,1,1,1,0,0,55,6,0,58,291,2,1,1,2,0,2,8,0,243
2025,3,DAL,REG,2025_03_DAL_CHI,CHI,34,45,292,1,3,2,-17,0,0,268,117,14,-2.62258561351191,10.1819475266066,1,10,5,4,0,20,121,0,1,1,6,-0.0649206715170294,0,1,1,1,0,34,44,292,1,0,0,268,117,14,1.76298427931178,1,10,5,4,0,0,36,1,23,4,20,0,0,0,1,0,0,3,0,0,0,0,0,0,0,0,0,0,0,0,0,0,4,25,6,1,0,0,1,1,2,28,4,93,2,2,0,0,53,1,0,0,1,0,1,0,0,0,0,0,0,0,53;33,,,86,0,0,0,0,0,0,,0,0,0,0,0,2,0,60,102,0,0,0,0,0,2,31,0,71
2025,3,DEN,REG,2025_03_DEN_LAC,LAC,14,25,153,1,0,2,-6,0,0,269,84,5,-1.52553227478938,-8.01634334999582,0,4,3,2,1,21,118,1,0,0,3,-0.645614653709345,0,4,3,1,1,14,23,153,1,0,0,269,84,5,1.4886424657393,0,4,3,2,1,0,45,1,43,7,37,2,5,30,14,1,0,7,0,0,0,0,0,0,0,0,0,0,0,1,0,0,10,90,5,0,0,0,0,0,2,56,5,141,2,2,0,0,42,1,0,1,0,1,0,0,0,0,0,0,0,0,42;26,,,68,0,0,2,2,0,0,1,0,0,0,0,0,7,0,56,330,3,0,0,0,4,3,50,0,280
2025,3,DET,REG,2025_03_DET_BAL,BAL,20,28,202,1,0,0,0,0,0,211,69,11,14.249866356457,12.9774356117615,0,9,5,2,0,38,224,4,1,0,12,9.48179392589373,0,4,2,2,1,20,26,202,1,0,0,211,69,11,14.7601398848587,0,9,5,2,0,0,41,0,14,6,40,2,7,55,7,0,0,2,0,0,0,0,0,0,0,0,0,1,-9,1,3,0,8,68,5,0,1,0,1,0,1,0,4,110,1,2,1,0,45,0.5,0,0,0,1,0,0,0,0,0,0,0,1,45,67,,45,67,0,5,5,0,0,1,0,0,0,0,0,3,0,53,146,0,0,0,0,0,3,31,0,115
2025,3,GB,REG,2025_03_GB_CLE,CLE,18,25,183,1,1,5,-34,0,0,48,137,8,-0.942287220979445,-2.67737114429474,0,5,5,2,0,31,81,0,1,0,4,-3.79987179852109,0,1,0,0,0,18,25,183,1,0,0,48,137,8,8.1326707635784,0,5,5,2,0,0,30,4,28,5,24,0,2,17,10,1,0,3,0,0,0,0,0,0,0,0,0,1,0,0,0,0,14,75,6,1,0,0,1,0,2,8,3,78,1,2,0,1,39,0.5,0,0,1,0,0,0,0,0,0,0,0,0,39,,43,39,0,43,1,1,0,0,1,0,0,0,0,0,5,0,63,265,0,0,0,1,2,2,15,0,230
2025,3,HOU,REG,2025_03_HOU_JAX,JAX,25,38,204,1,2,2,-20,0,0,288,91,8,-4.1903460337066,1.46421301696036,0,8,3,1,1,19,87,0,0,0,2,-3.38236443832284,0,1,1,0,0,25,36,204,1,1,1,288,91,8,-4.07045055744079,0,8,3,1,1,0,40,0,20,3,16,0,2,17,5,1,0,7,0,0,0,0,0,0,0,0,0,0,0,0,0,0,7,66,3,1,0,0,1,1,2,11,2,53,1,2,1,0,27,0.5,0,1,0,0,0,0,0,0,0,0,1,0,27,52,,27,52,0,1,1,0,0,1,0,0,0,0,0,6,0,66,261,2,2,2,0,0,2,17,0,244
2025,3,IND,REG,2025_03_IND_TEN,TEN,18,25,228,1,0,0,0,0,0,175,120,10,10.8186401472362,1.65869104862213,0,11,7,2,0,28,137,3,0,0,9,4.7433116260296,0,3,3,1,1,18,25,228,1,0,0,175,120,10,10.8186401472362,0,11,7,2,0,0,43,3,19,8,32,0,4,23,7,1,32,4,1,0,0,0,0,1,0,0,0,0,0,0,0,0,4,23,4,0,0,0,0,0,0,0,3,104,2,3,1,0,36,0.666666666666667,0,1,1,0,0,0,0,0,0,0,1,0,24;36,51,,60,51,0,5,5,0,0,1,0,0,0,0,0,1,0,46,46,1,0,0,0,1,0,0,0,46
2025,3,JAX,REG,2025_03_HOU_JAX,HOU,20,40,222,0,1,2,-17,0,0,315,119,10,-9.54640578877378,-17.0290343855557,0,9,6,2,1,24,86,2,0,0,5,-1.06576339222492,0,2,0,0,0,20,38,222,0,0,0,315,119,10,-5.78789672625216,0,9,6,2,1,0,38,1,21,4,16,1,2,20,6,2,6,6,0,0,0,0,0,0,0,0,0,0,0,1,2,0,9,70,4,0,0,0,0,0,2,17,2,48,1,2,1,0,39,0.5,0,0,1,0,0,0,0,0,0,1,0,0,39,47,,39,47,0,2,2,0,0,1,0,0,0,0,0,6,0,60,293,2,2,1,1,0,2,11,0,262
2025,3,KC,REG,2025_03_KC_NYG,NYG,22,37,224,1,0,2,-23,2,0,319,112,13,8.23080711069923,-1.49373888969421,0,10,5,3,0,28,105,1,0,0,6,0.262292807892663,0,2,0,0,0,22,35,224,1,0,0,319,112,13,10.8244780663487,0,10,5,3,0,0,34,3,35,6,14,0,2,9,9,2,23,6,0,0,0,0,1,0,0,0,0,2,0,0,0,0,8,85,3,1,1,0,2,0,1,4,3,63,3,4,1,0,54,0.75,0,1,0,1,1,0,0,0,0,1,0,0,54;48;28,40,,130,40,0,1,2,1,0,0.5,0,0,0,0,0,3,0,53,139,0,0,1,0,0,2,17,0,122
2025,3,LA,REG,2025_03_LA_PHI,PHI,19,34,196,2,1,1,0,0,0,268,57,10,-2.47909250600673,-5.4620005867698,0,8,2,2,1,31,160,0,0,0,11,0.214972917881964,0,6,3,0,0,19,33,196,2,0,0,268,57,10,-0.583820116719598,0,8,2,2,1,0,36,2,28,7,38,1,4,24,4,0,0,6,0,0,0,0,0,0,0,0,0,0,0,1,0,0,4,41,3,0,0,0,0,0,4,53,5,115,4,6,0,2,51,0.666666666666667,0,1,1,1,1,0,0,0,0,0,0,0,51;28;33;46,,36;44,158,0,80,2,2,0,0,1,0,0,0,0,0,1,0,36,36,1,0,0,0,1,0,0,0,36
2025,3,LAC,REG,2025_03_DEN_LAC,DEN,28,47,300,1,1,5,-30,0,0,429,135,17,-2.39498249557439,-4.15901396009657,0,14,5,4,0,28,106,1,0,0,6,-0.69660783782447,0,2,0,0,0,28,45,300,1,1,0,429,135,17,8.66520035860956,0,14,5,4,0,0,33,1,17,5,17,0,2,6,4,0,0,3,0,0,0,0,0,0,0,0,0,0,0,0,0,0,3,25,2,2,0,1,2,1,3,50,5,127,3,3,0,0,43,1,0,1,1,1,0,0,0,0,0,0,0,0,32;24;43,,,99,0,0,2,2,0,0,1,1,1,0,0,43,5,0,60,249,0,0,0,1,2,2,56,0,173
2025,3,LV,REG,2025_03_LV_WAS,WAS,19,29,289,3,0,5,-28,0,0,305,90,12,12.2407076665405,11.6812643077638,1,13,7,3,2,28,93,0,0,0,5,-9.36108344532829,0,3,2,0,0,19,27,289,3,0,0,305,90,12,20.1042317176908,1,13,7,3,2,0,37,4,24,6,15,1,1,8,3,0,0,2,0,0,0,0,0,0,0,0,0,0,0,1,3,0,6,54,5,0,0,0,0,0,2,10,5,110,1,1,0,0,37,1,0,0,1,0,0,0,0,0,0,0,0,0,37,,,37,0,0,1,1,0,0,1,0,0,0,0,0,6,0,56,294,0,1,0,0,0,5,127,1,167
2025,3,MIA,REG,2025_03_MIA_BUF,BUF,22,34,146,2,1,0,0,0,0,204,117,11,0.147440837870818,-1.68731122305899,0,8,1,0,0,25,130,1,1,0,8,3.01154395902995,0,4,3,0,0,22,33,146,2,0,0,204,117,11,0.709284920070786,0,7,1,0,0,0,44,0,14,2,8,0,2,10,2,0,0,3,0,0,0,0,0,0,0,0,0,1,0,0,0,0,6,57,5,0,1,0,1,0,2,22,5,152,0,0,0,0,,,0,0,0,0,0,0,0,0,0,0,0,0,,,,0,0,0,3,3,0,0,1,0,0,0,0,0,4,0,56,200,1,0,0,0,2,2,15,0,185
2025,3,MIN,REG,2025_03_CIN_MIN,CIN,16,24,202,2,0,3,-19,0,0,188,109,10,5.62056811032786,-1.78154408931732,0,9,4,3,0,31,169,2,1,0,10,1.40084315929562,0,6,4,1,0,16,24,202,2,0,0,188,109,10,10.3178878000003,0,9,4,3,0,0,40,5,17,7,29,5,4,22,9,2,87,5,1,0,0,0,0,0,0,0,0,1,0,3,66,1,13,105,2,1,0,0,1,0,5,68,3,84,2,2,0,0,62,1,0,0,1,0,0,1,0,0,0,0,0,0,35;62,,,97,0,0,6,6,0,0,1,0,0,0,0,0,5,0,46,220,2,0,0,0,4,1,9,0,211
2025,3,NE,REG,2025_03_PIT_NE,PIT,28,37,268,2,1,5,-18,1,1,207,109,13,1.41291899300995,7.90583797627025,0,11,5,2,0,29,119,0,3,3,10,-12.5928289477015,0,4,2,0,0,28,36,268,2,0,0,207,109,13,12.4123504312884,0,11,5,2,0,0,27,4,20,6,12,1,0,0,3,1,37,1,0,0,0,0,0,0,0,0,0,0,0,0,0,0,7,54,2,4,0,0,4,4,1,11,4,94,0,0,0,0,,,0,0,0,0,0,0,0,0,0,0,0,0,,,,0,0,0,2,2,0,0,1,0,0,0,0,0,1,0,59,59,0,0,0,1,0,0,0,0,39
2025,3,NO,REG,2025_03_NO_SEA,SEA,28,41,218,1,1,2,-13,0,0,347,102,12,-0.331401687751354,4.33502517095426,0,6,1,1,0,27,79,0,0,0,4,-8.00912173959659,0,0,0,0,0,28,41,218,1,0,0,347,102,12,0.412995739204048,0,6,1,1,0,0,31,4,32,3,4,1,0,0,2,0,0,2,0,0,0,0,0,0,0,0,0,0,0,1,0,0,11,77,3,0,0,0,0,0,1,40,8,182,2,3,1,0,27,0.666666666666667,0,2,0,0,0,0,0,0,0,0,1,0,27;23,52,,50,52,0,1,1,0,0,1,0,0,0,0,0,5,1,61,243,0,1,0,0,1,3,114,1,129
2025,3,NYG,REG,2025_03_KC_NYG,KC,18,32,160,0,2,2,-9,0,0,284,96,7,-14.8083349349326,-4.92689579725266,0,6,3,2,0,27,130,1,0,0,8,-0.422504970704646,0,5,2,0,0,18,30,160,0,0,0,284,96,7,-9.17919157794677,0,6,3,2,0,0,41,2,18,4,21,1,1,15,7,0,0,6,0,0,0,0,0,0,0,0,0,0,0,0,0,0,7,82,7,0,0,0,0,0,2,17,5,134,1,1,0,0,25,1,0,1,0,0,0,0,0,0,0,0,0,0,25,,,25,0,0,0,1,0,1,0,0,0,0,0,0,2,0,33,61,2,0,1,0,0,1,4,0,57
2025,3,NYJ,REG,2025_03_NYJ_TB,TB,26,36,197,2,1,4,-29,1,1,161,106,13,-7.88690156732874,7.48388017926897,0,7,2,1,0,23,99,0,0,0,5,-3.53839694254566,0,3,2,0,0,26,35,197,2,0,0,161,106,13,-0.415703160501567,0,7,2,1,0,1,39,3,37,7,21,1,1,8,2,0,0,2,0,0,0,0,0,1,0,0,50,0,0,0,0,0,7,81,6,1,0,0,1,1,0,0,6,157,2,2,0,0,42,1,0,0,1,1,0,0,0,0,0,0,0,0,38;42,,,80,0,0,3,3,0,0,1,0,0,0,0,0,2,0,51,97,0,0,0,0,0,2,-1,0,98
2025,3,PHI,REG,2025_03_LA_PHI,LA,21,32,226,3,0,4,-24,1,1,274,63,9,-0.211598559529986,5.95618416865667,0,7,5,4,0,27,86,1,0,0,8,1.25986258330522,0,3,2,0,0,21,30,226,3,0,0,274,63,9,11.5801307231742,0,7,5,4,0,1,40,2,32,2,3,0,1,0,7,1,0,4,0,0,0,0,0,2,0,0,61,0,0,0,0,0,5,50,3,1,0,0,1,1,0,0,5,55,0,0,0,0,,,0,0,0,0,0,0,0,0,0,0,0,0,,,,0,0,0,3,3,0,0,1,0,0,0,0,0,4,0,64,222,0,0,0,0,0,4,53,0,169
2025,3,PIT,REG,2025_03_PIT_NE,NE,16,23,139,2,1,0,0,0,0,114,107,5,0.193404949328396,4.53472110358152,0,6,2,1,0,26,64,1,0,0,7,-2.58974153312738,0,2,1,0,0,16,22,139,2,1,0,114,107,5,0.716829093929846,0,6,2,1,0,0,48,0,36,6,21,4,5,18,8,1,0,5,0,0,0,0,0,0,0,0,0,0,0,4,-6,0,8,59,3,1,0,1,1,0,0,0,1,27,0,0,0,0,,,0,0,0,0,0,0,0,0,0,0,0,0,,,,0,0,0,3,3,0,0,1,0,0,0,0,0,4,0,55,169,3,1,0,0,2,1,11,0,158
2025,3,SEA,REG,2025_03_NO_SEA,NO,16,21,233,2,0,0,0,0,0,170,79,11,16.0740122994352,17.2461751103401,0,10,4,4,1,33,87,2,1,1,7,-8.59133141615894,0,3,0,0,0,16,20,233,2,0,0,170,79,11,16.809075804445,0,10,4,4,1,1,51,2,24,4,13,0,2,13,8,1,0,7,0,0,0,1,0,0,0,0,0,0,0,0,0,0,8,70,1,1,0,0,1,1,3,114,2,92,3,3,0,0,56,1,0,0,1,1,1,0,0,0,0,0,0,0,56;46;37,,,139,0,0,5,5,0,0,1,0,0,0,0,0,2,0,47,92,1,0,0,0,1,1,40,0,52
2025,3,SF,REG,2025_03_ARI_SF,ARI,27,41,284,1,1,1,-2,0,0,309,101,14,1.50221513184712,3.25556060201243,0,12,6,3,0,20,73,0,0,0,4,-4.74635050145615,0,3,2,0,0,27,38,284,1,0,0,309,101,14,4.46862476388102,0,12,6,3,0,0,33,1,43,4,8,1,1,5,4,0,0,5,0,0,0,0,0,0,0,0,0,0,0,0,0,0,5,69,5,0,0,0,0,0,3,26,3,80,3,3,0,0,51,1,0,0,2,0,1,0,0,0,0,0,0,0,38;51;35,,,124,0,0,1,1,0,0,1,1,1,0,0,35,3,0,48,128,2,0,0,0,2,1,8,0,120
2025,3,TB,REG,2025_03_NYJ_TB,NYJ,19,29,233,1,0,1,-8,1,0,232,139,12,8.26902235693506,1.17168190150425,0,10,7,6,0,34,122,0,0,0,4,-6.91463324007844,0,4,2,1,0,19,29,233,1,0,0,232,139,12,9.8240776341243,0,10,7,6,0,0,43,0,20,9,43,1,4,29,10,1,55,4,1,0,0,0,0,0,0,0,0,1,0,1,0,0,14,124,3,1,0,0,1,0,2,-1,5,124,5,6,0,1,55,0.833333333333333,0,1,2,0,2,0,0,0,0,0,0,0,54;33;28;55;36,,43,206,0,43,2,2,0,0,1,1,1,0,0,36,4,0,60,162,1,1,0,1,2,0,0,0,142
2025,3,TEN,REG,2025_03_IND_TEN,IND,23,38,219,1,1,4,-23,0,0,185,114,11,-12.5244108862288,-1.38548621359993,0,11,4,2,0,23,86,1,0,0,8,1.31479603296611,0,2,1,1,0,23,34,219,1,0,0,185,114,11,-2.18408397376054,0,11,4,2,0,0,32,1,19,0,0,0,0,0,2,0,0,3,0,0,0,0,0,0,0,0,0,0,0,0,0,0,8,68,1,0,0,0,0,0,0,0,6,162,2,4,1,1,57,0.5,0,0,0,1,1,0,0,0,0,0,0,1,57;42,64,62,99,64,62,2,2,0,0,1,0,0,0,0,0,1,0,52,52,0,0,0,0,1,0,0,0,52
2025,3,WAS,REG,2025_03_LV_WAS,LV,15,21,207,1,0,1,-8,0,0,158,113,7,10.7824500925761,14.5727589726448,0,6,3,2,2,32,201,3,1,1,8,4.01152036150749,0,5,4,2,1,15,18,207,1,0,0,158,113,7,15.5487791822214,0,6,3,2,2,1,41,2,26,8,35,0,5,28,9,0,0,4,0,0,0,0,0,0,0,0,0,0,0,0,0,0,7,54,5,1,0,0,1,1,5,127,3,118,2,3,1,0,56,0.666666666666667,0,0,0,1,1,0,0,0,1,0,0,0,46;56,37,,102,37,0,5,5,0,0,1,0,0,0,0,0,3,0,56,138,2,0,1,0,0,2,10,0,128
2025,4,ARI,REG,2025_04_SEA_ARI,SEA,27,41,200,2,2,6,-36,0,0,238,125,13,-3.30439978422967,-4.95785750448704,0,7,4,0,0,17,89,0,0,0,2,-1.89903767756186,0,2,2,1,0,27,40,200,2,0,0,238,125,13,5.98342189142111,0,7,4,0,0,0,35,3,47,9,31,2,3,13,3,0,0,2,0,0,0,0,0,0,0,0,0,0,0,1,0,0,7,46,6,0,0,0,0,0,1,15,5,126,2,2,0,0,57,1,0,0,1,0,1,0,0,0,0,0,0,0,33;57,,,90,0,0,2,2,0,0,1,0,0,0,0,0,4,0,63,202,3,0,0,0,2,2,10,0,192
2025,4,ATL,REG,2025_04_WAS_ATL,WAS,20,26,313,2,1,1,-6,0,0,274,134,14,18.287676299231,11.4396501045961,0,11,6,4,2,37,128,2,1,0,9,-3.57524065361198,0,4,3,0,0,20,26,313,2,0,0,274,134,14,19.5942660197689,0,11,6,4,2,0,31,1,29,4,10,2,2,9,6,1,0,3,0,0,0,0,0,0,0,0,0,2,0,0,0,0,5,45,2,2,0,0,2,0,1,0,5,128,2,2,0,0,38,1,0,1,1,0,0,0,0,0,0,0,0,0,38;26,,,64,0,0,4,4,0,0,1,0,0,0,0,0,2,0,48,92,1,0,0,0,0,2,0,0,92
2025,4,BAL,REG,2025_04_BAL_KC,KC,23,33,199,1,1,3,-5,1,1,158,101,10,-11.0689640088745,6.86809559663137,0,9,3,2,0,17,166,1,0,0,7,7.75533899688162,0,5,4,1,1,23,30,199,1,0,0,158,101,10,3.57406624229036,0,9,3,2,0,0,41,0,32,2,7,0,1,6,3,0,0,2,0,0,0,0,0,0,0,0,0,0,0,0,0,0,6,56,3,0,1,0,1,1,0,0,7,164,2,2,0,0,43,1,0,0,1,1,0,0,0,0,0,0,0,0,43;32,,,75,0,0,2,2,0,0,1,0,0,0,0,0,1,0,50,50,0,0,0,0,0,1,15,0,35
2025,4,BUF,REG,2025_04_NO_BUF,NO,16,22,209,2,1,3,-18,0,0,224,123,10,4.91718479604083,9.25322127613154,0,9,5,3,1,32,165,2,0,0,9,3.62611436122097,0,5,3,1,0,16,22,209,2,0,0,224,123,10,8.6413104567639,0,9,5,3,1,0,47,1,21,5,22,1,3,17,4,1,4,2,0,0,0,0,0,0,0,0,0,0,0,0,0,0,11,55,6,0,0,0,0,0,1,6,4,95,1,1,0,0,35,1,0,0,1,0,0,0,0,0,0,0,0,0,35,,,35,0,0,4,4,0,0,1,0,0,0,0,0,2,0,43,83,0,0,0,0,1,1,10,0,73
2025,4,CAR,REG,2025_04_CAR_NE,NE,23,36,208,2,0,1,-11,0,0,199,130,11,0.977362909953358,4.04747575521469,0,7,4,2,0,28,129,0,0,0,8,-2.55946973740356,0,4,2,1,0,23,32,208,2,1,0,199,130,11,8.37527396077594,0,7,4,2,0,0,23,1,33,1,2,0,1,0,1,0,0,2,0,0,0,0,0,0,0,0,0,0,0,0,0,0,5,29,3,1,0,1,1,0,3,19,6,139,0,1,1,0,,0,0,0,0,0,0,0,0,0,0,0,1,0,,55,,0,55,0,1,2,1,0,0.5,0,0,0,0,0,5,0,55,231,1,1,0,1,0,3,167,1,44
2025,4,CHI,REG,2025_04_CHI_LV,LV,22,37,212,1,1,1,-10,0,0,246,99,10,-1.12095801730195,-11.366076187955,0,10,4,2,0,26,69,1,2,0,5,-6.59560730668724,0,2,2,0,0,22,36,212,1,0,0,246,99,10,1.62864747643451,0,10,4,2,0,0,35,3,29,5,17,1,0,0,1,3,50,4,0,0,0,0,0,1,0,0,0,2,-19,1,0,0,8,60,4,1,1,0,2,0,1,19,5,122,4,4,0,0,52,1,0,0,0,2,2,0,0,0,0,0,0,0,46;43;52;51,,,192,0,0,1,1,0,0,1,0,0,0,0,0,3,0,62,148,1,0,1,1,0,1,7,0,121
2025,4,CIN,REG,2025_04_CIN_DEN,DEN,14,25,125,0,0,3,-19,0,0,200,68,3,-10.3546775998008,-4.89571013233878,0,5,2,1,0,15,53,0,0,0,3,-0.412646671000402,0,0,0,0,0,14,22,125,0,0,0,200,68,3,-3.41827813344265,0,5,2,1,0,0,42,1,45,1,2,0,0,0,1,1,0,2,0,0,0,0,0,0,0,0,0,0,0,0,0,0,11,65,1,0,0,0,0,0,1,16,2,48,1,1,0,0,26,1,0,1,0,0,0,0,0,0,0,0,0,0,26,,,26,0,0,0,0,0,0,,0,0,0,0,0,8,0,69,403,3,2,0,1,2,3,24,0,359
2025,4,CLE,REG,2025_04_CLE_DET,DET,16,35,184,0,2,3,-14,1,1,347,79,8,-21.1603039430681,-16.3890133885776,0,8,4,2,0,27,79,1,0,0,7,-2.07442968443502,0,2,0,0,0,16,34,184,0,0,0,347,79,8,-13.1243543899379,0,8,4,2,0,0,29,2,32,4,8,0,0,0,5,1,13,1,0,1,0,0,0,0,0,0,0,1,0,0,0,0,6,44,1,1,1,0,2,1,1,0,5,129,1,2,1,0,33,0.5,0,0,1,0,0,0,0,0,0,0,1,0,33,56,,33,56,0,1,1,0,0,1,0,0,0,0,0,7,0,47,314,4,1,0,0,1,5,76,1,238
2025,4,DAL,REG,2025_04_GB_DAL,GB,31,40,319,3,0,1,0,0,0,327,136,17,22.4308833907435,13.67145988502,0,13,5,4,0,26,117,2,0,0,8,1.55951230740175,0,3,2,0,0,31,38,319,3,0,0,327,136,17,25.3144821299356,0,13,5,4,0,0,51,1,31,7,30,1,1,12,4,0,0,1,0,0,0,0,1,0,1,1,0,0,0,1,0,0,11,95,6,0,0,0,0,0,0,0,6,175,1,1,0,0,22,1,0,1,0,0,0,0,0,0,0,0,0,0,22,,,22,0,0,5,5,0,0,1,0,0,0,0,0,4,0,51,190,1,0,0,0,1,3,16,0,174
2025,4,DEN,REG,2025_04_CIN_DEN,CIN,29,42,326,2,1,0,0,0,0,280,225,17,13.2797961980687,-2.15494611433574,0,16,6,5,0,38,186,2,0,0,11,3.94884687842568,0,5,3,0,0,29,42,326,2,0,0,280,225,17,13.2797961980687,0,16,6,5,0,0,22,0,24,2,13,0,3,19,6,0,0,2,0,0,0,0,0,0,0,0,0,0,0,0,0,0,7,72,4,0,0,0,0,0,3,24,2,58,0,0,0,0,,,0,0,0,0,0,0,0,0,0,0,0,0,,,,0,0,0,4,4,0,0,1,0,0,0,0,0,4,0,62,199,1,0,0,2,1,1,16,0,143
2025,4,DET,REG,2025_04_CLE_DET,CLE,16,27,168,2,1,0,0,0,0,313,76,8,-1.0221093465404,-0.491202712059021,0,5,3,3,0,29,109,1,0,0,6,-5.87915402351064,0,2,2,2,0,16,25,168,2,0,0,313,76,8,0.079800092073407,0,5,3,3,0,1,35,2,28,4,17,1,3,14,9,2,34,10,0,0,0,0,0,0,0,0,0,0,0,1,0,0,6,35,2,0,0,0,0,0,5,76,3,81,2,2,0,0,58,1,0,0,0,1,1,0,0,0,0,0,0,0,48;58,,,106,0,0,4,4,0,0,1,0,0,0,0,0,5,0,53,221,5,1,0,0,3,1,0,0,221
2025,4,GB,REG,2025_04_GB_DAL,DAL,31,43,337,3,0,1,-12,1,1,255,252,16,21.4509742950869,15.0242386592759,0,15,8,4,1,35,164,2,0,0,11,5.17273958428996,0,5,5,1,0,31,36,337,3,0,0,255,252,16,26.7926987653642,0,15,8,4,1,0,39,1,35,1,1,0,1,0,5,0,0,4,0,0,0,0,0,0,0,0,0,0,0,0,0,0,7,53,7,1,0,0,1,1,3,16,3,84,2,2,0,0,53,1,0,0,1,0,1,0,0,0,0,0,0,0,53;34,,,87,0,0,4,5,0,1,0.8,0,0,0,0,0,2,0,43,83,2,0,1,0,1,0,0,0,83
2025,4,HOU,REG,2025_04_TEN_HOU,TEN,22,28,233,2,0,2,-9,0,0,182,109,9,8.21145043249387,8.14250324453626,0,7,5,4,0,35,129,1,0,0,10,1.6865984231253,0,3,2,0,0,22,28,233,2,0,0,182,109,9,10.4038411359154,0,7,5,4,0,0,26,0,20,6,23,0,2,15,7,1,20,7,0,0,0,0,0,0,0,0,0,0,0,0,0,0,6,50,2,0,0,0,0,0,3,15,1,26,2,3,1,0,47,0.666666666666667,0,0,0,2,0,0,0,0,0,0,1,0,47;43,54,,90,54,0,2,2,0,0,1,0,0,0,0,0,3,0,64,132,2,2,1,0,0,0,0,0,132
2025,4,IND,REG,2025_04_IND_LA,LA,24,33,262,1,2,2,-14,1,0,313,127,11,4.14326817966179,7.55080757662654,0,9,5,3,1,21,85,1,0,0,4,-1.48844343168001,0,2,1,0,0,24,32,262,1,1,1,313,127,11,0.0517958814056718,0,9,5,3,1,0,37,1,45,4,24,1,3,15,9,0,0,4,0,0,0,0,0,0,0,0,0,1,0,1,0,0,11,88,3,1,1,1,2,1,2,31,4,91,2,2,0,0,52,1,0,0,1,0,1,0,0,0,0,0,0,0,52;38,,,90,0,0,2,2,0,0,1,0,0,0,0,0,4,0,56,209,2,1,0,0,2,1,0,0,209
2025,4,JAX,REG,2025_04_JAX_SF,SF,21,31,174,1,0,0,0,0,0,196,61,8,5.53223884933763,0.93662162621816,0,6,1,1,0,32,151,1,0,0,8,-2.40596433787141,0,4,2,1,1,21,30,174,1,1,0,196,61,8,5.34880394194647,0,6,1,1,0,1,32,2,32,3,5,3,1,3,3,2,8,4,0,0,0,0,0,0,0,0,0,1,0,2,0,0,12,90,3,1,0,0,1,0,1,87,4,103,2,3,1,0,44,0.666666666666667,0,1,0,1,0,0,0,0,0,1,0,0,26;44,47,,70,47,0,2,2,0,0,1,0,0,0,0,0,5,0,58,237,1,1,1,2,0,1,16,0,181
2025,4,KC,REG,2025_04_BAL_KC,BAL,25,37,270,4,0,1,-6,0,0,259,158,15,16.1889583691129,5.8575758763722,0,11,4,2,0,32,118,0,0,0,8,-0.507870008761529,0,2,2,1,0,25,35,270,4,0,0,259,158,15,18.7770246823676,0,11,4,2,0,0,41,1,11,3,6,0,2,5,8,1,0,4,0,0,0,0,0,0,0,0,0,0,0,1,0,0,5,40,4,0,0,0,0,0,1,15,4,132,3,4,1,0,38,0.75,0,1,2,0,0,0,0,0,0,0,1,0,38;23;31,56,,92,56,0,4,4,0,0,1,0,0,0,0,0,1,0,37,37,1,1,0,0,0,0,0,0,37
2025,4,LA,REG,2025_04_IND_LA,IND,29,41,375,3,0,3,-15,0,0,342,155,15,14.2937642066039,5.44749759137631,0,14,8,4,1,26,102,0,1,1,7,-11.3359547577483,0,4,0,0,0,29,40,375,3,0,0,342,155,15,18.3072952948509,0,14,8,4,1,0,32,2,30,4,22,1,2,14,7,2,0,5,0,0,0,0,0,0,0,0,0,0,0,0,0,0,7,63,4,1,0,0,1,1,1,0,5,122,2,2,0,0,42,1,0,0,1,1,0,0,0,0,0,0,0,0,42;37,,,79,0,0,3,3,0,0,1,0,0,0,0,0,4,0,68,211,3,1,0,0,1,2,31,0,180
2025,4,LAC,REG,2025_04_LAC_NYG,NYG,23,41,203,1,2,2,-17,0,0,265,81,8,-21.1217965234946,-5.67707246855686,0,8,3,2,0,13,152,1,0,0,6,11.6018629931351,1,4,4,3,1,23,38,203,1,0,0,265,81,8,-15.6705325635849,0,8,3,2,0,0,44,3,43,8,30,1,6,30,9,0,0,2,0,0,0,0,0,0,0,0,0,0,0,0,0,0,14,107,4,0,0,0,0,0,4,25,3,73,1,1,0,0,43,1,0,0,0,1,0,0,0,0,0,0,0,0,43,,,43,0,0,1,1,0,0,1,0,0,0,0,0,5,0,60,244,3,1,1,0,1,2,14,0,230
2025,4,LV,REG,2025_04_CHI_LV,CHI,14,21,117,2,3,0,0,0,0,97,92,6,-9.61362926253443,-3.58319133520126,0,3,1,0,0,31,240,1,1,1,10,-0.381613336885322,0,9,7,3,1,14,20,117,2,0,0,97,92,6,-9.60218352375179,0,3,1,0,0,0,39,0,28,8,33,1,1,10,2,1,19,6,0,0,0,0,0,0,0,0,0,0,0,0,0,0,5,36,5,1,0,0,1,1,1,7,7,190,1,2,0,1,29,0.5,0,1,0,0,0,0,0,0,0,0,0,0,29,,54,29,0,54,3,3,0,0,1,0,1,0,1,54,1,0,60,60,0,0,0,0,0,1,19,0,41
2025,4,MIA,REG,2025_04_NYJ_MIA,NYJ,17,25,177,2,0,0,0,0,0,137,90,12,10.3779438983335,-1.6991593837738,0,7,4,2,0,31,123,1,2,0,5,-3.11548017388682,0,3,2,1,0,17,25,177,2,0,0,137,90,12,10.3779438983335,0,7,4,2,0,0,42,1,19,5,22,3,2,19,3,0,0,3,0,0,0,0,0,0,0,0,0,2,-6,3,4,0,6,40,5,1,1,0,2,0,0,0,3,96,2,2,0,0,47,1,0,0,1,1,0,0,0,0,0,0,0,0,47;36,,,83,0,0,3,3,0,0,1,0,0,0,0,0,4,0,64,192,3,1,1,0,1,1,18,0,174
2025,4,MIN,REG,2025_04_MIN_PIT,PIT,30,46,350,2,2,6,-48,1,0,335,160,15,3.17431222650179,5.2042658839907,1,12,7,4,1,20,70,0,1,0,6,-0.0594359996903222,0,1,0,0,0,30,42,350,2,0,0,335,160,15,13.5360176319229,1,12,7,4,1,0,37,0,32,4,21,1,2,18,3,0,0,0,0,0,0,0,0,1,0,0,0,1,0,0,0,0,8,82,6,2,0,1,2,0,2,13,5,124,2,2,0,0,41,1,0,1,0,1,0,0,0,0,0,0,0,0,41;28,,,69,0,0,1,1,0,0,1,0,0,0,0,0,3,0,49,136,0,0,1,0,0,2,9,0,127
2025,4,NE,REG,2025_04_CAR_NE,CAR,14,18,203,2,0,1,0,0,0,151,110,8,18.4210037647572,15.8898442983627,0,6,6,5,0,29,104,3,0,0,7,-0.778808911360102,0,3,2,2,0,14,17,203,2,0,0,151,110,8,19.9353714334138,0,6,6,5,0,1,41,2,32,5,16,1,1,11,4,0,0,2,0,0,0,0,0,0,0,0,0,0,0,0,0,0,7,54,2,0,0,0,0,0,3,167,2,48,0,0,0,0,,,0,0,0,0,0,0,0,0,0,0,0,0,,,,0,0,0,6,6,0,0,1,0,0,0,0,0,4,0,59,205,2,0,0,0,1,3,19,0,186
2025,4,NO,REG,2025_04_NO_BUF,BUF,18,28,126,1,1,3,-17,1,0,124,43,7,-12.0050723844046,4.60800576210022,0,5,1,0,0,34,189,1,0,0,14,5.82719936993209,0,8,7,0,0,18,25,126,1,0,0,124,43,7,-4.6031863771799,0,5,1,0,0,0,41,3,15,5,20,0,3,18,7,1,0,4,0,0,0,0,0,0,0,0,0,1,0,0,0,0,4,41,5,1,0,0,1,0,1,10,5,134,2,2,0,0,54,1,0,0,1,0,1,0,0,0,0,0,0,0,54;35,,,89,0,0,1,1,0,0,1,0,0,0,0,0,3,0,49,142,2,0,1,1,0,1,6,0,116
2025,4,NYG,REG,2025_04_LAC_NYG,LAC,14,21,119,1,0,6,-30,1,0,122,79,6,-6.70552748370217,0.183735191822052,0,5,2,0,0,42,161,1,1,0,11,-3.46593054977432,1,4,2,0,0,14,20,119,1,0,0,122,79,6,2.62670130375773,0,5,2,0,0,0,34,1,17,4,22,0,2,17,12,2,93,7,0,0,0,0,0,0,0,0,0,2,-4,0,0,0,8,43,5,1,1,0,2,0,2,14,4,107,2,2,0,0,31,1,0,1,1,0,0,0,0,0,0,0,0,0,22;31,,,53,0,0,1,1,0,0,1,0,0,0,0,0,5,0,69,244,3,0,0,0,1,4,25,0,219
2025,4,NYJ,REG,2025_04_NYJ_MIA,MIA,20,27,226,1,0,2,-19,1,1,205,86,12,5.60872867804978,5.08604866487009,0,9,4,3,0,28,197,1,1,1,9,3.60391339495266,1,5,5,2,1,20,27,226,1,0,0,205,86,12,10.4048846670452,0,10,4,2,0,0,31,1,33,2,5,1,0,0,0,0,0,3,0,0,0,0,0,0,0,0,0,0,0,0,0,0,13,101,5,3,0,0,3,3,1,18,5,162,2,2,0,0,58,1,0,0,0,0,2,0,0,0,0,0,0,0,58;50,,,108,0,0,1,1,0,0,1,0,0,0,0,0,2,0,43,84,1,0,1,0,1,0,0,0,84
2025,4,PHI,REG,2025_04_PHI_TB,TB,15,24,130,2,0,2,-18,0,0,167,82,10,-1.29286404850427,-4.99703461925189,0,5,3,2,0,32,88,1,1,0,5,-2.99255943497175,0,3,1,1,0,15,24,130,2,0,0,167,82,10,2.1934821679024,0,5,3,2,0,1,46,1,23,4,19,2,2,17,1,1,0,13,0,0,0,1,0,0,0,0,35,1,-15,1,0,0,8,83,4,1,1,1,2,0,1,3,5,148,1,1,0,0,39,1,0,0,1,0,0,0,0,0,0,0,0,0,39,,,39,0,0,4,4,0,0,1,0,0,0,0,0,7,0,63,363,2,1,0,0,0,6,100,0,263
2025,4,PIT,REG,2025_04_MIN_PIT,MIN,18,22,200,1,0,2,-18,0,0,73,146,6,3.79973275983497,9.5908369530331,0,4,2,1,1,29,131,2,1,0,11,4.94814664270962,0,4,2,0,0,18,22,200,1,0,0,73,146,6,6.91588354821573,0,4,2,1,1,0,47,0,28,10,43,2,6,48,14,2,9,8,0,0,0,0,0,0,0,0,0,1,6,0,0,0,5,35,4,1,0,0,1,0,2,9,4,100,1,2,0,1,33,0.5,0,0,1,0,0,0,0,0,0,0,0,0,33,,30,33,0,30,3,3,0,0,1,0,0,0,0,0,3,0,54,146,0,0,0,1,0,2,13,0,113
2025,4,SEA,REG,2025_04_SEA_ARI,ARI,18,26,242,1,0,3,-13,1,0,237,97,11,9.92136531109626,6.9290438046058,0,13,6,4,0,35,155,1,0,0,6,-6.38365318728855,0,5,4,3,0,18,24,242,1,0,0,237,97,11,14.1178276856843,0,13,6,4,0,0,41,0,26,5,30,0,6,36,7,2,44,8,0,1,0,0,0,0,0,0,0,1,0,0,0,0,6,74,5,2,0,0,2,1,2,10,4,103,3,4,1,0,52,0.75,0,0,1,1,1,0,0,0,0,0,1,0,44;31;52,53,,127,53,0,2,2,0,0,1,1,1,0,0,52,3,0,54,147,0,1,0,1,0,1,15,0,112
2025,4,SF,REG,2025_04_JAX_SF,JAX,22,38,309,2,2,1,-3,1,1,306,138,17,3.37196763581114,-8.32910666594634,1,15,8,6,0,24,83,0,0,0,3,-2.64133586810203,0,2,0,0,0,22,37,309,2,2,1,306,138,17,3.53000845348216,1,15,8,6,0,0,38,2,26,6,8,1,0,0,0,0,0,2,0,0,0,0,0,0,0,0,0,1,0,0,0,0,5,54,5,3,0,0,3,2,1,16,3,80,2,2,0,0,26,1,0,2,0,0,0,0,0,0,0,0,0,0,26;23,,,49,0,0,1,1,0,0,1,0,0,0,0,0,2,0,51,91,0,0,0,0,1,1,87,1,4
2025,4,TB,REG,2025_04_PHI_TB,PHI,22,40,289,2,1,2,-17,1,0,319,199,7,-5.43932639227223,-10.1719166223819,0,7,4,2,2,26,104,0,1,1,5,-4.50552844302729,0,1,1,0,0,22,39,289,2,0,0,319,199,7,-2.43905412608997,0,7,4,2,2,0,43,2,16,11,84,1,2,18,3,0,0,5,0,0,1,0,0,0,0,0,0,1,0,0,0,0,5,40,6,2,0,0,2,1,6,100,5,96,3,3,0,0,65,1,0,0,0,1,1,1,0,0,0,0,0,0,42;65;58,,,165,0,0,2,2,0,0,1,0,0,0,0,0,3,1,52,110,0,1,0,0,1,1,3,0,107
2025,4,TEN,REG,2025_04_TEN_HOU,HOU,10,26,108,0,1,2,-15,0,0,190,41,5,-16.6035952671899,-24.4982151881508,0,4,2,2,0,18,82,0,0,0,3,1.15873321433826,0,4,2,1,0,10,23,108,0,0,0,190,41,5,-11.8127013587745,0,4,2,2,0,0,40,7,33,6,17,0,2,9,5,0,0,1,0,0,0,0,0,0,0,0,0,0,0,0,0,0,4,35,3,0,0,0,0,0,0,0,6,141,0,2,2,0,,0,0,0,0,0,0,0,0,0,0,2,0,0,,41;43,,0,84,0,0,0,0,0,,0,0,0,0,0,5,0,50,213,2,0,0,0,2,3,15,0,198
2025,4,WAS,REG,2025_04_WAS_ATL,ATL,16,27,156,2,1,2,-9,0,0,286,23,8,-0.0464042552249568,3.14320810139179,1,8,3,1,0,22,147,0,0,0,7,4.78420887200628,0,3,3,2,1,16,24,156,2,2,0,286,23,8,5.75091391070941,1,8,3,1,0,0,31,4,42,7,27,2,1,6,2,1,23,1,0,2,0,0,0,0,0,0,0,3,3,0,0,0,6,50,4,2,2,1,4,0,2,0,6,199,4,4,0,0,52,1,0,0,0,3,1,0,0,0,0,0,0,0,43;52;41;42,,,178,0,0,1,1,0,0,1,0,0,0,0,0,2,0,47,89,0,0,0,0,1,1,0,0,89
2025,5,ARI,REG,2025_05_TEN_ARI,TEN,23,32,220,0,0,3,-28,0,0,209,115,8,1.19990483112633,5.62354405721029,0,9,4,2,1,29,168,3,2,2,7,-5.9528874795069,0,5,2,1,1,23,30,220,0,0,0,209,115,8,8.77500418707496,0,9,4,2,1,0,36,0,22,4,19,1,2,16,4,1,0,8,0,1,0,0,0,0,0,0,0,0,-4,1,0,0,8,47,4,0,3,1,3,3,2,16,4,90,0,0,0,0,,,0,0,0,0,0,0,0,0,0,0,0,0,,,,0,0,0,3,3,0,0,1,0,0,0,0,0,7,0,63,367,2,0,0,1,3,3,33,0,314
2025,5,BAL,REG,2025_05_HOU_BAL,HOU,14,20,179,0,3,1,-16,0,0,163,83,7,-7.89495649192291,-0.317712277173996,0,7,3,2,1,19,44,1,0,0,4,-5.53475566243287,0,0,0,0,0,14,20,179,0,0,0,163,83,7,-5.51874842451694,0,7,3,2,1,0,36,3,43,5,22,0,2,17,4,0,0,0,0,0,0,0,0,0,0,0,0,0,0,0,0,0,9,49,3,0,0,0,0,0,1,16,8,186,1,2,1,0,27,0.5,0,1,0,0,0,0,0,0,0,0,1,0,27,55,,27,55,0,1,1,0,0,1,0,0,0,0,0,4,0,60,182,1,0,2,0,1,1,12,0,170
2025,5,BUF,REG,2025_05_NE_BUF,NE,22,31,253,2,1,1,-8,0,0,246,99,16,10.6458982455955,5.94098175565402,0,12,7,5,0,29,118,0,1,1,5,-3.98307786282385,0,2,1,0,0,22,30,253,2,1,1,246,99,16,8.26993633960986,0,12,7,5,0,0,44,1,13,6,9,2,4,6,8,0,0,1,0,0,0,0,0,0,0,0,0,0,-6,1,0,0,11,90,6,1,1,0,2,2,0,0,5,127,2,2,0,0,45,1,0,0,1,1,0,0,0,0,0,0,0,0,31;45,,,76,0,0,2,2,0,0,1,0,0,0,0,0,2,0,43,70,1,1,0,0,0,1,0,0,70
2025,5,CAR,REG,2025_05_MIA_CAR,MIA,19,30,198,2,1,3,-19,1,1,244,73,12,-1.3048395836656,8.68822623182226,0,8,4,3,0,32,239,1,0,0,8,10.9338183817745,0,7,6,3,2,19,27,198,2,0,0,244,73,12,10.2215851244732,0,8,4,3,0,0,37,2,26,9,42,0,3,27,3,0,0,1,0,0,0,0,0,0,0,0,0,0,0,0,0,0,8,46,4,1,0,0,1,1,0,0,5,113,2,2,0,0,49,1,0,0,1,1,0,0,0,0,0,0,0,0,35;49,,,84,0,0,3,3,0,0,1,0,0,0,0,0,3,0,61,161,0,0,0,0,0,3,29,0,132
2025,5,CIN,REG,2025_05_DET_CIN,DET,26,40,251,3,3,2,-14,1,0,339,93,12,-8.76611144679441,0.00785075128078461,0,9,3,3,1,16,85,0,0,0,4,1.80204858392244,0,4,1,0,0,26,40,251,3,1,0,339,93,12,-5.34199478769982,0,9,3,3,1,0,33,3,45,6,20,1,4,14,7,0,0,1,0,0,0,0,0,0,0,0,0,2,0,1,0,0,6,30,4,2,0,0,2,0,1,6,6,154,1,1,0,0,50,1,0,0,0,0,1,0,0,0,0,0,0,0,50,,,50,0,0,3,3,0,0,1,0,0,0,0,0,4,0,65,220,0,0,0,3,0,1,11,0,149
2025,5,CLE,REG,2025_05_MIN_CLE,MIN,19,33,190,2,0,2,-8,0,0,208,103,9,-2.2798502849766,-6.81552784517407,0,8,5,2,0,32,140,0,0,0,8,1.4644650935661,0,5,3,1,0,19,32,190,2,0,0,208,103,9,0.520775877288364,0,8,5,2,0,0,33,3,39,6,24,2,3,16,3,0,0,3,0,0,0,0,0,0,0,0,0,0,0,2,0,0,10,78,6,0,0,0,0,0,3,31,3,78,1,1,0,0,31,1,0,0,1,0,0,0,0,0,0,0,0,0,31,,,31,0,0,2,2,0,0,1,0,0,0,0,0,8,0,57,360,2,3,0,1,1,3,15,0,325
2025,5,DAL,REG,2025_05_DAL_NYJ,NYJ,18,29,237,4,0,1,-1,0,0,232,126,12,11.8487297862213,-0.613883244139808,0,9,4,4,3,29,180,1,0,0,9,6.8319104614493,0,4,2,1,1,18,28,237,4,0,0,232,126,12,13.1894365083918,0,9,4,4,3,0,46,1,37,6,50,1,5,49,14,0,0,3,0,0,0,0,0,0,0,0,0,0,0,1,0,0,11,91,5,0,0,0,0,0,1,8,1,32,1,1,0,0,35,1,0,0,1,0,0,0,0,0,0,0,0,0,35,,,35,0,0,4,5,1,0,0.8,0,0,0,0,0,5,0,54,228,0,1,0,0,0,4,41,0,187
2025,5,DEN,REG,2025_05_DEN_PHI,PHI,24,39,242,1,0,2,-14,0,0,318,122,12,4.24206702266005,0.775728498895963,1,12,5,2,0,29,130,1,0,0,8,0.836336258304073,0,4,3,0,0,24,36,242,1,0,0,318,122,12,10.3907803344226,1,12,5,2,0,0,35,0,16,5,21,0,6,23,8,0,0,9,0,0,0,0,0,0,0,0,0,0,0,0,0,0,12,121,5,0,0,0,0,0,4,42,4,83,2,2,0,0,55,1,0,0,1,0,1,0,0,0,0,0,0,0,55;36,,,91,0,0,1,1,0,0,1,0,0,0,0,0,7,0,63,328,5,1,0,1,4,1,15,0,293
2025,5,DET,REG,2025_05_DET_CIN,CIN,20,24,261,4,0,4,-14,1,1,106,172,15,13.0128966346383,17.3934863961261,0,12,6,4,0,33,118,1,0,0,7,-3.77759515802609,0,1,1,0,0,20,23,261,4,0,0,106,172,15,24.1389018883929,0,12,6,4,0,0,32,2,28,5,21,2,2,14,9,3,17,11,0,0,1,0,0,0,0,0,0,0,0,0,0,0,8,56,1,1,0,0,1,1,1,11,3,87,0,0,0,0,,,0,0,0,0,0,0,0,0,0,0,0,0,,,,0,0,0,5,5,0,0,1,0,0,0,0,0,5,0,64,224,4,0,1,0,3,1,6,0,218
2025,5,HOU,REG,2025_05_HOU_BAL,BAL,25,31,267,4,0,2,-17,0,0,259,77,15,18.976819263321,16.1817425681699,0,10,4,3,1,33,167,1,0,0,8,3.07162675568872,0,4,2,2,0,25,31,267,4,0,0,259,77,15,23.0996326262095,0,10,4,3,1,0,28,1,27,3,20,0,1,16,2,3,20,4,0,0,0,0,0,0,0,0,0,0,0,0,0,0,4,26,1,0,0,0,0,0,1,12,2,58,3,3,0,0,57,1,0,0,1,0,2,0,0,0,0,0,0,0,50;57;34,,,141,0,0,5,5,0,0,1,0,0,0,0,0,1,0,59,59,0,0,0,0,0,1,16,0,43
2025,5,IND,REG,2025_05_LV_IND,LV,21,32,221,2,0,0,0,0,0,267,72,12,10.6825963983869,-1.61030782807258,0,7,4,2,0,25,96,4,0,0,9,6.2042357967149,1,2,2,0,0,21,31,221,2,0,0,267,72,12,11.1479237874013,0,7,4,2,0,0,40,1,37,6,40,0,4,38,5,2,32,8,0,0,0,1,0,0,0,0,0,1,0,0,0,0,9,77,3,0,1,0,1,0,0,0,3,74,0,0,0,0,,,0,0,0,0,0,0,0,0,0,0,0,0,,,,0,0,0,2,2,0,0,1,0,0,0,0,0,2,0,56,101,2,0,0,0,1,1,8,0,93
2025,5,JAX,REG,2025_05_KC_JAX,KC,18,25,221,1,1,3,-11,0,0,209,101,8,-0.743914397645079,8.06121611595154,0,9,4,4,1,26,109,2,1,1,9,2.27179768492351,0,3,2,0,0,18,25,221,1,0,0,209,101,8,0.851858932400553,0,9,4,4,1,0,40,0,28,1,6,0,0,0,4,1,99,6,1,0,0,0,0,0,0,0,0,0,0,0,0,0,4,25,5,1,0,0,1,1,1,-1,4,117,1,1,0,0,52,1,0,0,0,0,1,0,0,0,0,0,0,0,52,,,52,0,0,4,4,0,0,1,0,0,0,0,0,2,0,53,105,1,0,0,0,0,2,2,0,103
2025,5,KC,REG,2025_05_KC_JAX,JAX,29,41,318,1,1,0,0,0,0,401,152,15,2.66431719413959,6.20495922863483,0,12,6,4,0,22,158,3,0,0,11,9.24239700840553,0,5,4,1,0,29,40,318,1,0,0,401,152,15,3.06202643539291,0,12,6,4,0,0,31,1,33,5,13,1,3,11,8,1,2,5,0,0,0,0,0,0,0,0,0,0,0,1,1,0,13,109,3,0,0,0,0,0,2,2,5,130,0,0,0,0,,,0,0,0,0,0,0,0,0,0,0,0,0,,,,0,0,0,4,4,0,0,1,0,0,0,0,0,4,0,55,164,4,0,1,0,2,1,-1,0,165
2025,5,LA,REG,2025_05_SF_LA,SF,30,47,389,3,0,1,-11,0,0,528,120,18,15.0724531842212,-3.26750077631163,0,16,9,7,0,16,78,0,2,2,5,-10.6593289166922,0,2,2,1,0,30,46,389,3,0,0,528,120,18,17.3367134132355,0,16,9,7,0,0,47,4,38,3,5,0,1,9,10,0,0,5,0,0,0,0,0,0,0,0,0,0,-6,0,0,0,5,36,6,1,1,0,2,2,3,21,5,122,1,2,1,0,48,0.5,0,0,0,1,0,0,0,0,0,0,1,0,48,53,,48,53,0,2,3,0,1,0.666666666666667,0,0,0,0,0,2,0,59,110,2,0,1,0,0,1,0,0,110
2025,5,LAC,REG,2025_05_WAS_LAC,WAS,25,33,210,1,1,5,-29,0,0,127,125,11,-7.54535809109511,5.73750901967287,0,10,3,2,0,27,155,0,0,0,6,4.38978646293981,0,4,2,1,1,25,32,210,1,1,1,127,125,11,-5.59639841393801,0,10,3,2,0,0,31,1,27,6,18,1,1,5,1,0,0,2,0,0,0,0,0,0,0,0,0,0,0,1,0,0,10,85,5,1,0,0,1,1,0,0,4,88,1,1,0,0,55,1,0,0,0,0,1,0,0,0,0,0,0,0,55,,,55,0,0,1,1,0,0,1,0,0,0,0,0,2,0,54,96,1,0,1,0,1,0,0,0,96
2025,5,LV,REG,2025_05_LV_IND,IND,25,36,228,0,2,4,-38,0,0,244,121,12,-10.9034467876529,-0.314445462491777,0,9,4,2,0,25,106,0,0,0,6,-2.92913763795514,0,2,1,0,0,25,36,228,0,0,0,244,121,12,-2.54128426415737,0,9,4,2,0,0,34,2,18,2,3,0,0,0,3,0,0,3,0,0,0,0,0,0,0,0,0,0,0,0,0,0,6,65,3,0,0,0,0,0,1,8,4,100,2,3,1,0,37,0.666666666666667,0,1,1,0,0,0,0,0,0,0,1,0,24;37,57,,61,57,0,0,0,0,0,,0,0,0,0,0,1,1,30,30,0,1,0,0,0,0,0,0,30
2025,5,MIA,REG,2025_05_MIA_CAR,CAR,27,36,256,3,0,3,-27,0,0,287,76,13,11.4851912925146,14.8102774339564,0,11,4,3,1,14,19,0,0,0,2,-6.43569941836176,0,0,0,0,0,27,34,256,3,0,0,287,76,13,16.3937316234806,0,11,4,3,1,0,33,3,37,3,20,1,3,19,8,1,7,2,0,0,0,0,0,0,0,0,0,0,0,1,2,0,9,64,4,0,0,0,0,0,3,29,5,122,1,1,0,0,43,1,0,0,0,1,0,0,0,0,0,0,0,0,43,,,43,0,0,3,3,0,0,1,0,0,0,0,0,6,0,61,312,3,0,2,0,4,0,0,0,312
2025,5,MIN,REG,2025_05_MIN_CLE,CLE,26,35,268,2,0,3,-16,0,0,252,137,14,11.9597209826281,7.97485130674699,0,11,5,5,0,23,97,1,2,2,4,-9.77094793930883,0,2,2,0,0,26,34,268,2,0,0,252,137,14,16.7734887770494,0,11,5,5,0,0,34,1,45,5,16,0,2,8,3,0,0,5,0,0,0,0,0,0,0,0,0,0,0,0,0,0,7,50,5,2,0,0,2,2,3,15,4,102,0,1,1,0,,0,0,0,0,0,0,0,0,0,0,0,1,0,,51,,0,51,0,3,3,0,0,1,0,0,0,0,0,5,0,77,286,2,0,1,0,1,3,31,0,255
2025,5,NE,REG,2025_05_NE_BUF,BUF,22,30,273,0,0,4,-6,0,0,213,100,13,9.73183957793173,13.7561213757311,0,13,7,4,0,22,71,2,0,0,5,-0.910297991533298,0,1,1,0,0,22,28,273,0,1,1,213,100,13,9.75852672211697,0,13,7,4,0,0,38,1,31,2,7,1,1,8,5,1,0,3,0,0,0,0,0,0,0,0,0,1,0,2,0,0,8,93,4,2,0,0,2,1,1,0,5,112,3,3,0,0,52,1,1,0,1,0,1,0,0,0,0,0,0,0,30;19;52,,,101,0,0,2,2,0,0,1,1,1,0,0,52,4,0,73,191,3,0,1,1,2,0,0,0,171
2025,5,NO,REG,2025_05_NYG_NO,NYG,22,32,244,1,0,0,0,0,0,240,96,10,9.30971554818587,-1.4282968736464,0,7,3,1,1,30,88,0,0,0,5,-6.35684612151537,0,4,0,0,0,22,31,244,1,0,0,240,96,10,8.92471076996345,0,7,3,1,1,0,44,1,27,2,4,2,0,0,5,2,0,7,0,0,0,0,0,0,0,0,0,0,0,3,113,1,7,43,6,0,0,0,0,0,0,0,2,27,4,6,2,0,53,0.666666666666667,0,3,0,0,1,0,0,0,0,1,1,0,28;53;29;28,52;46,,138,98,0,2,2,0,0,1,0,0,0,0,0,2,0,51,83,0,0,1,0,1,0,0,0,83
2025,5,NYG,REG,2025_05_NYG_NO,NO,26,40,202,2,2,1,-3,1,1,328,138,10,-12.6485551379155,-1.74392931736433,0,9,2,0,0,29,136,0,1,1,11,-1.91551431932021,0,3,1,1,0,26,39,202,2,1,1,328,138,10,-12.1172488308512,0,9,2,0,0,0,42,1,23,7,14,0,0,0,1,0,0,3,0,0,0,0,0,0,0,0,0,0,0,0,0,0,8,95,6,2,1,0,3,3,0,0,5,160,0,0,0,0,,,0,0,0,0,0,0,0,0,0,0,0,0,,,,0,0,0,2,2,0,0,1,0,0,0,0,0,2,0,40,75,2,1,0,0,1,0,0,0,75
2025,5,NYJ,REG,2025_05_DAL_NYJ,DAL,32,46,283,2,0,5,-49,0,0,308,110,14,3.90826704605596,5.11759384111925,2,12,3,1,0,22,144,0,1,1,9,-3.49467211775482,0,7,5,2,0,32,44,283,2,0,0,308,110,14,14.0147328702372,2,12,3,1,0,0,33,1,17,3,3,0,1,1,3,0,0,5,0,0,0,0,0,0,0,0,0,0,0,0,0,0,10,61,5,1,0,0,1,1,4,41,6,155,2,2,0,0,48,1,0,1,0,1,0,0,0,0,0,0,0,0,25;48,,,73,0,0,0,0,0,0,,0,0,0,0,0,4,0,58,176,1,0,0,0,3,1,8,0,168
2025,5,PHI,REG,2025_05_DEN_PHI,DEN,23,38,280,2,0,6,-23,0,0,416,117,11,0.504977530347,-2.26264426837096,0,9,4,4,2,11,45,0,0,0,2,-0.334271520434413,0,1,1,0,0,23,37,280,2,0,0,416,117,11,8.99622417132026,0,9,4,4,2,0,45,2,30,5,22,0,2,14,8,0,0,2,0,0,0,0,0,0,0,0,0,0,0,0,0,0,9,55,5,0,0,0,0,0,1,15,5,130,1,1,0,0,31,1,0,0,1,0,0,0,0,0,0,0,0,0,31,,,31,0,0,2,2,0,0,1,0,0,0,0,0,7,0,69,359,0,0,1,2,0,4,42,0,277
2025,5,SEA,REG,2025_05_TB_SEA,TB,28,34,341,4,1,0,0,0,0,275,104,18,23.4131200062029,16.3023122969796,0,15,5,5,1,20,122,1,1,1,6,-1.50841976498486,0,3,3,2,0,28,34,341,4,0,0,275,104,18,23.4131200062029,0,15,5,5,1,0,39,3,29,6,22,0,1,9,2,0,0,2,0,0,0,0,0,0,0,0,0,0,-3,0,0,0,7,56,5,0,1,0,1,1,0,0,7,196,0,1,1,0,,0,0,0,0,0,0,0,0,0,0,1,0,0,,44,,0,44,0,5,5,0,0,1,0,0,0,0,0,1,0,38,38,1,0,0,0,1,0,0,0,38
2025,5,SF,REG,2025_05_SF_LA,LA,33,49,342,2,0,1,-9,0,0,290,179,19,14.0017788908093,-0.909361615777016,0,15,6,1,0,33,74,0,0,0,6,-3.75462137125972,0,0,0,0,0,33,48,342,2,0,0,290,179,19,15.8788070327367,0,15,6,1,0,0,33,0,32,1,11,1,1,11,2,0,0,4,0,0,0,0,1,0,0,0,0,0,0,2,0,0,8,44,7,0,0,0,0,0,1,0,4,73,4,4,0,0,59,1,0,1,1,1,1,0,0,0,0,0,0,0,37;20;59;41,,,157,0,0,2,2,0,0,1,1,1,0,0,41,4,0,50,168,2,0,0,0,1,3,21,0,147
2025,5,TB,REG,2025_05_TB_SEA,SEA,29,33,379,2,0,1,-9,0,0,257,202,17,25.9806902520554,20.4464967362583,1,15,10,7,1,24,56,2,0,0,6,-3.09069225985868,0,1,1,0,0,29,32,379,2,0,0,257,202,17,28.3127247768184,1,15,10,7,1,0,31,1,31,1,2,0,0,0,2,1,3,6,0,0,0,0,0,0,0,0,0,0,0,1,0,0,4,37,2,0,0,0,0,0,0,0,5,129,3,3,0,0,39,1,0,0,3,0,0,0,0,0,0,0,0,0,30;36;39,,,105,0,0,3,3,0,0,1,1,1,0,0,39,2,0,51,91,1,0,2,0,0,0,0,0,91
2025,5,TEN,REG,2025_05_TEN_ARI,ARI,21,39,265,0,1,2,-16,0,0,421,81,12,1.59771860414716,-9.62161131807276,0,10,6,3,1,24,78,1,1,1,6,-6.61123231853587,0,3,1,0,0,21,37,265,0,0,0,421,81,12,6.98001054378033,0,10,6,3,1,0,40,3,29,4,22,0,3,28,6,0,0,2,0,0,0,0,0,0,0,0,0,0,0,2,2,1,6,35,4,1,0,0,1,1,3,33,4,136,3,3,0,0,51,1,0,1,0,1,1,0,0,0,0,0,0,0,44;51;29,,,124,0,0,1,2,1,0,0.5,1,1,0,0,29,5,0,64,271,3,1,1,1,0,2,16,0,235
2025,5,WAS,REG,2025_05_WAS_LAC,LAC,15,26,231,1,0,1,-5,0,0,239,110,9,14.0063860829448,-0.753294773723768,0,8,6,4,1,28,163,2,1,1,9,0.000403294921852648,0,6,5,1,0,15,23,231,1,0,0,239,110,9,15.062971955137,0,8,6,4,1,0,44,0,30,6,33,1,5,29,9,1,0,4,0,0,0,0,0,0,0,0,0,0,0,1,0,0,7,48,6,1,0,0,1,1,0,0,3,92,2,2,0,0,36,1,0,1,1,0,0,0,0,0,0,0,0,0,29;36,,,65,0,0,3,3,0,0,1,0,0,0,0,0,2,0,53,101,1,0,0,1,1,0,0,0,81
2025,6,ARI,REG,2025_06_ARI_IND,IND,27,44,320,2,1,2,-8,0,0,391,129,17,6.25809430985243,4.62523591824067,0,17,9,7,0,24,88,1,0,0,7,0.033021019626176,0,2,1,0,0,27,39,320,2,0,0,391,129,17,11.4967695177006,0,17,9,7,0,0,36,1,29,3,12,0,1,7,6,1,9,4,0,0,0,0,0,0,0,0,0,0,0,0,0,0,7,65,5,0,0,0,0,0,1,12,4,114,2,2,0,0,44,1,0,0,0,2,0,0,0,0,0,0,0,0,40;44,,,84,0,0,3,3,0,0,1,0,0,0,0,0,2,0,49,92,1,1,0,0,0,1,0,0,92
2025,6,ATL,REG,2025_06_BUF_ATL,BUF,20,32,250,1,0,2,-17,0,0,232,140,10,-0.419269830851609,-6.36126975859365,0,10,6,6,0,32,210,2,0,0,9,4.7610061075987,0,4,3,3,1,20,31,250,1,0,0,232,140,10,3.16372494441292,0,10,6,6,0,0,32,1,31,3,27,1,4,23,6,2,6,9,0,0,0,0,0,0,0,0,0,0,0,0,0,0,6,35,1,0,0,0,0,0,1,10,3,63,1,2,0,1,33,0.5,0,0,1,0,0,0,0,0,0,0,0,0,33,,37,33,0,37,3,3,0,0,1,0,0,0,0,0,4,0,51,180,0,0,0,0,1,3,21,0,159
2025,6,BAL,REG,2025_06_LA_BAL,LA,21,34,140,0,1,4,-23,0,0,218,63,6,-12.3591934640653,-0.925234938040376,0,4,1,0,0,37,179,0,1,1,11,-6.10433990741149,0,6,3,0,0,21,32,140,0,2,1,218,63,6,-11.4117834516155,0,4,1,0,0,0,28,2,24,4,18,1,2,14,3,0,0,2,0,0,0,0,0,0,0,0,0,1,-4,1,11,0,7,80,6,2,1,0,3,2,1,35,3,61,1,1,0,0,37,1,0,0,1,0,0,0,0,0,0,0,0,0,37,,,37,0,0,0,0,0,0,,0,0,0,0,0,1,0,53,53,0,0,0,1,0,0,0,0,33
2025,6,BUF,REG,2025_06_BUF_ATL,ATL,15,26,180,2,2,4,-23,0,0,287,56,8,-7.16785237661679,-7.8905483851066,0,7,3,1,1,24,134,0,2,0,7,0.748086494626477,0,3,3,1,0,15,26,180,2,0,0,287,56,8,-2.17280676533119,0,7,3,1,1,0,39,3,27,9,31,0,2,17,4,0,0,5,0,0,0,0,0,1,0,0,0,1,-4,0,0,0,8,64,6,1,1,1,2,0,3,21,5,114,0,0,0,0,,,0,0,0,0,0,0,0,0,0,0,0,0,,,,0,0,0,2,2,0,0,1,0,0,0,0,0,6,0,50,273,4,1,1,0,3,1,10,0,263
2025,6,CAR,REG,2025_06_DAL_CAR,DAL,17,25,199,3,1,1,-5,0,0,154,98,11,2.20137639014639,13.6888714063735,0,7,5,3,0,38,216,0,0,0,14,6.73148625281668,0,6,3,0,0,17,21,199,3,1,0,154,99,11,6.20558530327754,0,7,5,3,0,0,37,2,16,5,17,0,0,0,2,0,0,4,0,0,0,0,0,0,0,0,0,2,-1,0,0,0,6,57,4,2,0,0,2,0,1,0,2,40,3,3,0,0,55,1,0,0,2,0,1,0,0,0,0,0,0,0,31;55;33,,,119,0,0,3,3,0,0,1,1,1,0,0,33,2,0,51,98,0,0,0,0,0,2,19,0,79
2025,6,CHI,REG,2025_06_CHI_WAS,WAS,17,29,252,1,0,3,-16,0,0,246,194,10,3.27581411838753,-8.21939131309246,0,11,5,4,1,27,150,1,1,0,8,5.89597640746824,0,5,4,0,0,17,29,252,1,0,0,246,194,10,6.76103566470651,0,11,5,4,1,0,32,2,40,3,6,1,3,6,3,1,32,3,0,0,0,0,0,0,0,0,0,1,-5,2,0,0,9,84,5,0,1,0,1,0,0,0,5,120,4,5,0,1,48,0.8,0,0,1,3,0,0,0,0,0,0,0,0,47;48;41;38,,48,174,0,48,1,1,0,0,1,1,1,0,0,38,2,0,53,106,1,1,0,0,0,1,9,0,97
2025,6,CIN,REG,2025_06_CIN_GB,GB,29,45,219,2,0,1,-6,0,0,269,93,12,6.49639711349008,4.66945398598909,1,8,4,0,0,16,55,0,0,0,5,-0.838455434713978,0,1,1,0,0,29,40,219,2,0,0,269,93,12,9.59680632307509,1,8,4,0,0,0,42,0,28,4,10,0,1,3,4,1,25,6,0,0,0,0,0,0,0,0,0,0,0,0,0,0,3,17,5,0,0,0,0,0,1,13,4,90,1,3,2,0,45,0.333333333333333,0,0,0,1,0,0,0,0,0,0,1,1,45,67;56,,45,123,0,1,1,0,0,1,0,0,0,0,0,4,0,58,211,3,0,0,1,1,2,14,0,177
2025,6,CLE,REG,2025_06_CLE_PIT,PIT,29,52,221,0,0,6,-38,0,0,314,105,10,-13.8776162122639,-10.2235441114388,0,8,3,1,0,17,65,0,0,0,6,-0.0245363683789037,0,1,1,0,0,29,51,221,0,0,0,314,105,10,-3.8904075818981,0,8,3,1,0,0,33,4,30,6,15,1,0,0,3,0,0,3,0,0,0,0,0,0,0,0,0,0,0,0,0,0,6,44,7,0,0,0,0,0,1,9,6,146,3,3,0,0,53,1,0,0,2,0,1,0,0,0,0,0,0,0,31;53;32,,,116,0,0,0,0,0,0,,0,0,0,0,0,4,0,67,198,0,1,0,0,0,3,30,0,168
2025,6,DAL,REG,2025_06_DAL_CAR,CAR,25,34,261,3,0,0,0,0,0,189,136,12,17.7453485712976,7.12886426378699,0,10,4,3,1,19,31,0,1,0,1,-8.40553474839544,0,0,0,0,0,25,34,261,3,0,0,189,136,12,17.7453485712976,0,10,4,3,1,0,41,0,26,2,14,2,1,5,5,1,21,1,0,1,0,0,0,0,0,0,0,2,-1,0,0,0,6,37,6,0,2,0,2,0,2,19,4,78,2,2,0,0,28,1,0,2,0,0,0,0,0,0,0,0,0,0,23;28,,,51,0,0,3,3,0,0,1,0,0,0,0,0,3,0,51,143,2,0,1,0,1,1,0,0,143
2025,6,DEN,REG,2025_06_DEN_NYJ,NYJ,19,30,174,1,0,1,-6,0,0,153,112,9,5.10716702403373,3.52140756753775,0,8,4,1,0,26,78,0,1,0,3,-6.49105360242538,0,1,0,0,0,19,26,174,1,1,1,153,112,9,3.71294227846305,0,8,4,1,0,0,42,1,31,7,30,0,9,55,15,0,0,4,0,0,0,0,0,0,0,0,0,1,0,0,0,0,6,37,4,2,0,0,2,1,2,11,4,104,2,2,0,0,57,1,0,1,0,0,1,0,0,0,0,0,0,0,57;27,,,84,0,0,1,1,0,0,1,0,0,0,0,0,6,0,62,291,1,0,0,1,1,4,32,0,239
2025,6,DET,REG,2025_06_DET_KC,KC,23,29,203,2,0,1,-4,0,0,109,127,13,6.71315138111822,14.1840242677265,0,9,3,3,0,23,98,0,0,0,5,-0.759917890478391,0,2,2,0,0,23,27,203,2,1,0,109,127,13,9.18892766087083,0,9,3,3,0,0,33,0,34,2,14,1,3,14,3,0,0,1,0,0,0,0,0,0,0,0,0,0,0,0,0,0,4,38,6,1,0,1,1,0,0,0,6,140,1,1,0,0,28,1,0,1,0,0,0,0,0,0,0,0,0,0,28,,,28,0,0,2,2,0,0,1,0,0,0,0,0,3,0,49,138,2,0,0,0,2,1,21,0,117
2025,6,GB,REG,2025_06_CIN_GB,CIN,19,26,259,1,1,1,-3,0,0,246,105,11,7.35611214349509,6.61082428235274,0,9,7,6,0,33,153,2,0,0,12,4.91765176066398,0,4,3,0,0,19,26,259,1,0,0,246,105,11,8.15568566963074,0,9,7,6,0,0,29,2,36,5,15,0,1,6,5,0,0,3,0,0,0,0,0,0,0,0,37,0,0,0,0,0,5,40,4,0,0,0,0,0,2,14,4,132,2,2,0,0,43,1,0,0,1,1,0,0,0,0,0,0,0,0,43;39,,,82,0,0,3,3,0,0,1,0,0,0,0,0,2,0,56,91,1,0,0,0,1,1,13,0,78
2025,6,IND,REG,2025_06_ARI_IND,ARI,22,30,212,2,1,1,-7,0,0,204,115,13,2.84822302687549,3.74894877274831,0,8,4,3,0,27,150,2,0,0,11,5.51389520723024,0,5,4,1,0,22,30,212,2,0,0,204,115,13,4.24274050890104,0,8,4,3,0,0,47,2,16,6,20,0,2,8,12,1,9,3,0,0,0,0,0,0,0,0,0,0,0,0,0,0,5,40,3,0,0,0,0,0,1,0,5,135,1,1,0,0,45,1,0,0,0,1,0,0,0,0,0,0,0,0,45,,,45,0,0,4,4,0,0,1,0,0,0,0,0,3,0,57,165,1,1,0,1,0,1,12,0,133
2025,6,JAX,REG,2025_06_SEA_JAX,SEA,27,42,258,2,0,7,-44,0,0,320,127,13,-0.386846522551455,-2.13904771066847,0,11,5,3,0,19,59,0,0,0,3,-1.09872594919568,0,0,0,0,0,27,42,258,2,0,0,320,127,13,9.71629952033982,0,11,5,3,0,0,24,3,29,7,22,0,1,9,4,0,0,3,0,1,0,0,0,0,0,0,0,0,0,0,0,0,10,76,3,0,1,1,1,0,4,24,4,96,0,1,1,0,,0,0,0,0,0,0,0,0,0,0,0,1,0,,50,,0,50,0,0,1,1,0,0,0,0,0,0,0,8,0,61,393,2,2,1,1,1,3,5,0,368
2025,6,KC,REG,2025_06_DET_KC,DET,22,30,257,3,0,3,-14,1,0,154,178,16,15.5725838868073,7.66198549951826,0,12,6,2,0,29,112,1,0,0,8,-1.68516183359316,0,4,0,0,0,22,28,257,3,0,0,154,178,16,20.2567625142692,0,12,6,2,0,0,37,0,26,3,10,1,1,4,4,0,0,0,0,0,0,0,0,0,0,0,0,1,0,0,0,0,0,0,2,1,0,0,1,0,1,21,4,105,1,1,0,0,33,1,0,0,1,0,0,0,0,0,0,0,0,0,33,,,33,0,0,3,4,1,0,0.75,0,0,0,0,0,1,0,46,46,1,0,0,0,1,0,0,0,46
2025,6,LA,REG,2025_06_LA_BAL,BAL,17,26,181,1,0,2,-14,1,1,229,63,10,0.959445173859066,0.701272716889015,0,5,4,4,0,23,74,1,1,0,4,-3.93534789915429,0,2,2,0,0,17,26,181,1,0,0,229,63,10,10.9923645673622,0,5,4,4,0,0,45,2,40,7,27,2,4,23,11,1,0,4,0,0,0,0,0,0,0,0,0,1,-6,2,20,0,6,40,5,1,1,0,2,1,0,0,2,25,1,2,1,0,36,0.5,0,0,1,0,0,0,0,1,0,0,0,0,36,26,,36,26,0,2,2,0,0,1,0,0,0,0,0,2,0,58,113,0,1,0,0,0,1,35,0,78
2025,6,LAC,REG,2025_06_LAC_MIA,MIA,29,38,264,2,0,1,-1,0,0,220,160,12,12.6418899554149,8.79012769774387,0,6,4,3,1,25,140,0,0,0,7,-0.280884458631665,0,5,4,2,0,29,38,264,2,2,1,220,160,12,7.68455732791632,0,6,4,3,1,0,36,2,24,4,15,0,2,9,4,3,23,5,0,0,0,0,0,0,0,0,0,1,0,0,0,0,7,45,3,2,0,0,2,1,2,11,4,131,5,5,0,0,35,1,0,1,4,0,0,0,0,0,0,0,0,0,35;31;29;35;33,,,163,0,0,2,2,0,0,1,1,1,0,0,33,2,0,55,94,2,0,1,0,0,1,8,0,86
2025,6,LV,REG,2025_06_TEN_LV,TEN,17,23,174,1,1,2,-16,0,0,58,122,9,0.569326377939433,2.76021970354992,0,6,3,2,0,32,68,1,0,0,4,-12.3125687108365,0,1,1,0,0,17,23,174,1,0,0,58,122,9,4.27165653731208,0,6,3,2,0,0,35,1,25,7,49,1,5,47,8,1,0,2,0,0,0,0,0,0,0,0,0,0,0,2,0,0,6,27,2,0,0,0,0,0,3,47,2,57,2,2,0,0,50,1,0,1,0,0,1,0,0,0,0,0,0,0,50;29,,,79,0,0,2,2,0,0,1,0,0,0,0,0,4,0,47,167,4,0,0,0,4,0,0,0,167
2025,6,MIA,REG,2025_06_LAC_MIA,LAC,22,33,213,1,3,2,-9,0,0,209,104,10,-0.625753405893909,2.36635873715083,0,8,3,2,1,21,137,2,0,0,7,5.72223407455022,0,3,3,1,1,22,30,213,1,0,0,209,104,10,4.82094304998756,0,8,3,2,1,0,47,1,25,1,1,2,1,1,7,0,0,2,0,0,0,0,0,0,0,0,0,0,0,1,2,0,4,45,6,0,0,0,0,0,1,8,6,180,2,3,1,0,47,0.666666666666667,0,1,0,1,0,0,0,0,0,0,1,0,47;27,57,,74,57,0,3,3,0,0,1,0,0,0,0,0,2,0,57,111,0,0,0,0,0,2,11,0,100
2025,6,NE,REG,2025_06_NE_NO,NO,18,26,261,3,0,1,-1,0,0,284,86,12,17.4066372466746,10.7960384339094,0,12,5,4,1,31,73,0,1,0,5,-10.0451077109464,1,1,1,1,0,18,24,261,3,0,0,284,86,12,21.0229262986227,0,12,5,4,1,0,29,2,40,4,7,1,2,4,4,0,0,5,0,0,0,0,0,0,0,0,0,2,-14,1,0,0,11,65,1,1,1,0,2,0,1,6,5,129,1,1,0,0,24,1,0,1,0,0,0,0,0,0,0,0,0,0,24,,,24,0,0,2,2,0,0,1,0,0,0,0,0,3,0,66,144,1,0,0,0,1,2,21,0,123
2025,6,NO,REG,2025_06_NE_NO,NE,20,26,227,0,0,2,-4,0,0,221,99,7,3.90482275293012,6.55173716636804,0,7,4,3,1,23,73,1,0,0,7,-0.653095616085921,0,0,0,0,0,20,26,227,0,1,1,221,99,7,0.788994654936015,0,7,4,3,1,0,39,1,19,7,16,1,1,1,4,0,0,2,0,0,0,0,0,0,0,0,0,0,0,0,0,0,8,67,3,1,0,0,1,1,2,21,4,89,4,4,0,0,54,1,0,0,2,1,1,0,0,0,0,0,0,0,34;48;38;54,,,174,0,0,1,1,0,0,1,0,0,0,0,0,2,0,47,70,0,1,0,0,0,1,6,0,64
2025,6,NYG,REG,2025_06_PHI_NYG,PHI,17,26,195,1,0,2,-1,0,0,239,76,8,5.77035421482287,2.07001738823377,0,5,4,4,0,39,172,4,0,0,14,7.11175645043841,0,5,3,1,0,17,26,195,1,0,0,239,76,8,7.38598102284595,0,5,4,4,0,0,31,1,37,7,27,1,3,17,3,1,68,4,0,0,0,0,0,0,0,0,0,0,0,1,0,0,6,55,2,0,0,0,0,0,3,28,4,103,0,0,0,0,,,0,0,0,0,0,0,0,0,0,0,0,0,,,,0,0,0,4,5,1,0,0.8,0,0,0,0,0,4,0,52,171,2,0,0,0,2,2,16,0,155
2025,6,NYJ,REG,2025_06_DEN_NYJ,DEN,9,17,45,0,0,9,-55,0,0,94,13,2,-20.7214580506014,-14.7681744769216,0,1,0,0,0,31,92,0,0,0,6,-3.25624561384581,0,0,0,0,0,9,16,45,0,0,0,94,13,2,-6.7920138250964,0,1,0,0,0,0,32,2,32,3,9,2,1,6,3,0,0,2,0,0,1,0,0,0,0,0,0,1,7,1,0,0,2,15,6,0,1,0,1,0,4,32,5,172,3,3,0,0,52,1,0,0,1,1,1,0,0,0,0,0,0,0,52;41;38,,,131,0,0,0,0,0,0,,0,0,0,0,0,7,0,58,355,3,0,2,0,3,2,11,0,344
2025,6,PHI,REG,2025_06_PHI_NYG,NYG,24,33,283,1,1,3,-17,0,0,316,93,14,2.16158225677895,9.21265324577689,0,12,7,3,0,20,73,1,0,0,5,-2.420105230849,0,3,3,0,0,24,32,283,1,1,1,316,93,14,2.02424066920753,0,12,7,3,0,0,39,0,36,1,1,0,2,1,3,0,0,4,0,0,0,0,0,0,0,0,0,0,0,0,0,0,4,46,5,1,0,0,1,1,2,16,5,84,1,1,0,0,42,1,0,0,0,1,0,0,0,0,0,0,0,0,42,,,42,0,0,2,2,0,0,1,0,0,0,0,0,4,0,59,214,1,1,0,0,0,3,28,0,186
2025,6,PIT,REG,2025_06_CLE_PIT,CLE,21,30,235,2,0,0,0,0,0,223,132,11,9.59919973687294,8.18474076945206,0,10,5,5,0,28,100,0,0,0,7,-2.44072358397645,0,5,0,0,0,21,29,235,2,1,0,223,132,11,10.0786003385766,0,10,5,5,0,0,36,0,46,6,32,0,6,38,17,0,0,8,0,0,0,0,0,0,0,0,0,0,0,0,0,0,10,59,5,1,0,1,1,0,3,30,3,74,3,4,1,0,50,0.75,0,0,0,2,1,0,0,0,0,0,1,0,44;50;48,54,,142,54,0,2,2,0,0,1,0,0,0,0,0,2,0,50,84,0,1,0,0,0,1,9,0,75
2025,6,SEA,REG,2025_06_SEA_JAX,JAX,16,27,295,2,0,1,-9,0,0,361,95,10,10.5244997270939,7.39852910240491,0,10,6,5,2,26,60,0,0,0,2,-13.1500136021859,0,1,0,0,0,16,24,295,2,0,0,361,95,10,14.3458276109023,0,10,6,5,2,0,40,0,34,7,31,0,7,44,17,0,0,2,0,0,0,0,0,0,0,0,0,0,0,0,0,0,7,56,4,0,0,0,0,0,3,5,2,40,2,2,0,0,53,1,0,1,0,0,1,0,0,0,0,0,0,0,24;53,,,77,0,0,2,2,0,0,1,0,0,0,0,0,7,0,55,360,3,1,1,0,1,4,24,0,336
2025,6,SF,REG,2025_06_SF_TB,TB,27,39,347,0,2,6,-51,1,0,378,165,10,-4.42705243935853,7.15880248997663,0,11,7,4,2,22,67,1,0,0,6,-1.28942514117807,0,1,0,0,0,27,37,347,0,0,0,378,165,10,5.59999217218739,0,11,7,4,2,0,34,1,23,4,14,0,1,8,1,0,0,2,0,0,0,0,0,0,0,0,0,1,0,0,0,0,9,65,6,1,0,0,1,0,2,25,6,161,4,4,0,0,54,1,0,1,0,1,2,0,0,0,0,0,0,0,52;54;42;29,,,177,0,0,1,1,0,0,1,0,0,0,0,0,2,0,48,89,1,1,0,0,0,1,6,0,83
2025,6,TB,REG,2025_06_SF_TB,SF,17,23,256,2,0,1,-8,0,0,239,106,9,12.0674896177152,7.46980698212333,0,10,7,4,1,26,104,2,1,0,9,1.02341464905487,0,3,1,0,0,17,23,256,2,0,0,239,106,9,14.1984414190301,0,10,7,4,1,0,46,0,30,5,34,1,6,51,10,2,19,5,0,0,0,0,0,0,0,0,0,1,0,0,0,0,5,31,1,0,1,0,1,0,1,6,6,158,1,2,1,0,45,0.5,0,0,0,1,0,0,0,0,0,1,0,0,45,49,,45,49,0,3,3,0,0,1,0,0,0,0,0,3,0,60,166,3,0,0,0,1,2,25,0,141
2025,6,TEN,REG,2025_06_TEN_LV,LV,26,38,222,1,1,6,-62,2,2,253,117,11,-14.6807222538046,5.5499429211897,0,7,5,4,0,15,65,0,0,0,3,-3.20643433806169,0,2,2,0,0,26,34,222,1,0,0,253,117,11,2.92080833902583,0,7,5,4,0,0,34,2,34,8,32,0,2,16,7,1,1,4,0,0,0,0,0,0,0,0,0,0,0,0,0,0,7,34,5,1,1,0,2,2,0,0,3,66,1,1,0,0,46,1,0,0,0,1,0,0,0,0,0,0,0,0,46,,,46,0,0,1,1,0,0,1,0,0,0,0,0,5,0,53,220,0,1,0,0,1,3,47,0,173
2025,6,WAS,REG,2025_06_CHI_WAS,CHI,19,26,211,3,1,3,-6,1,0,212,70,11,6.43535753692699,11.1469165732463,0,9,3,3,0,31,124,0,2,2,7,-10.1934748559142,0,3,2,0,0,19,24,211,3,0,0,212,70,11,12.5593845635114,0,9,3,3,0,0,30,1,39,4,16,0,3,16,5,0,0,5,0,0,0,0,0,1,0,0,0,1,-4,0,0,0,5,40,5,1,2,0,3,2,1,9,4,127,1,2,1,0,53,0.5,0,0,0,0,1,0,0,0,0,0,1,0,53,50,,53,50,0,3,3,0,0,1,0,0,0,0,0,1,0,30,30,1,0,0,0,1,0,0,0,30
2025,7,ARI,REG,2025_07_GB_ARI,GB,25,36,279,2,0,6,-43,1,1,312,99,13,1.03583326067102,4.73095739589018,0,10,5,4,1,28,94,0,0,0,5,-4.69061251747189,0,1,0,0,0,25,34,279,2,0,0,312,99,13,16.3690378038769,0,10,5,4,1,0,31,2,22,5,16,1,1,11,2,0,0,3,0,0,0,0,0,0,0,0,0,0,0,0,0,0,6,55,6,1,0,0,1,1,1,13,3,88,3,3,0,0,40,1,0,0,2,1,0,0,0,0,0,0,0,0,32;40;39,,,111,0,0,2,2,0,0,1,0,0,0,0,0,1,0,42,42,0,0,0,1,0,0,0,0,22
2025,7,ATL,REG,2025_07_ATL_SF,SF,21,38,241,1,0,2,-11,1,1,357,91,13,-6.73735714044105,-5.80636155274179,0,12,6,1,0,20,62,0,0,0,3,-0.111203192675021,0,0,0,0,0,21,36,241,1,0,0,357,91,13,2.71919914375758,0,12,6,1,0,0,37,2,36,7,16,0,1,2,4,1,16,2,0,0,0,0,0,0,0,0,0,0,0,0,0,0,6,43,6,1,0,0,1,1,2,18,5,106,1,1,0,0,38,1,0,0,1,0,0,0,0,0,0,0,0,0,38,,,38,0,0,1,1,0,0,1,0,0,0,0,0,3,0,61,152,2,0,1,1,0,1,8,0,124
2025,7,CAR,REG,2025_07_CAR_NYJ,NYJ,19,32,198,1,0,2,-21,0,0,233,113,10,-2.60615580541302,-2.08312849844656,0,10,3,2,0,36,125,0,0,0,7,-4.53180414671078,0,4,3,0,0,19,31,198,1,0,0,233,113,10,2.94208783399559,0,10,3,2,0,0,32,0,28,3,22,0,6,33,11,2,0,9,0,0,0,0,0,0,0,0,0,1,0,0,0,0,6,45,3,0,1,0,1,0,3,35,1,45,2,2,0,0,30,1,0,1,1,0,0,0,0,0,0,0,0,0,30;29,,,59,0,0,1,1,0,0,1,0,0,0,0,0,6,0,68,276,4,1,1,0,2,2,14,0,262
2025,7,CHI,REG,2025_07_NO_CHI,NO,15,26,172,0,1,1,-8,0,0,220,89,10,2.14981481758289,-3.22877073287964,0,7,4,3,0,40,222,2,2,0,13,0.568117163275794,0,9,5,2,0,15,25,172,0,0,0,220,89,10,5.29047870243085,0,7,4,3,0,0,34,1,17,7,36,1,4,24,7,3,48,9,0,0,0,0,0,0,0,0,0,2,-5,1,0,0,10,92,2,0,2,0,2,0,2,18,2,47,4,4,0,0,39,1,0,2,2,0,0,0,0,0,0,0,0,0,27;39;24;33,,,123,0,0,2,2,0,0,1,0,0,0,0,0,3,0,47,129,2,1,1,0,1,0,0,0,129
2025,7,CIN,REG,2025_07_PIT_CIN,PIT,31,47,342,3,0,2,-14,0,0,337,168,16,15.1440585582645,1.60877737734053,0,13,7,4,0,23,142,0,0,0,8,5.46208678790585,0,4,4,2,0,31,45,342,3,0,0,337,168,16,20.5888761170241,0,13,7,4,0,0,33,0,28,2,11,0,0,0,2,2,0,6,0,0,0,0,0,0,0,0,0,0,0,0,0,0,4,35,6,0,0,0,0,0,0,0,5,128,4,4,0,0,49,1,0,1,1,2,0,0,0,0,0,0,0,0,49;23;45;36,,,153,0,0,3,3,0,0,1,1,1,0,0,36,3,0,60,135,1,0,0,0,1,2,27,0,108
2025,7,CLE,REG,2025_07_MIA_CLE,MIA,13,18,116,0,0,2,-14,0,0,86,86,6,0.849801086659745,0.23498170905643,0,5,4,1,0,33,104,3,0,0,5,-7.06217993429164,0,2,2,1,1,13,18,116,0,1,0,86,86,6,3.88119603665752,0,5,4,1,0,0,35,2,24,11,48,2,4,33,6,3,59,6,1,0,0,0,0,0,0,0,0,1,0,1,0,0,5,37,1,0,1,0,1,0,2,7,2,37,1,1,0,0,30,1,0,0,1,0,0,0,0,0,0,0,0,0,30,,,30,0,0,4,4,0,0,1,0,0,0,0,0,6,0,60,258,3,1,2,2,0,1,11,0,207
2025,7,DAL,REG,2025_07_WAS_DAL,WAS,21,30,264,3,0,1,-7,0,0,212,135,11,7.1931547083181,0.40787806113561,0,9,5,3,2,31,152,1,1,0,7,-1.3028992045729,0,2,2,1,0,21,30,264,3,0,0,212,135,11,7.59753533651696,0,9,5,3,2,0,39,0,28,7,19,1,4,14,6,1,68,5,1,0,0,0,0,0,0,0,0,1,-2,1,0,0,10,79,4,0,1,0,1,0,2,4,3,80,3,3,0,0,61,1,0,1,0,1,0,1,0,0,0,0,0,0,47;61;29,,,137,0,0,5,5,0,0,1,0,0,0,0,0,3,0,49,128,2,0,0,0,2,1,8,0,120
2025,7,DEN,REG,2025_07_NYG_DEN,NYG,27,50,279,2,0,2,-14,0,0,393,142,15,-1.40684890846506,-10.8683036906379,2,10,6,5,0,24,142,2,1,0,8,8.40782054932788,0,4,4,2,0,27,49,279,2,0,0,393,142,15,-0.195242464804091,2,10,6,5,0,0,32,1,37,4,17,0,4,15,10,1,21,8,0,0,0,0,0,0,0,0,0,1,0,0,0,0,12,127,7,0,1,0,1,0,2,29,5,96,1,1,0,0,39,1,0,0,1,0,0,0,0,0,0,0,0,0,39,,,39,0,0,2,2,0,0,1,1,1,0,0,39,6,0,61,303,2,0,0,0,3,3,28,0,275
2025,7,DET,REG,2025_07_TB_DET,TB,20,29,241,1,1,4,-26,1,1,157,187,9,-8.63504095697538,-1.29755735397339,0,9,6,5,0,32,164,2,0,0,6,0.814768607146107,0,3,2,1,1,20,28,241,1,0,0,157,187,9,1.63720745934876,0,9,6,5,0,0,37,0,26,4,20,2,4,18,8,1,0,12,0,0,0,0,0,0,0,0,0,0,0,1,0,0,6,50,4,1,0,0,1,1,0,0,2,54,1,2,1,0,58,0.5,0,0,0,0,1,0,0,0,0,0,1,0,58,54,,58,54,0,3,3,0,0,1,0,0,0,0,0,5,0,66,256,1,0,0,0,2,3,34,0,222
2025,7,GB,REG,2025_07_GB_ARI,ARI,19,29,179,1,0,1,-11,0,0,190,79,10,6.06356151796026,-3.02074306777545,0,7,4,2,0,23,94,2,1,0,5,0.0529575335094705,0,2,1,0,0,19,28,179,1,0,0,190,79,10,8.65599183189297,0,7,4,2,0,0,37,2,44,9,45,1,6,43,12,0,0,4,0,0,0,0,0,0,0,0,0,2,0,1,0,0,10,94,5,1,1,0,2,0,0,0,5,115,2,2,0,0,61,1,0,0,1,0,0,1,0,0,0,0,0,0,31;61,,,92,0,0,3,3,0,0,1,0,0,0,0,0,3,0,63,174,0,1,0,1,0,1,13,0,141
2025,7,HOU,REG,2025_07_HOU_SEA,SEA,23,49,229,1,1,3,-31,0,0,424,109,13,-13.5244037047504,-14.157423377037,0,10,5,4,0,17,56,0,0,0,1,-8.1790441799385,0,3,1,0,0,23,46,229,1,0,0,424,109,13,-6.73980249746558,0,10,5,4,0,0,40,5,27,8,21,2,2,15,5,2,28,5,0,0,0,0,0,1,0,0,0,0,0,2,0,1,10,105,4,0,0,0,0,0,3,25,6,154,2,2,0,0,46,1,0,0,1,1,0,0,0,0,0,0,0,0,36;46,,,82,0,0,1,1,0,0,1,0,0,0,0,0,7,0,57,344,1,0,1,1,0,5,67,0,257
2025,7,IND,REG,2025_07_IND_LAC,LAC,23,34,288,2,0,1,-7,0,0,334,142,14,14.8613543536124,5.18131880089641,1,11,6,3,1,23,120,3,0,0,9,7.14056294085458,0,4,4,2,0,23,32,288,2,0,0,334,142,14,16.8607665312449,1,11,6,3,1,0,43,0,30,4,31,0,3,29,15,2,3,6,0,0,0,0,0,0,0,0,0,1,0,0,0,0,3,42,6,0,1,0,1,0,0,0,5,193,1,1,0,0,36,1,0,0,1,0,0,0,0,0,0,0,0,0,36,,,36,0,0,3,4,1,0,0.75,0,0,0,0,0,2,0,44,87,1,0,0,0,1,1,-3,0,90
2025,7,JAX,REG,2025_07_LA_JAX,LA,23,48,296,1,0,7,-32,0,0,522,82,13,-13.9341480059808,-12.5205516815186,0,12,7,6,0,19,94,0,0,0,5,2.08117705787299,0,2,2,0,0,23,47,296,1,1,0,522,82,13,-4.38546495210868,0,12,7,6,0,0,35,2,18,1,1,0,0,0,4,0,0,4,0,0,0,0,0,0,0,0,0,0,0,0,0,0,13,119,4,1,0,1,1,0,2,19,2,60,0,1,1,0,,0,0,0,0,0,0,0,0,0,0,0,1,0,,50,,0,50,0,1,1,0,0,1,0,0,0,0,0,5,0,62,207,2,1,0,0,1,3,17,0,190
2025,7,KC,REG,2025_07_LV_KC,LV,26,35,286,3,0,1,-4,0,0,207,154,16,19.3391776471353,6.07154676142861,0,11,5,3,1,41,152,1,0,0,12,-2.77944451611256,0,3,1,0,0,26,34,286,3,1,0,207,154,16,20.8670069470491,0,11,5,3,1,0,17,0,18,1,5,0,1,5,2,0,0,1,0,1,0,0,0,0,0,0,0,2,3,1,0,0,5,38,3,1,1,0,2,0,3,15,0,0,1,1,0,0,38,1,0,0,1,0,0,0,0,0,0,0,0,0,38,,,38,0,0,4,4,0,0,1,0,0,0,0,0,3,0,40,106,2,0,1,0,1,1,6,0,100
2025,7,LA,REG,2025_07_LA_JAX,JAX,21,33,182,5,0,0,0,0,0,363,65,14,8.78292110632174,4.22184729214871,0,5,4,2,0,29,89,0,0,0,4,-1.76978209335357,0,1,0,0,0,21,33,182,5,0,0,363,65,14,8.78292110632174,0,5,4,2,0,0,42,0,18,5,32,1,7,32,11,0,0,10,0,0,0,0,0,0,0,0,0,0,0,0,0,0,5,45,3,0,0,0,0,0,3,17,1,32,0,0,0,0,,,0,0,0,0,0,0,0,0,0,0,0,0,,,,0,0,0,5,5,0,0,1,0,0,0,0,0,5,0,57,242,2,1,1,0,1,2,19,0,223
2025,7,LAC,REG,2025_07_IND_LAC,IND,37,55,420,3,2,3,-29,0,0,451,142,19,5.81912680048128,2.80465318097009,0,15,8,6,1,16,54,0,0,0,4,0.652344244008418,0,1,0,0,0,37,54,420,3,0,0,451,142,19,11.7151484384304,0,15,8,6,1,0,32,0,26,3,11,0,1,7,5,0,0,4,0,0,0,0,0,0,0,0,0,0,0,0,0,0,6,35,3,0,0,0,0,0,1,-3,6,147,1,1,0,0,43,1,0,0,0,1,0,0,0,0,0,0,0,0,43,,,43,0,0,3,3,0,0,1,0,0,0,0,0,1,0,53,53,0,0,0,1,0,0,0,0,33
2025,7,LV,REG,2025_07_LV_KC,KC,12,18,75,0,0,1,-5,0,0,51,73,2,-10.4632865877356,-4.78563361308154,0,4,0,0,0,11,25,0,2,1,0,-9.59780361791491,0,0,0,0,0,12,17,75,0,0,0,51,73,2,-8.08006007340737,0,4,0,0,0,0,42,4,42,6,12,1,1,4,3,0,0,2,0,0,0,0,0,0,0,0,0,1,-4,0,0,0,8,58,1,0,2,0,2,1,1,6,3,100,0,0,0,0,,,0,0,0,0,0,0,0,0,0,0,0,0,,,,0,0,0,0,0,0,0,,0,0,0,0,0,6,0,63,283,3,3,0,0,0,3,15,0,268
2025,7,MIA,REG,2025_07_MIA_CLE,CLE,17,31,153,0,3,4,-33,1,0,230,73,7,-26.529127711095,-10.648132065932,0,6,3,2,1,22,99,0,3,0,3,-5.29554866092749,0,2,2,2,1,17,30,153,0,0,0,230,73,7,-19.1471821135633,0,6,3,2,1,0,40,2,16,9,32,0,2,14,3,0,0,2,0,0,0,0,0,0,0,0,0,5,-17,0,0,0,11,103,5,2,4,0,6,1,1,11,6,164,2,2,0,0,33,1,0,1,1,0,0,0,0,0,0,0,0,0,33;26,,,59,0,0,0,0,0,0,,0,0,0,0,0,4,0,50,189,1,0,0,0,2,2,7,0,182
2025,7,MIN,REG,2025_07_PHI_MIN,PHI,26,42,313,0,2,2,-15,0,0,421,109,13,-2.27697243558865,-0.539052560925484,0,12,6,5,1,23,89,1,1,0,7,-3.68087913683978,0,4,3,0,0,26,40,313,0,0,0,421,109,13,4.02170491390778,0,12,6,5,1,0,35,1,27,8,28,0,3,10,4,0,0,1,0,0,0,0,0,0,0,0,0,1,-30,0,0,0,3,30,5,0,2,1,2,0,1,6,3,74,5,5,0,0,59,1,0,2,2,0,1,0,0,0,0,0,0,0,59;34;28;35;29,,,185,0,0,1,1,0,0,1,0,0,0,0,0,1,0,34,34,1,1,0,0,0,0,0,0,34
2025,7,NE,REG,2025_07_NE_TEN,TEN,22,24,234,2,0,4,-22,0,0,197,60,13,11.5228713097634,25.634740665555,0,10,6,4,0,36,175,1,0,0,9,3.28669796284521,0,5,3,0,0,22,24,234,2,0,0,197,60,13,17.0876809133915,0,10,6,4,0,0,35,1,17,6,22,0,4,20,5,1,32,2,0,0,0,0,0,0,0,0,0,0,0,1,4,1,5,36,0,0,0,0,0,0,0,0,2,40,1,1,0,0,36,1,0,0,1,0,0,0,0,0,0,0,0,0,36,,,36,0,0,4,4,0,0,1,0,0,0,0,0,4,0,51,150,1,0,0,0,3,1,15,0,135
2025,7,NO,REG,2025_07_NO_CHI,CHI,20,32,233,2,3,4,-24,1,1,386,69,9,-12.2389460606889,0.39530425302444,0,9,4,4,1,17,44,0,0,0,3,-3.49237598967738,0,0,0,0,0,20,31,233,2,0,0,386,69,9,-2.24191040200345,0,9,4,4,1,0,40,0,34,2,3,0,1,8,5,1,0,5,0,0,0,0,0,0,0,0,0,0,0,0,0,0,5,30,5,1,0,0,1,1,0,0,5,116,0,1,1,0,,0,0,0,0,0,0,0,0,0,0,0,1,0,,53,,0,53,0,2,2,0,0,1,0,0,0,0,0,3,0,49,127,0,0,1,0,0,2,18,0,109
2025,7,NYG,REG,2025_07_NYG_DEN,DEN,15,33,283,3,1,4,-15,0,0,342,147,12,8.37708417889383,-16.9774080767776,0,12,7,4,2,32,119,2,0,0,7,0.214201202150434,0,2,2,1,0,15,33,283,3,0,0,342,147,12,12.8018259582897,0,12,7,4,2,0,41,2,26,5,19,0,2,14,5,0,0,8,0,0,0,0,0,0,0,0,0,0,0,0,0,0,8,36,3,0,0,0,0,0,3,28,3,85,0,0,0,0,,,0,0,0,0,0,0,0,0,0,0,0,0,,,,0,0,0,2,4,2,0,0.5,0,0,0,0,0,6,0,57,263,2,1,0,1,2,2,29,0,214
2025,7,NYJ,REG,2025_07_CAR_NYJ,CAR,16,34,172,0,2,6,-33,0,0,367,64,8,-13.4993658822868,-11.1648912391355,0,7,2,2,0,20,81,0,0,0,3,-1.84659622740076,0,0,0,0,0,16,31,172,0,0,0,367,64,8,-3.42565837956499,0,7,2,2,0,0,43,1,31,6,29,0,2,21,7,0,0,7,0,0,0,0,0,0,0,0,0,0,0,0,0,0,5,26,5,0,0,0,0,0,2,14,4,100,2,2,0,0,47,1,0,0,1,1,0,0,0,0,0,0,0,0,34;47,,,81,0,0,0,0,0,0,,0,0,0,0,0,5,0,56,243,2,0,2,0,0,3,35,0,208
2025,7,PHI,REG,2025_07_PHI_MIN,MIN,19,23,326,3,0,3,-10,0,0,284,90,9,18.9066741837887,17.9242616114409,0,10,8,6,2,23,45,0,0,0,4,-7.18485400114009,0,1,0,0,0,19,23,326,3,0,0,284,90,9,21.5269960931037,0,10,8,6,2,0,40,2,20,6,23,0,2,15,8,2,42,3,1,0,0,0,0,0,0,0,0,0,0,0,0,0,8,64,4,0,0,0,0,0,0,0,7,186,0,1,1,0,,0,0,0,0,0,0,0,0,0,0,1,0,0,,42,,0,42,0,4,4,0,0,1,0,0,0,0,0,3,0,53,146,1,0,0,1,1,1,6,0,120
2025,7,PIT,REG,2025_07_PIT_CIN,CIN,23,34,249,4,2,0,0,0,0,309,143,12,13.3119119043113,4.88015386191281,0,7,4,2,1,20,147,0,0,0,7,6.39197610440897,0,5,3,2,0,23,33,249,4,0,0,309,143,12,13.4328465778381,0,7,4,2,1,0,44,0,26,3,14,0,2,14,6,0,0,6,0,0,0,0,0,0,0,0,0,0,0,0,0,0,7,59,5,0,0,0,0,0,2,27,6,179,1,1,0,0,41,1,0,0,0,1,0,0,0,0,0,0,0,0,41,,,41,0,0,4,4,0,0,1,0,0,0,0,0,2,0,45,84,2,0,1,0,1,0,0,0,84
2025,7,SEA,REG,2025_07_HOU_SEA,HOU,17,32,213,1,2,2,-15,1,1,280,80,9,-10.9839279269707,-4.43556339576327,0,9,6,3,0,33,118,2,0,0,6,-1.19947217975786,0,3,3,0,0,17,29,213,1,1,1,280,80,9,-5.1829996637907,0,9,6,3,0,0,41,4,20,10,45,0,3,31,7,1,23,12,0,0,0,0,0,0,0,0,0,0,0,0,0,0,12,93,4,2,0,0,2,2,5,67,4,116,2,3,0,1,47,0.666666666666667,0,1,0,1,0,0,0,0,0,0,0,0,26;47,,53,73,0,53,3,3,0,0,1,0,0,0,0,0,4,0,58,205,1,0,1,0,0,3,25,0,180
2025,7,SF,REG,2025_07_ATL_SF,ATL,17,26,152,0,1,1,-2,0,0,132,100,10,1.96822637603463,1.15497844914595,0,8,1,0,0,39,174,2,0,0,12,-1.75180749033461,0,8,5,0,0,17,24,152,0,0,0,132,100,10,4.61427682316707,0,8,1,0,0,0,35,0,28,4,16,1,2,11,5,0,0,2,0,0,0,0,0,0,0,0,0,0,0,1,0,0,3,25,1,0,0,0,0,0,1,8,2,53,2,2,0,0,55,1,0,0,0,1,1,0,0,0,0,0,0,0,55;43,,,98,0,0,2,2,0,0,1,0,0,0,0,0,3,0,53,143,1,0,0,1,0,2,18,0,105
2025,7,TB,REG,2025_07_TB_DET,DET,28,50,228,1,1,4,-18,1,0,478,107,11,-25.0482907336878,-9.44758504629135,0,10,4,3,0,12,41,0,0,0,2,1.5655925021274,0,0,0,0,0,28,50,228,1,1,1,478,107,11,-24.8025732876009,0,10,4,3,0,0,35,3,39,7,33,1,4,26,9,1,13,2,0,0,0,0,0,0,0,0,0,1,0,1,0,0,6,35,5,2,0,0,2,1,3,34,4,95,1,1,0,0,53,1,0,0,0,0,1,0,0,0,0,0,0,0,53,,,53,0,0,0,0,0,0,,0,0,0,0,0,6,0,52,263,4,1,0,0,5,0,0,0,263
2025,7,TEN,REG,2025_07_NE_TEN,NE,25,34,255,1,1,5,-39,1,1,226,132,14,-11.7426847642542,6.66589001193643,0,12,3,2,0,12,39,0,0,0,1,-2.75083704659482,0,0,0,0,0,25,32,255,1,0,0,226,132,14,5.94510837920541,0,12,3,2,0,0,41,1,35,6,27,0,4,22,4,0,0,0,0,0,0,0,0,0,0,0,0,0,0,0,0,0,3,15,3,0,1,0,1,1,1,15,3,84,2,2,0,0,50,1,0,0,0,1,1,0,0,0,0,0,0,0,49;50,,,99,0,0,1,1,0,0,1,0,0,0,0,0,3,0,53,122,2,0,2,0,1,0,0,0,122
2025,7,WAS,REG,2025_07_WAS_DAL,DAL,16,32,219,1,1,4,-14,1,1,316,88,8,-19.9549311112496,-11.9037194598106,0,9,4,3,1,28,136,2,0,0,8,5.79099340828555,0,3,3,1,0,16,31,219,1,0,0,316,88,8,-9.88333291443996,0,9,4,3,1,0,30,3,37,3,5,0,1,7,5,0,0,7,0,0,1,0,0,0,0,0,0,0,0,0,0,0,11,118,1,1,0,0,1,1,1,8,8,209,0,0,0,0,,,0,0,0,0,0,0,0,0,0,0,0,0,,,,0,0,0,2,2,0,0,1,0,0,0,0,0,5,0,60,286,1,0,2,1,0,2,4,0,262
2025,8,ATL,REG,2025_08_MIA_ATL,MIA,21,31,173,0,0,1,-5,0,0,285,75,7,-5.86792896379484,2.47102707624435,0,6,4,2,0,17,45,1,1,1,3,-10.5020743981486,0,1,1,0,0,21,30,173,0,0,0,285,75,7,-2.49653515830869,0,6,4,2,0,0,38,2,42,5,16,0,1,8,2,0,0,3,0,0,0,0,0,0,0,0,0,0,0,0,0,0,8,76,1,0,1,0,1,1,2,11,6,131,1,1,0,0,45,1,0,0,0,1,0,0,0,0,0,0,0,0,45,,,45,0,0,1,1,0,0,1,0,0,0,0,0,4,0,52,185,2,1,0,0,1,2,9,0,176
2025,8,BAL,REG,2025_08_CHI_BAL,CHI,17,22,186,1,0,2,-8,0,0,209,42,8,5.31554328100417,10.7207254929976,0,7,3,3,0,35,177,2,0,0,13,7.37047940219054,0,6,3,2,0,17,22,186,1,1,0,209,42,8,7.5606943835745,0,7,3,3,0,0,42,2,24,6,16,1,1,9,4,1,9,2,0,0,0,0,0,0,0,0,0,0,0,0,0,0,6,45,2,1,0,1,1,0,0,0,5,154,3,3,0,0,42,1,0,1,1,1,0,0,0,0,0,0,0,0,42;28;32,,,102,0,0,3,3,0,0,1,0,0,0,0,0,2,0,55,95,2,0,1,0,0,1,8,0,87
2025,8,BUF,REG,2025_08_BUF_CAR,CAR,14,23,185,1,0,2,-20,0,0,147,116,10,8.42308842438776,-9.34573386026465,0,8,2,2,1,35,245,4,0,0,12,12.2070445048448,0,7,5,3,1,14,23,185,1,0,0,147,116,10,12.2556728388299,0,8,2,2,1,0,38,0,36,7,42,2,7,45,9,1,24,1,0,0,0,0,0,0,0,0,0,0,0,2,12,0,7,60,2,0,0,0,0,0,3,14,2,44,2,2,0,0,45,1,0,0,0,2,0,0,0,0,0,0,0,0,45;43,,,88,0,0,4,5,1,0,0.8,0,0,0,0,0,3,0,54,146,2,0,0,0,1,2,13,0,133
2025,8,CAR,REG,2025_08_BUF_CAR,BUF,16,24,175,0,1,7,-45,1,1,195,51,11,-12.860889769131,3.69821203791577,0,8,5,1,0,28,114,1,1,1,5,-7.48306680220412,0,2,2,1,0,16,23,175,0,0,0,195,51,11,2.82092089517083,0,8,5,1,0,0,33,3,39,4,10,0,2,20,3,0,0,4,0,0,0,0,0,0,0,0,0,1,-8,0,0,0,4,20,3,2,1,0,3,2,2,13,6,156,1,2,1,0,48,0.5,0,0,0,1,0,0,0,0,1,0,0,0,48,32,,48,32,0,0,1,1,0,0,0,0,0,0,0,4,0,60,211,1,0,0,0,1,3,14,0,197
2025,8,CHI,REG,2025_08_CHI_BAL,BAL,25,38,285,0,1,1,-9,0,0,310,125,13,1.09993351642012,7.88827283041818,0,12,8,5,1,23,96,1,0,0,5,0.412867147737416,0,4,3,1,0,25,35,285,0,0,0,310,125,13,6.68299723934999,0,12,8,5,1,0,40,1,33,4,12,1,2,8,3,0,0,1,0,0,0,0,0,0,0,0,0,1,0,0,0,0,11,79,6,1,0,0,1,0,1,8,6,157,3,4,1,0,47,0.75,0,0,2,1,0,0,0,0,0,0,1,0,32;39;47,58,,118,58,0,1,1,0,0,1,0,0,0,0,0,2,0,65,108,0,1,0,1,0,0,0,0,88
2025,8,CIN,REG,2025_08_NYJ_CIN,NYJ,21,34,223,2,0,1,-6,0,0,216,152,11,3.18590040992746,-8.0016957991051,0,7,5,1,1,23,181,3,0,0,12,12.1558673882391,0,9,6,3,0,21,33,223,2,0,0,216,152,11,6.39996109319651,0,7,5,1,1,0,43,1,39,3,4,0,0,0,1,0,0,4,0,0,0,0,0,0,0,0,0,0,0,0,0,0,2,15,1,0,0,0,0,0,0,0,5,114,1,1,0,0,26,1,0,1,0,0,0,0,0,0,0,0,0,0,26,,,26,0,0,5,5,0,0,1,0,0,0,0,0,3,0,65,174,0,0,0,0,0,3,38,0,136
2025,8,CLE,REG,2025_08_CLE_NE,NE,21,35,156,2,2,1,-11,0,0,195,88,7,-19.8458029344664,-5.33765148032795,0,7,4,2,0,16,68,0,0,0,4,1.35031596338376,0,2,2,1,0,21,33,156,2,0,0,195,88,7,-16.992132748336,0,7,4,2,0,0,39,2,32,11,52,2,6,37,8,1,7,3,0,0,0,0,0,0,0,0,0,0,0,1,0,0,5,31,3,0,0,0,0,0,1,7,6,131,0,1,1,0,,0,0,0,0,0,0,0,0,0,0,1,0,0,,47,,0,47,0,1,1,0,0,1,0,0,0,0,0,4,0,44,161,2,0,0,0,3,1,8,0,153
2025,8,DAL,REG,2025_08_DAL_DEN,DEN,22,35,246,1,2,2,-15,0,0,262,78,12,1.34931612824355,-1.36492720672062,0,9,5,2,0,31,108,2,1,0,8,2.5056544059189,0,1,1,0,0,22,35,246,1,0,0,262,78,12,4.82949837431577,0,9,5,2,0,0,32,1,29,3,5,0,0,0,1,1,7,2,0,0,0,0,0,0,0,0,0,1,0,0,0,0,9,80,5,1,0,0,1,0,0,0,3,86,1,1,0,0,24,1,0,1,0,0,0,0,0,0,0,0,0,0,24,,,24,0,0,3,3,0,0,1,0,0,0,0,0,5,0,58,252,3,0,0,0,3,2,26,0,226
2025,8,DEN,REG,2025_08_DAL_DEN,DAL,19,29,247,4,1,0,0,0,0,299,81,15,14.0928281362201,8.96841094449714,0,11,5,4,0,28,179,2,0,0,8,6.41615581279621,0,5,5,3,1,19,27,247,4,0,0,299,81,15,15.5021209086324,0,11,5,4,0,0,29,2,50,3,17,1,2,15,8,2,36,12,0,0,0,0,0,0,0,0,0,0,0,0,0,0,7,42,3,0,0,0,0,0,2,26,4,119,1,1,0,0,42,1,0,0,0,1,0,0,0,0,0,0,0,0,42,,,42,0,0,5,5,0,0,1,0,0,0,0,0,2,0,47,80,0,2,0,0,0,0,0,0,80
2025,8,GB,REG,2025_08_GB_PIT,PIT,29,37,360,3,0,0,0,0,0,194,245,16,22.3520075172595,13.5409709385463,1,11,8,6,1,26,94,1,0,0,5,-3.37831765797455,0,2,2,0,0,29,35,360,3,1,0,194,245,16,24.1152541714913,1,11,8,6,1,0,39,0,22,5,23,1,3,17,5,0,0,5,0,1,0,0,0,0,0,0,0,1,0,1,0,0,5,47,4,1,1,1,2,0,4,17,5,119,2,4,2,0,28,0.5,0,2,0,0,0,0,0,0,0,1,1,0,28;25,57;44,,53,101,0,3,3,0,0,1,0,0,0,0,0,3,0,56,152,1,0,0,0,1,2,21,0,131
2025,8,HOU,REG,2025_08_SF_HOU,SF,30,39,318,2,1,0,0,0,0,338,146,16,19.1880321130913,8.51591778428931,0,9,6,3,2,36,157,0,0,0,6,-1.79613201357846,0,3,3,1,0,30,38,318,2,0,0,338,146,16,19.6938962707237,0,9,6,3,2,0,25,1,19,4,24,1,2,18,6,1,0,5,0,0,0,0,0,0,0,0,0,0,0,0,0,0,8,55,3,0,0,0,0,0,2,11,3,70,4,4,0,0,37,1,0,0,4,0,0,0,0,0,0,0,0,0,33;34;37;30,,,134,0,0,2,2,0,0,1,0,0,0,0,0,2,0,53,96,1,1,1,0,0,0,0,0,96
2025,8,IND,REG,2025_08_TEN_IND,TEN,21,31,272,3,0,3,-16,0,0,267,110,14,11.7266107377593,7.13597695742335,0,14,7,3,1,18,164,2,0,0,7,8.1138399746269,0,5,4,1,1,21,28,272,3,0,0,267,110,14,16.6931150700195,0,14,7,3,1,0,43,1,25,8,33,0,4,31,7,1,0,4,0,0,0,0,0,0,0,0,0,0,0,0,0,0,3,32,2,0,0,0,0,0,2,33,2,42,1,1,0,0,43,1,0,0,0,1,0,0,0,0,0,0,0,0,43,,,43,0,0,5,5,0,0,1,0,0,0,0,0,4,0,49,189,1,2,0,0,2,0,0,0,189
2025,8,KC,REG,2025_08_WAS_KC,WAS,25,34,299,3,2,3,-15,0,0,219,173,16,13.7287036630441,10.9032199718058,0,14,6,5,0,30,148,1,1,0,8,2.82222637755331,0,4,2,0,0,25,32,299,3,1,0,219,173,16,15.177524134866,0,14,6,5,0,0,28,0,36,3,15,1,2,13,4,2,10,3,0,0,0,0,0,0,0,0,0,2,0,0,0,0,9,95,4,2,0,0,2,0,2,13,2,46,0,0,0,0,,,0,0,0,0,0,0,0,0,0,0,0,0,,,,0,0,0,4,4,0,0,1,0,0,0,0,0,1,0,56,56,0,0,0,0,0,1,14,0,42
2025,8,LAC,REG,2025_08_MIN_LAC,MIN,18,25,227,3,1,2,-15,0,0,206,75,13,11.6075315437159,9.11166866620382,0,10,4,2,1,43,207,1,0,0,14,2.65026536457941,0,5,5,1,0,18,24,227,3,0,0,206,75,13,15.5389296410252,0,10,4,2,1,0,32,1,13,7,30,1,5,27,8,1,15,7,0,0,0,0,0,0,0,0,0,0,0,0,0,0,8,46,2,0,0,0,0,0,1,0,3,75,3,4,1,0,45,0.75,0,0,1,2,0,0,0,0,0,1,0,0,43;34;45,49,,122,49,0,4,4,0,0,1,0,0,0,0,0,0,0,,0,0,0,0,0,0,0,0,0,0
2025,8,MIA,REG,2025_08_MIA_ATL,ATL,21,27,205,4,0,1,-8,0,0,101,148,10,6.22096112755051,2.26293923678222,0,8,6,3,1,37,141,0,0,0,11,3.05162809837056,0,5,2,0,0,21,27,205,4,0,0,101,148,10,8.17340358032768,0,8,6,3,1,0,30,1,27,4,10,0,1,5,4,0,0,2,0,0,0,0,0,0,0,0,0,0,0,1,6,0,4,54,5,0,0,0,0,0,2,9,2,57,2,2,0,0,36,1,0,0,2,0,0,0,0,0,0,0,0,0,34;36,,,70,0,0,4,4,0,0,1,0,0,0,0,0,3,0,52,148,1,0,0,0,1,2,11,0,137
2025,8,MIN,REG,2025_08_MIN_LAC,LAC,18,31,157,1,1,5,-27,1,0,108,126,9,-12.7507708275064,-11.7918059229851,0,9,2,0,0,11,34,0,0,0,1,-7.18839368323097,0,1,0,0,0,18,30,157,1,0,0,108,126,9,-4.03330027869228,0,9,2,0,0,0,46,1,33,10,30,0,2,15,8,1,0,2,0,0,0,0,0,0,0,0,0,1,0,0,0,0,8,66,3,1,0,0,1,0,0,0,5,135,1,2,1,0,54,0.5,0,0,0,0,1,0,0,0,0,0,1,0,54,53,,54,53,0,1,1,0,0,1,0,0,0,0,0,4,0,51,184,3,0,1,0,2,1,0,0,184
2025,8,NE,REG,2025_08_CLE_NE,CLE,18,24,282,3,1,6,-37,1,0,277,80,11,6.42118273890168,18.7140074761018,0,10,7,5,1,35,177,0,1,1,10,-6.16873923648382,0,6,5,2,0,18,23,282,3,0,0,277,80,11,15.0516880126378,0,10,7,5,1,0,27,1,33,7,23,0,1,11,2,2,33,8,0,0,1,0,0,0,0,0,0,1,0,0,0,0,7,54,4,2,0,0,2,1,1,8,2,55,3,3,0,0,42,1,0,0,2,1,0,0,0,0,0,0,0,0,36;32;42,,,110,0,0,3,3,0,0,1,0,0,0,0,0,3,0,61,124,1,1,0,1,0,1,7,0,97
2025,8,NO,REG,2025_08_TB_NO,TB,32,51,264,0,2,5,-37,0,0,419,97,13,-22.0828960913486,-6.08038645982742,0,12,2,1,0,15,48,0,1,1,4,-6.29430831153877,0,0,0,0,0,32,50,264,0,1,1,419,97,13,-18.3514911441734,0,12,2,1,0,0,34,0,32,2,17,2,3,28,4,0,0,4,0,0,0,0,0,0,0,0,0,0,0,1,-5,0,8,40,6,2,0,0,2,2,1,8,6,142,1,1,0,0,48,1,0,0,0,1,0,0,0,0,0,0,0,0,48,,,48,0,0,0,0,0,0,,0,0,0,0,0,3,0,55,121,2,0,0,0,2,1,8,0,113
2025,8,NYG,REG,2025_08_NYG_PHI,PHI,14,24,193,1,0,5,-15,0,0,235,72,9,3.37211062951934,1.81812996214086,0,7,6,3,0,21,68,1,0,0,4,1.04487466014689,0,0,0,0,0,14,22,193,1,0,0,235,72,9,9.91994848979892,0,7,6,3,0,0,33,0,28,3,22,0,4,28,5,0,0,4,0,0,0,0,0,0,0,0,0,0,0,0,0,0,7,54,3,0,0,0,0,0,0,0,5,145,2,2,0,0,47,1,0,0,1,1,0,0,0,0,0,0,0,0,47;34,,,81,0,0,2,2,0,0,1,0,0,0,0,0,4,0,58,194,1,1,0,0,2,1,17,0,177
2025,8,NYJ,REG,2025_08_NYJ_CIN,CIN,22,33,248,2,0,0,0,0,0,184,152,13,16.2426791179393,5.57048072417577,1,10,4,4,0,37,254,2,0,0,11,5.55030731226101,1,6,4,4,1,22,30,248,2,0,0,184,152,13,19.2415072878291,1,10,4,4,0,0,30,0,30,3,13,0,1,6,2,0,0,7,0,0,0,0,0,0,0,0,0,0,0,0,0,0,4,25,3,0,0,0,0,0,3,38,6,150,3,3,0,0,46,1,0,2,0,1,0,0,0,0,0,0,0,0,46;25;24,,,95,0,0,2,2,0,0,1,0,0,0,0,0,2,0,43,81,0,0,0,1,1,0,0,0,61
2025,8,PHI,REG,2025_08_NYG_PHI,NYG,15,20,179,4,0,4,-28,0,0,147,87,10,8.02651468837371,9.82363268733025,0,8,3,2,1,33,276,1,0,0,12,12.9768676342792,0,8,6,3,1,15,20,179,4,0,0,147,87,10,13.9716515251037,0,8,3,2,1,0,35,0,14,7,19,0,5,15,6,0,0,4,0,0,0,0,0,0,0,0,0,0,0,0,0,0,5,30,1,0,0,0,0,0,1,17,3,99,1,2,1,0,40,0.5,0,0,0,1,0,0,0,0,0,0,1,0,40,58,,40,58,0,5,5,0,0,1,0,0,0,0,0,1,0,57,57,0,0,0,0,1,0,0,0,57
2025,8,PIT,REG,2025_08_GB_PIT,GB,24,36,219,2,0,3,-17,0,0,240,88,10,-4.05235293107559,4.96228141710162,0,9,3,3,1,18,93,0,0,0,4,-1.25077416564454,0,2,2,0,0,24,32,219,2,1,1,240,88,10,-0.692738033202919,0,9,3,3,1,0,41,0,32,1,1,1,0,0,5,0,0,1,0,0,0,0,0,0,0,0,0,0,0,0,0,0,6,65,3,1,0,0,1,1,2,21,6,123,4,4,0,0,56,1,0,0,0,1,3,0,0,0,0,0,0,0,56;50;48;56,,,210,0,0,1,1,0,0,1,0,0,0,0,0,4,0,51,194,1,0,0,0,0,4,17,0,177
2025,8,SF,REG,2025_08_SF_HOU,HOU,19,32,193,2,1,2,-18,0,0,319,64,10,-2.79156947917352,-2.34662380910689,1,7,6,2,0,10,48,0,0,0,2,0.989112641429529,0,2,1,0,0,19,31,193,2,0,0,319,64,10,0.856345458582044,1,7,6,2,0,0,45,1,45,3,8,0,0,0,2,1,26,2,0,1,0,0,0,0,0,0,0,1,0,0,0,0,4,30,5,1,0,0,1,0,0,0,5,151,0,0,0,0,,,0,0,0,0,0,0,0,0,0,0,0,0,,,,0,0,0,1,1,0,0,1,0,0,0,0,0,5,0,54,238,3,0,1,0,2,2,11,0,227
2025,8,TB,REG,2025_08_TB_NO,NO,15,24,152,0,0,3,-28,1,1,162,86,8,-1.77036246395053,-9.64493975043297,0,7,4,2,0,29,88,1,1,0,5,-6.51483526178299,0,1,1,0,0,15,24,152,0,0,0,162,86,8,5.134059490407,0,7,4,2,0,0,41,0,32,5,32,2,5,37,8,2,3,7,1,0,0,0,0,0,0,0,0,0,0,2,0,0,4,25,0,2,0,1,2,1,1,8,2,50,3,3,0,0,55,1,0,0,0,0,3,0,0,0,0,0,0,0,55;52;54,,,161,0,0,2,2,0,0,1,0,0,0,0,0,3,0,58,151,1,0,0,0,2,1,8,0,143
2025,8,TEN,REG,2025_08_TEN_IND,IND,22,38,259,1,1,4,-31,0,0,328,101,13,-7.9033597597881,-7.1540509526794,0,11,8,4,0,25,113,1,0,0,5,2.59534042316955,0,3,1,1,1,22,37,259,1,0,0,328,101,13,-0.1855756136938,0,11,8,4,0,0,35,0,12,5,27,0,3,16,5,0,0,4,0,0,0,0,0,0,0,0,0,0,0,0,0,0,3,34,3,0,0,0,0,0,0,0,7,175,0,1,1,0,,0,0,0,0,0,0,0,0,0,0,0,1,0,,58,,0,58,0,2,2,0,0,1,0,0,0,0,0,5,0,49,215,1,0,0,1,2,2,33,0,162
2025,8,WAS,REG,2025_08_WAS_KC,KC,21,30,213,1,2,2,-13,0,0,162,122,9,-7.40416934655514,1.12503439188004,0,9,7,4,0,20,60,0,1,0,4,-2.0106815637555,0,0,0,0,0,21,30,213,1,0,0,162,122,9,-3.09314407326747,0,9,7,4,0,0,47,1,23,4,9,2,3,15,7,2,1,3,0,0,0,0,0,0,0,0,0,0,0,0,0,0,3,35,0,1,0,1,1,0,1,14,3,67,0,0,0,0,,,0,0,0,0,0,0,0,0,0,0,0,0,,,,0,0,0,1,1,0,0,1,0,0,0,0,0,3,0,59,142,1,0,0,0,1,2,13,0,129
2025,9,ARI,REG,2025_09_ARI_DAL,DAL,21,31,261,2,0,5,-40,0,0,248,127,14,7.01036849825345,7.37609637194666,0,11,7,2,1,29,119,1,1,0,8,0.128873956971802,0,4,3,0,0,21,29,261,2,0,0,248,127,14,16.8095358700741,0,11,7,2,1,0,42,1,27,6,42,4,5,40,9,1,0,6,0,0,0,0,0,0,0,0,0,1,-2,2,1,0,2,10,1,0,1,0,1,0,1,5,4,102,2,2,0,0,48,1,0,0,1,1,0,0,0,0,0,0,0,0,48;34,,,82,0,0,3,3,0,0,1,0,0,0,0,0,2,1,47,87,0,0,0,0,1,1,6,0,81
2025,9,ATL,REG,2025_09_ATL_NE,NE,22,37,221,3,0,1,-4,1,0,304,53,13,3.74243171121626,4.72175794489244,0,9,4,3,1,16,71,0,0,0,3,0.0225245511392131,0,2,2,0,0,22,34,221,3,0,0,304,53,13,7.53113742782436,0,9,4,3,1,0,47,0,20,7,46,2,6,38,6,1,17,3,0,0,0,0,0,0,0,0,0,1,0,1,27,0,5,40,6,1,0,0,1,0,2,28,5,120,1,1,0,0,38,1,0,0,1,0,0,0,0,0,0,0,0,0,38,,,38,0,0,2,3,1,0,0.666666666666667,0,0,0,0,0,5,0,46,217,2,1,0,0,2,2,15,0,202
2025,9,BAL,REG,2025_09_BAL_MIA,MIA,18,23,204,4,0,2,-16,0,0,207,91,11,10.4017084909137,18.1044198896574,0,7,4,4,0,31,150,0,0,0,7,-0.944566052523442,0,5,5,1,0,18,23,204,4,0,0,207,91,11,13.5624648551457,0,7,4,4,0,0,40,1,25,3,5,2,2,16,5,1,9,4,0,0,0,0,0,0,0,0,0,0,0,2,11,0,5,56,3,0,0,0,0,0,1,17,3,77,0,0,0,0,,,0,0,0,0,0,0,0,0,0,0,0,0,,,,0,0,0,4,4,0,0,1,0,0,0,0,0,6,0,64,336,4,1,1,1,1,2,38,0,278
2025,9,BUF,REG,2025_09_KC_BUF,KC,23,26,273,1,0,3,-10,0,0,133,169,13,9.60338803616469,18.4424661397934,0,9,6,5,1,35,141,3,0,0,9,4.97316578710183,0,4,3,0,0,23,25,273,1,0,0,133,169,13,15.0545954522968,0,9,6,5,1,0,27,0,28,5,20,0,3,24,15,1,0,5,0,0,0,0,0,0,0,0,0,0,0,0,0,0,4,40,6,0,0,0,0,0,2,14,4,105,0,1,1,0,,0,0,0,0,0,0,0,0,0,0,0,1,0,,52,,0,52,0,4,4,0,0,1,0,0,0,0,0,3,0,49,126,2,0,1,0,1,1,5,0,121
2025,9,CAR,REG,2025_09_CAR_GB,GB,11,20,102,0,1,1,0,1,0,125,23,6,-3.30548286213889,-11.4973651735406,0,4,3,1,0,33,163,2,0,0,11,8.41579193435282,0,3,3,1,0,11,19,102,0,0,0,125,23,6,-2.89006926529692,0,4,3,1,0,0,36,1,39,4,18,1,1,8,6,1,36,4,0,0,0,0,0,0,0,0,0,1,6,1,0,0,5,39,3,1,0,0,1,0,0,0,3,70,1,1,0,0,49,1,0,0,0,1,0,0,0,0,0,0,0,0,49,,,49,0,0,1,2,1,0,0.5,1,1,0,0,49,3,0,51,134,1,0,0,0,1,2,6,0,128
2025,9,CHI,REG,2025_09_CHI_CIN,CIN,22,37,302,4,0,2,-9,0,0,295,190,17,18.8184043636424,-0.147023884689107,0,15,6,4,1,37,283,2,0,0,11,16.0732974243583,0,8,8,2,0,22,34,302,4,0,0,295,190,17,23.2210296283111,0,15,6,4,1,0,38,1,27,4,23,1,3,21,5,2,6,7,0,0,0,0,0,0,0,0,0,0,0,1,0,0,7,43,5,0,0,0,0,0,0,0,6,134,2,3,0,1,36,0.666666666666667,0,1,1,0,0,0,0,0,0,0,0,0,24;36,,47,60,0,47,5,5,0,0,1,0,0,0,0,0,2,0,69,117,1,0,0,0,0,2,12,0,105
2025,9,CIN,REG,2025_09_CHI_CIN,CHI,31,47,470,4,2,3,-21,1,1,427,183,22,16.7317453197961,2.81568540467156,1,19,12,10,1,15,46,0,0,0,3,-1.72524776268983,0,1,1,0,0,31,45,470,4,0,0,427,183,22,28.4048089622526,1,19,12,10,1,1,37,0,48,2,9,0,2,9,7,0,0,6,0,0,0,0,0,1,0,0,0,0,0,0,0,0,7,49,7,1,0,0,1,1,2,12,8,297,2,3,1,0,41,0.666666666666667,0,0,1,1,0,0,0,0,0,0,1,0,41;33,54,,74,54,0,4,4,0,0,1,0,0,0,0,0,1,0,53,53,1,0,0,0,1,0,0,0,53
2025,9,DAL,REG,2025_09_ARI_DAL,ARI,24,39,250,1,1,5,-40,0,0,400,91,14,-4.50267879378913,-0.485124439001083,0,11,4,2,0,21,123,0,0,0,8,3.38213453034405,0,4,3,0,0,24,36,250,1,4,2,400,89,14,-2.32166090657431,0,11,4,2,0,1,39,1,33,8,46,0,5,40,11,0,0,2,0,0,0,1,0,0,0,0,0,2,0,0,0,0,6,55,6,4,0,0,4,2,1,6,6,151,1,2,1,0,26,0.5,0,1,0,0,0,0,0,0,0,0,0,1,26,68,,26,68,0,2,2,0,0,1,0,0,0,0,0,1,0,41,41,0,0,0,0,0,1,5,0,36
2025,9,DEN,REG,2025_09_DEN_HOU,HOU,18,37,173,2,1,1,-2,0,0,441,92,9,-3.50015967123193,-10.228743447977,1,8,4,3,0,23,100,0,0,0,6,-2.07991120988882,0,2,2,1,0,18,34,173,2,0,0,441,92,9,-1.01718311738671,1,8,4,3,0,0,43,0,34,4,25,0,4,25,7,0,0,7,0,1,0,0,0,0,0,0,0,0,0,0,0,0,4,41,6,0,1,0,1,1,4,30,3,76,1,2,0,1,34,0.5,0,0,1,0,0,0,0,0,0,0,0,0,34,,51,34,0,51,1,1,0,0,1,1,1,0,0,34,8,0,76,428,2,1,1,1,1,4,62,0,346
2025,9,DET,REG,2025_09_MIN_DET,MIN,25,37,284,2,0,5,-44,0,0,249,141,11,4.1288096063834,-2.5155874590079,0,12,6,2,1,20,65,1,1,1,3,-4.56761191762053,0,2,0,0,0,25,36,284,2,0,0,249,141,11,14.9326112286071,0,12,6,2,1,0,35,1,25,7,34,0,5,27,9,1,0,3,0,0,0,0,0,0,0,0,0,0,0,0,0,0,10,76,4,1,0,0,1,1,2,15,6,170,1,2,0,1,41,0.5,0,0,0,1,0,0,0,0,0,0,0,0,41,,45,41,0,45,3,3,0,0,1,0,0,0,0,0,5,0,58,238,2,0,1,0,3,1,7,0,231
2025,9,GB,REG,2025_09_CAR_GB,CAR,26,37,273,0,1,1,-8,0,0,325,101,13,5.89999847200096,9.10083600452968,0,9,5,4,1,25,104,1,1,1,7,-3.22095320149674,0,2,2,0,0,26,35,273,0,0,0,325,101,13,8.62631054005914,0,9,5,4,1,0,25,0,46,1,2,1,1,0,2,1,0,1,0,0,0,0,0,0,0,0,0,0,0,0,0,0,7,42,5,1,0,0,1,1,2,6,3,68,2,3,1,0,49,0.666666666666667,0,1,0,1,0,0,0,0,0,1,0,0,49;27,43,,76,43,0,1,1,0,0,1,0,0,0,0,0,0,0,,0,0,0,0,0,0,0,0,0,0
2025,9,HOU,REG,2025_09_DEN_HOU,DEN,23,40,216,0,0,4,-25,0,0,331,69,11,-2.59217511305929,-11.8366342324477,0,7,3,2,1,28,77,0,0,0,2,-8.17189286858775,0,0,0,0,0,23,39,216,0,0,0,331,69,11,3.1301288559963,0,7,3,2,1,0,28,0,36,4,16,0,1,2,4,1,0,7,0,0,0,0,0,1,0,0,0,0,0,1,0,0,4,29,6,0,0,0,0,0,4,62,3,85,5,6,1,0,41,0.833333333333333,0,1,1,3,0,0,0,0,0,0,1,0,23;41;38;40;41,51,,183,51,0,0,0,0,0,,0,0,0,0,0,8,0,73,420,2,0,0,2,2,4,30,0,350
2025,9,IND,REG,2025_09_IND_PIT,PIT,31,50,342,1,3,5,-29,2,2,432,88,17,-16.2580278187284,-1.62910154710213,0,14,8,3,0,19,55,1,1,0,6,7.334570960782,0,0,0,0,0,31,48,342,1,0,0,432,88,17,-0.586917893126296,0,14,8,3,0,0,37,0,34,6,25,1,3,16,4,0,0,3,0,1,0,0,0,0,0,0,0,1,0,1,0,0,5,53,3,3,1,0,4,3,3,23,4,100,2,2,0,0,53,1,0,0,0,0,2,0,0,0,0,0,0,0,52;53,,,105,0,0,2,2,0,0,1,0,0,0,0,0,2,0,57,110,1,0,0,0,0,2,23,0,87
2025,9,JAX,REG,2025_09_JAX_LV,LV,23,34,220,0,1,1,-4,0,0,289,90,9,-0.757149316633521,-0.00479510336211233,0,11,5,2,0,42,151,3,0,0,15,12.8399801919464,0,5,1,1,0,23,33,220,0,0,0,289,90,9,0.289447480911896,0,11,5,2,0,0,32,3,37,5,9,0,2,10,4,1,0,5,0,0,0,0,0,0,0,0,0,1,0,0,0,0,9,80,8,0,1,0,1,0,1,4,5,155,3,3,0,0,68,1,0,0,1,1,0,1,0,0,0,0,0,0,68;33;48,,,149,0,0,3,3,0,0,1,0,0,0,0,0,2,0,41,73,1,1,0,0,1,0,0,0,73
2025,9,KC,REG,2025_09_KC_BUF,BUF,15,34,250,0,1,3,-24,0,0,493,64,10,-1.68272083781376,-4.38976626971672,1,9,8,7,1,20,79,2,0,0,5,3.73473590431968,0,1,1,0,0,15,29,250,0,0,0,493,64,10,7.41406134359822,1,9,8,7,1,0,39,0,48,3,12,0,3,10,6,0,0,1,0,0,0,0,0,0,0,0,0,0,0,0,0,0,3,25,6,0,0,0,0,0,1,5,5,158,2,2,0,0,46,1,1,0,0,1,0,0,0,0,0,0,0,0,46;19,,,65,0,0,1,1,0,0,1,0,0,0,0,0,3,0,60,146,1,0,0,0,1,2,14,0,132
2025,9,LA,REG,2025_09_NO_LA,NO,24,32,281,4,0,2,-14,0,0,319,105,14,11.8387410286137,12.6798230794168,0,9,6,4,0,43,171,1,0,0,13,4.43737854430219,0,4,2,1,0,24,31,281,4,0,0,319,105,14,15.5717499496437,0,9,6,4,0,0,19,1,21,2,10,1,1,9,2,1,7,5,0,0,0,0,0,0,0,0,0,0,0,1,0,0,3,32,3,0,0,0,0,0,2,11,0,0,0,1,1,0,,0,0,0,0,0,0,0,0,0,1,0,0,0,,39,,0,39,0,4,5,1,0,0.8,0,0,0,0,0,2,0,50,100,1,1,0,0,0,1,9,0,91
2025,9,LAC,REG,2025_09_LAC_TEN,TEN,19,29,250,2,1,6,-38,0,0,311,104,12,1.83361711576235,6.47519826889038,0,11,6,4,0,30,131,1,1,0,8,1.6938555346569,0,2,1,1,0,19,28,250,2,0,0,311,104,12,10.3989857344894,0,11,6,4,0,0,29,0,22,4,27,1,4,27,5,0,0,3,0,0,0,0,0,0,0,0,0,1,0,0,0,0,3,20,1,1,0,0,1,0,2,9,3,72,2,2,0,0,52,1,0,1,0,0,1,0,0,0,0,0,0,0,27;52,,,79,0,0,3,3,0,0,1,0,0,0,0,0,4,0,60,209,0,0,0,0,1,3,98,1,111
2025,9,LV,REG,2025_09_JAX_LV,JAX,29,39,284,4,1,2,-10,0,0,162,196,17,11.3963925467252,1.52995970688368,0,13,3,3,0,19,57,0,0,0,5,-2.92344734200742,0,2,2,0,0,29,38,284,4,0,0,162,196,17,13.2481706857362,0,13,3,3,0,0,55,2,28,8,17,0,1,4,2,1,0,4,0,0,0,0,0,0,0,0,0,0,0,0,0,0,7,55,2,0,0,0,0,0,0,0,6,232,1,1,0,0,24,1,0,1,0,0,0,0,0,0,0,0,0,0,24,,,24,0,0,2,3,1,0,0.666666666666667,0,0,0,0,0,1,0,56,56,1,0,0,0,0,1,4,0,52
2025,9,MIA,REG,2025_09_BAL_MIA,BAL,25,40,261,0,1,2,-16,0,0,271,141,12,3.51162501647882,-2.95143538230174,0,10,6,3,0,20,87,0,1,1,4,-9.5706152721366,0,3,3,1,0,25,37,261,0,1,1,271,141,12,1.84519431273616,0,10,6,3,0,0,32,4,34,5,19,0,2,16,4,0,0,1,0,0,0,0,0,0,0,0,0,0,0,0,0,0,5,45,5,2,0,0,2,2,2,38,4,89,2,3,1,0,49,0.666666666666667,0,0,0,2,0,0,0,0,1,0,0,0,49;43,35,,92,35,0,0,0,0,0,,0,0,0,0,0,3,0,47,128,1,1,1,0,0,1,17,0,111
2025,9,MIN,REG,2025_09_MIN_DET,DET,14,25,143,2,1,5,-27,0,0,258,33,8,-7.41834461734904,-0.122888969338459,0,7,4,2,0,29,142,1,1,0,7,6.23436340969056,0,5,4,1,0,14,23,143,2,0,0,258,33,8,2.13357377483044,0,7,4,2,0,0,32,2,46,10,54,1,5,44,11,0,0,1,0,0,0,0,0,1,0,0,41,1,-2,1,-1,0,7,56,1,0,1,0,1,0,1,7,5,164,2,2,0,0,50,1,0,1,0,0,1,0,0,0,0,0,0,0,50;20,,,70,0,0,3,3,0,0,1,0,0,0,0,0,4,0,51,176,2,1,0,0,1,2,15,0,161
2025,9,NE,REG,2025_09_ATL_NE,ATL,19,29,259,2,1,6,-38,2,1,310,111,14,0.423726848424723,5.32756373286247,0,12,6,3,1,33,110,1,0,0,9,0.448533828544896,0,2,1,0,0,19,28,259,2,0,0,310,111,14,12.8978390192896,0,12,6,3,1,0,32,0,20,2,9,1,1,4,4,0,0,5,0,0,0,0,0,0,0,0,0,1,0,0,0,0,2,15,3,2,0,0,2,1,2,15,3,79,1,1,0,0,32,1,0,0,1,0,0,0,0,0,0,0,0,0,32,,,32,0,0,3,3,0,0,1,0,0,0,0,0,3,0,61,150,2,0,0,0,1,2,28,0,122
2025,9,NO,REG,2025_09_NO_LA,LA,15,25,176,1,1,1,-9,0,0,218,47,8,-0.828732179128565,-6.38462863862515,0,8,4,3,0,14,57,0,1,1,1,-11.8637852398679,0,1,1,1,0,15,24,176,1,0,0,218,47,8,1.36641397047788,0,8,4,3,0,0,34,2,54,4,24,0,2,14,4,0,0,4,0,0,0,0,0,0,0,0,0,0,0,0,0,0,5,33,3,1,0,0,1,1,1,9,1,29,1,1,0,0,39,1,0,0,1,0,0,0,0,0,0,0,0,0,39,,,39,0,0,1,1,0,0,1,0,0,0,0,0,4,0,49,184,2,0,0,0,2,2,11,0,173
2025,9,NYG,REG,2025_09_SF_NYG,SF,24,33,191,2,0,2,-12,0,0,217,79,7,1.71027115934445,3.73614560812712,0,5,3,2,0,21,117,1,0,0,10,7.81800018227659,0,4,2,0,0,24,32,191,2,0,0,217,79,7,4.40916444493374,0,5,3,2,0,0,34,5,47,7,26,1,2,14,3,0,0,2,0,0,0,0,0,0,0,0,0,0,0,1,-4,0,5,23,3,0,0,0,0,0,0,0,7,191,1,2,1,0,22,0.5,0,1,0,0,0,0,0,0,0,1,0,0,22,45,,22,45,0,3,3,0,0,1,0,0,0,0,0,5,0,60,233,1,0,0,1,1,3,34,0,179
2025,9,PIT,REG,2025_09_IND_PIT,IND,25,35,203,1,0,3,-16,0,0,103,148,10,0.0109541692459927,-2.64782224382673,0,10,2,0,0,23,38,2,0,0,5,-3.52358775853645,0,0,0,0,0,25,35,203,1,1,1,103,148,10,0.0633970681034,0,10,2,0,0,0,40,2,32,5,30,3,5,29,6,3,21,13,0,0,0,0,0,0,0,0,0,0,0,3,0,0,8,46,3,1,0,0,1,1,2,23,3,74,2,2,0,0,46,1,0,1,0,1,0,0,0,0,0,0,0,0,25;46,,,71,0,0,3,3,0,0,1,0,0,0,0,0,5,0,67,252,2,0,1,0,1,3,23,0,229
2025,9,SEA,REG,2025_09_SEA_WAS,WAS,21,24,330,4,1,0,0,0,0,207,145,13,22.447935086084,23.5387157648802,0,13,8,7,1,24,88,1,0,0,5,-0.923984005057719,0,3,1,0,0,21,24,330,4,1,0,207,145,13,22.447935086084,0,13,8,7,1,0,30,2,56,5,12,1,4,20,7,1,0,3,0,0,0,0,0,0,0,0,0,1,0,1,0,0,5,44,4,1,0,0,1,0,0,0,3,58,1,1,0,0,41,1,0,0,0,1,0,0,0,0,0,0,0,0,41,,,41,0,0,5,5,0,0,1,0,0,0,0,0,3,0,58,155,1,0,0,0,1,2,15,0,140
2025,9,SF,REG,2025_09_SF_NYG,NYG,19,24,235,2,0,2,-14,1,1,160,112,13,13.4907009531857,12.0277166366577,0,11,5,4,0,39,159,2,0,0,10,4.97246976243332,0,6,4,0,0,19,23,235,2,0,0,160,112,13,17.5405645645919,0,11,5,4,0,0,34,1,35,3,14,0,2,12,3,0,0,4,0,0,0,0,0,0,0,0,0,0,0,0,0,0,6,34,4,1,0,0,1,1,3,34,3,92,2,2,0,0,54,1,0,0,1,0,1,0,0,0,0,0,0,0,54;33,,,87,0,0,4,4,0,0,1,0,0,0,0,0,2,0,50,87,1,0,1,0,1,0,0,0,87
2025,9,TEN,REG,2025_09_LAC_TEN,LAC,12,21,145,0,0,4,-27,1,0,183,85,7,-1.69269068850554,-11.7846615257717,0,6,3,3,0,19,88,0,1,0,3,-6.10583594875809,0,4,2,0,0,12,21,145,0,0,0,183,85,7,3.40208592847921,0,6,3,3,0,1,41,1,29,6,40,1,6,38,11,1,24,4,1,0,0,0,0,0,0,0,0,2,-2,0,0,0,7,60,3,1,1,0,2,0,3,98,4,117,2,2,0,0,49,1,0,0,1,1,0,0,0,0,0,0,0,0,49;37,,,86,0,0,2,2,0,0,1,0,0,0,0,0,5,0,41,187,2,0,0,0,3,2,9,0,178
2025,9,WAS,REG,2025_09_SEA_WAS,SEA,16,22,153,0,1,4,-20,0,0,125,71,8,-1.32997166473069,4.00167065007346,0,6,2,1,0,36,157,2,0,0,9,0.110673513874644,0,3,2,0,0,16,21,153,0,0,0,125,71,8,6.08347543107811,0,6,2,1,0,0,26,2,34,2,5,1,0,0,1,1,0,3,0,0,0,0,0,0,0,0,0,0,0,0,0,0,8,87,2,1,0,0,1,1,2,15,3,75,0,0,0,0,,,0,0,0,0,0,0,0,0,0,0,0,0,,,,0,0,0,2,2,0,0,1,0,0,0,0,0,4,0,63,191,4,0,1,0,3,0,0,0,191
2025,10,ARI,REG,2025_10_ARI_SEA,SEA,22,45,258,2,0,5,-52,2,2,329,119,13,-12.4921904177608,-11.3510465757413,1,11,5,3,0,23,129,1,0,0,7,-3.11461622072966,0,3,2,1,1,22,44,258,2,0,0,329,119,13,9.12486670377269,1,11,5,3,0,0,35,3,29,5,13,2,1,4,1,1,4,2,0,0,0,0,0,0,0,0,0,0,0,2,2,0,5,37,2,2,0,0,2,2,0,0,7,146,0,0,0,0,,,0,0,0,0,0,0,0,0,0,0,0,0,,,,0,0,0,2,2,0,0,1,0,0,0,0,0,4,0,45,163,2,0,0,0,4,0,0,0,163
2025,10,ATL,REG,2025_10_ATL_IND,IND,12,28,177,1,0,3,-27,1,1,288,47,10,-8.05006359761033,-16.3497189283371,1,10,5,2,0,29,140,2,0,0,10,4.04487736016745,0,5,2,0,0,12,25,177,1,0,0,288,47,10,2.93092195259956,1,10,5,2,0,0,47,1,47,9,62,4,7,59,7,1,3,5,0,0,0,0,0,0,0,0,0,0,0,1,0,0,3,35,2,1,0,0,1,1,0,0,7,155,1,1,0,0,43,1,0,0,0,1,0,0,0,0,0,0,0,0,43,,,43,0,0,2,2,0,0,1,0,0,0,0,0,6,0,50,263,4,0,1,0,2,3,32,0,231
2025,10,BAL,REG,2025_10_BAL_MIN,MIN,17,29,176,1,0,1,-7,0,0,119,100,9,-1.38979655075827,-13.4963293160711,1,8,4,3,0,36,152,1,1,0,11,-0.313154704499423,0,3,3,1,0,17,28,176,1,0,0,119,100,9,1.25198531544293,1,8,4,3,0,0,36,0,18,3,9,2,1,3,12,2,27,13,0,0,0,0,0,0,0,0,0,1,0,1,0,0,5,62,4,2,1,2,3,0,1,19,5,131,4,5,1,0,44,0.8,0,2,1,1,0,0,0,0,0,0,1,0,44;28;30;22,56,,124,56,0,1,1,0,0,1,0,0,0,0,0,5,0,58,248,3,2,0,0,0,3,5,0,243
2025,10,BUF,REG,2025_10_BUF_MIA,MIA,28,40,306,2,1,3,-17,0,0,404,114,12,4.18633139254246,7.70525680138515,0,11,9,7,0,22,87,0,2,2,4,-9.04641274077585,0,2,2,0,0,28,39,306,2,0,0,404,114,12,6.71361091935262,0,11,9,7,0,0,31,1,23,6,16,0,0,0,2,2,1,4,0,0,0,0,0,0,0,0,0,0,0,0,0,0,6,67,3,2,0,0,2,2,1,7,4,93,0,0,0,0,,,0,0,0,0,0,0,0,0,0,0,0,0,,,,0,0,0,1,1,0,0,1,0,0,0,0,0,4,0,61,217,2,0,1,0,2,1,13,0,204
2025,10,CAR,REG,2025_10_NO_CAR,NO,17,25,124,0,1,2,-22,0,0,162,55,6,-11.4978759260794,2.75781906169394,0,5,1,1,0,23,73,1,1,1,5,-9.47329453512793,0,1,1,0,0,17,23,124,0,0,0,162,55,6,-7.3782163747765,0,5,1,1,0,0,38,3,35,6,21,0,2,16,5,0,0,1,0,0,0,0,0,0,0,0,0,0,-4,1,0,0,1,5,5,0,1,0,1,1,2,15,4,108,0,1,0,1,,0,0,0,0,0,0,0,0,0,0,0,0,0,,,48,0,0,48,1,1,0,0,1,0,0,0,0,0,4,0,59,204,2,1,0,0,1,2,8,0,196
2025,10,CHI,REG,2025_10_NYG_CHI,NYG,20,36,220,1,0,0,0,0,0,345,76,11,-6.06136675420731,-8.15140869882372,0,10,5,4,0,28,171,2,0,0,8,5.65459134124103,0,5,4,2,0,20,36,220,1,0,0,345,76,11,-6.06136675420731,0,10,5,4,0,0,38,1,29,7,26,1,4,25,9,0,0,5,0,0,0,0,0,0,0,0,0,0,0,1,-1,0,3,25,2,0,0,0,0,0,1,13,2,46,1,1,0,0,22,1,0,1,0,0,0,0,0,0,0,0,0,0,22,,,22,0,0,3,3,0,0,1,0,0,0,0,0,3,0,59,135,1,0,0,2,1,0,0,0,95
2025,10,CLE,REG,2025_10_CLE_NYJ,NYJ,17,32,167,2,0,6,-47,0,0,200,76,8,-7.38952940577144,-16.4121434092522,0,9,2,2,0,32,158,0,0,0,10,1.62196687026881,0,6,4,0,0,17,32,167,2,0,0,200,76,8,2.4836139880244,0,9,2,2,0,0,28,3,33,10,41,0,3,12,8,1,15,5,0,0,0,0,0,0,0,0,0,0,0,0,0,0,10,78,6,0,0,0,0,0,1,15,5,126,2,2,0,0,45,1,0,1,0,1,0,0,0,0,0,0,0,0,45;29,,,74,0,0,2,2,0,0,1,0,0,0,0,0,7,0,60,351,0,0,1,1,0,5,126,1,205
2025,10,DEN,REG,2025_10_LV_DEN,LV,16,28,150,1,2,2,-14,0,0,247,77,5,-10.575725868243,-7.19163820699409,0,5,2,1,1,27,84,0,0,0,5,-6.84825837780954,0,1,1,0,0,16,27,150,1,0,0,247,77,5,-2.89482181769238,0,5,2,1,1,0,35,0,34,5,28,1,6,29,11,1,23,3,0,0,0,1,0,0,0,0,0,0,0,0,0,0,11,78,2,0,0,0,0,0,1,-1,2,35,1,2,1,0,32,0.5,0,0,1,0,0,0,0,0,0,0,1,0,32,59,,32,59,0,1,1,0,0,1,0,0,0,0,0,7,0,54,293,0,3,0,1,0,3,2,0,271
2025,10,DET,REG,2025_10_DET_WAS,WAS,25,35,320,3,0,0,0,0,0,173,192,19,23.9883616689004,9.60123417899013,0,16,6,2,1,33,226,2,0,0,11,9.36923308244161,1,6,5,2,1,25,32,320,3,0,0,173,192,19,26.1551776675235,0,16,6,2,1,0,36,0,22,3,17,0,2,18,6,0,0,4,0,0,0,0,0,0,0,0,0,0,0,0,0,0,3,1,2,0,0,0,0,0,3,3,3,60,3,3,0,0,48,1,0,2,0,1,0,0,0,0,0,0,0,0,22;28;48,,,98,0,0,3,4,0,1,0.75,0,0,0,0,0,0,0,,0,0,0,0,0,0,0,0,0,0
2025,10,GB,REG,2025_10_PHI_GB,PHI,20,36,176,0,0,3,-19,1,1,304,71,10,-8.13769077183433,-6.45908979755459,0,6,4,3,0,27,104,1,2,1,7,-3.18889862217475,0,3,1,0,0,20,33,176,0,0,0,304,71,10,-1.09341760212556,0,6,4,3,0,0,34,1,31,6,16,1,0,0,0,0,0,2,0,0,0,0,0,0,0,0,0,1,-3,1,22,0,4,20,6,2,1,0,3,2,2,22,3,77,0,1,1,0,,0,0,0,0,0,0,0,0,0,0,0,0,1,,64,,0,64,0,1,1,0,0,1,0,0,0,0,0,5,0,59,239,1,0,0,2,1,2,31,0,168
2025,10,HOU,REG,2025_10_JAX_HOU,JAX,27,45,292,2,1,2,-10,0,0,427,76,17,0.754407670829039,-3.25932658531449,1,10,6,4,1,22,130,2,1,0,8,4.54529228839977,0,5,4,1,0,27,44,292,2,0,0,427,76,17,3.19861797524203,1,10,6,4,1,0,38,0,26,8,48,2,5,39,6,1,0,9,0,0,0,0,0,0,0,0,0,1,-5,1,32,1,11,80,4,1,1,0,2,1,1,8,3,71,1,1,0,0,23,1,0,1,0,0,0,0,0,0,0,0,0,0,23,,,23,0,0,1,1,0,0,1,0,0,0,0,0,2,0,68,108,0,0,0,0,0,2,90,1,18
2025,10,IND,REG,2025_10_ATL_IND,ATL,19,26,255,1,1,7,-59,3,1,209,134,10,-2.11333849455145,3.07265703494732,0,11,5,5,0,41,323,3,0,0,15,13.4375390614971,0,8,7,3,1,19,26,255,1,1,0,209,134,10,11.3562749021273,0,11,5,5,0,0,35,0,28,4,33,1,3,27,3,0,0,3,0,0,0,0,0,0,0,0,0,2,0,1,8,0,7,56,3,4,0,1,4,1,3,32,4,139,2,3,1,0,44,0.666666666666667,0,0,1,1,0,0,0,0,0,0,1,0,34;44,53,,78,53,0,1,2,1,0,0.5,0,0,0,0,0,1,0,44,44,0,0,0,0,1,0,0,0,44
2025,10,JAX,REG,2025_10_JAX_HOU,HOU,13,23,158,1,1,5,-39,2,1,146,77,7,-7.29207538423307,-14.4266659798829,0,7,4,2,0,27,94,1,0,0,6,-5.89976264028488,0,3,2,1,0,13,23,158,1,0,0,146,77,7,5.3781842659233,0,7,4,2,0,1,28,1,41,5,16,1,2,10,3,1,0,8,0,0,0,0,0,0,0,0,0,1,0,1,0,0,9,90,5,2,0,0,2,1,2,90,6,160,3,3,0,0,53,1,0,0,2,0,1,0,0,0,0,0,0,0,32;53;33,,,118,0,0,2,2,0,0,1,0,0,0,0,0,3,0,53,137,2,0,1,0,1,1,8,0,129
2025,10,LA,REG,2025_10_LA_SF,SF,24,36,280,4,0,1,-5,0,0,332,142,20,22.6301585333131,10.5948607711231,0,15,4,3,0,30,126,2,0,0,9,0.475754399230937,0,3,3,0,0,24,34,280,4,0,0,332,142,20,24.8215802372724,0,15,4,3,0,0,34,2,34,2,3,1,0,0,1,1,5,5,0,0,0,0,1,0,0,0,0,0,0,1,13,0,0,0,3,0,0,0,0,0,1,5,4,110,0,0,0,0,,,0,0,0,0,0,0,0,0,0,0,0,0,,,,0,0,0,6,6,0,0,1,0,0,0,0,0,2,0,48,73,1,1,0,0,0,1,27,0,46
2025,10,LAC,REG,2025_10_PIT_LAC,PIT,20,33,220,1,0,5,-21,0,0,156,179,7,-6.66106734300756,-14.1030844413873,0,8,3,1,1,31,115,1,0,0,11,-1.02281588684144,0,5,2,0,0,20,33,220,1,0,0,156,179,7,1.02413431981787,0,8,3,1,1,0,30,0,16,4,15,1,3,13,5,2,31,5,0,0,1,0,0,0,0,0,0,0,0,1,0,0,8,55,3,0,0,0,0,0,1,5,3,76,3,4,1,0,59,0.75,0,0,1,1,1,0,0,0,0,0,1,0,32;59;42,55,,133,55,0,2,2,0,0,1,0,0,0,0,0,6,0,55,263,3,1,1,0,2,2,11,0,252
2025,10,LV,REG,2025_10_LV_DEN,DEN,16,27,143,0,1,6,-29,0,0,61,84,6,-17.3046415772494,-9.33603239059448,0,5,3,2,0,25,74,1,0,0,4,-5.31855157966493,0,1,0,0,0,16,25,143,0,1,0,61,84,6,-3.47434494947083,0,5,3,2,0,0,32,0,28,4,18,0,2,14,4,2,26,4,0,0,0,0,0,0,0,0,0,1,0,0,0,0,11,83,4,1,1,1,2,0,3,2,1,28,0,1,1,0,,0,0,0,0,0,0,0,0,0,0,1,0,0,,48,,0,48,0,1,1,0,0,1,0,0,0,0,0,7,1,48,299,3,4,0,1,1,1,-1,0,280
2025,10,MIA,REG,2025_10_BUF_MIA,BUF,15,21,173,2,2,0,0,0,0,188,89,9,9.00747013627551,5.90169969059172,0,7,3,3,0,32,197,2,0,0,9,6.9206625516911,0,6,6,2,1,15,21,173,2,0,0,188,89,9,9.00747013627551,0,7,3,3,0,0,45,2,24,6,18,2,3,17,7,1,0,4,0,0,0,0,0,0,0,0,0,0,0,2,0,0,5,35,4,0,0,0,0,0,1,13,1,24,1,1,0,0,46,1,0,0,0,1,0,0,0,0,0,0,0,0,46,,,46,0,0,3,4,1,0,0.75,0,0,0,0,0,3,0,61,153,2,0,1,1,0,1,7,0,126
2025,10,MIN,REG,2025_10_BAL_MIN,BAL,20,42,248,1,2,1,-3,0,0,458,114,9,-9.8921182502134,-11.6277599843537,0,9,4,3,1,18,120,1,0,0,6,-0.063690829789266,0,6,4,1,0,20,41,248,1,0,0,458,114,9,-7.89966462886224,0,9,4,3,1,0,45,1,27,3,11,2,1,7,4,0,0,4,0,0,0,0,0,0,0,0,0,1,0,0,0,0,13,102,5,2,0,0,2,1,3,5,6,153,2,2,0,0,49,1,0,0,0,2,0,0,0,0,0,0,0,0,49;43,,,92,0,0,1,1,0,0,1,0,0,0,0,0,2,0,54,102,1,0,0,0,1,1,19,0,83
2025,10,NE,REG,2025_10_NE_TB,TB,16,31,270,2,1,1,-1,0,0,350,134,9,6.26684845931595,-5.85770447706354,0,8,4,3,2,27,166,2,0,0,5,3.13215776451398,0,3,3,2,2,16,29,270,2,0,0,350,134,9,8.64805000956403,0,8,4,3,2,0,30,1,43,6,23,0,2,15,5,0,0,5,0,1,0,0,0,0,0,0,0,1,0,0,0,0,5,49,2,0,1,0,1,0,3,3,2,45,0,0,0,0,,,0,0,0,0,0,0,0,0,0,0,0,0,,,,0,0,0,4,4,0,0,1,0,0,0,0,0,5,0,59,248,1,0,0,1,2,2,12,0,216
2025,10,NO,REG,2025_10_NO_CAR,CAR,19,28,282,2,0,2,-16,0,0,256,134,9,11.2024889048896,10.3709341241763,0,10,5,4,2,37,122,0,0,0,8,-5.86078253714368,0,3,2,0,0,19,26,282,2,0,0,256,134,9,18.7132514360835,0,10,5,4,2,0,27,1,35,4,24,0,2,22,3,1,11,4,0,1,0,0,0,1,0,0,0,0,0,1,0,0,6,60,1,0,1,0,1,1,2,8,1,31,1,1,0,0,20,1,0,1,0,0,0,0,0,0,0,0,0,0,20,,,20,0,0,2,2,0,0,1,0,0,0,0,0,4,0,54,177,3,1,0,0,1,2,15,0,162
2025,10,NYG,REG,2025_10_NYG_CHI,CHI,22,36,287,0,0,4,-25,0,0,291,123,11,0.839488032584119,5.11575089767575,0,11,6,5,1,30,169,2,1,1,8,-0.504039805322187,0,7,4,1,0,22,32,287,0,0,0,291,123,11,9.14484139638538,0,11,6,5,1,0,30,2,32,2,5,0,0,0,3,0,0,2,0,0,0,0,0,0,0,0,0,0,0,0,0,0,10,69,3,1,0,0,1,1,0,0,1,39,2,2,0,0,32,1,1,0,1,0,0,0,0,0,0,0,0,0,32;19,,,51,0,0,2,2,0,0,1,0,0,0,0,0,3,0,54,110,1,1,0,0,1,1,13,0,97
2025,10,NYJ,REG,2025_10_CLE_NYJ,CLE,6,11,54,1,1,3,-12,0,0,38,67,1,-10.1757875726908,-13.6570039120587,0,1,1,1,1,33,127,0,0,0,8,-4.54937178035492,0,6,5,2,0,6,11,54,1,0,0,38,67,1,-6.96059473254718,0,1,1,1,1,2,47,1,25,10,63,0,6,47,7,0,0,3,0,0,0,0,0,0,0,0,0,0,0,0,0,0,7,61,3,0,0,0,0,0,5,126,4,166,2,2,0,0,37,1,0,1,1,0,0,0,0,0,0,0,0,0,26;37,,,63,0,0,3,3,0,0,1,0,0,0,0,0,5,0,55,249,3,0,1,0,3,1,15,0,234
2025,10,PHI,REG,2025_10_PHI_GB,GB,15,26,183,1,0,0,0,0,0,229,92,8,8.49402574551641,-0.792824055837548,0,5,4,3,1,34,111,0,1,1,4,-13.1867823999474,0,2,1,0,0,15,23,183,1,0,0,229,92,8,9.43892930066795,0,5,4,3,1,0,39,2,26,5,29,2,3,19,8,0,0,5,0,0,0,0,0,0,0,0,0,0,0,2,0,0,7,61,3,1,0,0,1,1,2,31,2,51,1,1,0,0,39,1,0,0,1,0,0,0,0,0,0,0,0,0,39,,,39,0,0,1,1,0,0,1,0,0,0,0,0,5,0,66,238,1,0,1,1,1,2,22,0,196
2025,10,PIT,REG,2025_10_PIT_LAC,LAC,16,31,161,1,2,3,-13,1,0,251,114,6,-18.0900405267528,-10.8302453798907,0,6,3,1,0,16,73,0,0,0,4,-0.740225144312717,0,2,1,0,0,16,28,161,1,0,0,251,114,6,-12.3060867094244,0,6,3,1,0,0,36,0,46,11,33,0,5,21,9,0,0,5,0,1,0,0,0,0,0,0,0,1,0,0,0,0,4,29,4,1,1,0,2,1,2,11,3,84,1,2,1,0,59,0.5,0,0,0,0,1,0,0,0,0,1,0,0,59,45,,59,45,0,1,1,0,0,1,0,0,0,0,0,4,0,51,183,2,0,0,0,3,1,5,0,178
2025,10,SEA,REG,2025_10_ARI_SEA,ARI,10,12,178,1,1,1,-4,1,1,128,79,6,4.09513975489924,18.8896216452122,0,5,3,2,2,46,198,2,2,1,14,-0.115116662104002,0,6,3,2,0,10,12,178,1,0,0,128,79,6,9.15872755445113,0,5,3,2,2,0,40,1,31,10,54,2,5,52,10,0,0,10,0,0,0,0,0,0,0,0,0,2,3,2,56,2,3,20,4,2,2,0,4,2,0,0,3,67,3,3,0,0,46,1,0,0,2,1,0,0,0,0,0,0,0,0,46;32;34,,,112,0,0,5,5,0,0,1,0,0,0,0,0,0,0,,0,0,0,0,0,0,0,0,0,0
2025,10,SF,REG,2025_10_LA_SF,LA,33,39,319,3,1,0,0,0,0,282,101,16,18.2526789496625,14.9748279498174,0,14,5,2,0,21,74,1,0,0,8,-4.08294265752193,0,2,1,0,0,33,39,319,3,1,1,282,101,16,11.8075904782601,0,14,5,2,0,0,31,2,42,3,7,0,1,5,8,0,0,3,0,0,0,0,0,0,0,0,0,0,0,0,0,0,7,45,5,1,0,0,1,1,1,27,1,16,0,0,0,0,,,0,0,0,0,0,0,0,0,0,0,0,0,,,,0,0,0,2,3,0,1,0.666666666666667,0,0,0,0,0,2,0,48,87,2,0,1,0,0,1,5,0,82
2025,10,TB,REG,2025_10_NE_TB,NE,28,43,273,3,0,2,-15,0,0,282,132,14,0.968220839278859,-2.53880481387294,0,14,5,4,0,21,113,0,0,0,9,2.00240300629241,0,5,3,0,0,28,43,273,3,0,0,282,132,14,4.79104733932958,0,14,5,4,0,0,33,1,19,3,7,0,1,1,6,1,0,5,0,0,0,0,0,0,0,0,0,0,0,0,0,0,6,40,6,0,0,0,0,0,2,12,2,48,1,1,0,0,36,1,0,0,1,0,0,0,0,0,0,0,0,0,36,,,36,0,0,2,2,0,0,1,0,0,0,0,0,6,0,50,258,2,0,0,1,2,3,3,0,235
2025,10,WAS,REG,2025_10_DET_WAS,DET,16,22,213,2,0,2,-18,0,0,288,39,9,10.9237322372734,14.2503999850967,0,7,5,3,1,27,93,1,0,0,5,-1.91870835727593,0,0,0,0,0,16,22,213,2,0,0,288,39,9,14.2570578896791,0,7,5,3,1,0,38,0,40,0,0,0,0,0,5,0,0,3,0,0,0,0,1,0,0,0,0,0,0,0,0,0,8,61,3,0,0,0,0,0,0,0,7,191,1,1,0,0,44,1,0,0,0,1,0,0,0,0,0,0,0,0,44,,,44,0,0,1,1,0,0,1,0,0,0,0,0,4,0,56,200,2,0,0,0,1,3,3,0,197
2025,11,ARI,REG,2025_11_SF_ARI,SF,47,57,452,2,2,0,0,0,0,388,198,18,9.21293589649557,12.4360208000456,0,15,10,4,0,14,36,1,0,0,5,-1.93119104638742,0,0,0,0,0,47,56,452,2,1,1,388,198,18,6.84563777161364,0,15,10,4,0,0,27,1,31,3,23,0,1,14,3,0,0,4,0,0,0,0,1,0,0,0,0,0,0,0,0,0,17,130,5,1,0,0,1,1,2,51,7,180,1,2,1,0,26,0.5,0,1,0,0,0,0,0,0,0,0,1,0,26,58,,26,58,0,1,1,0,0,1,0,0,0,0,0,3,0,46,122,0,0,1,0,1,1,9,0,113
2025,11,ATL,REG,2025_11_CAR_ATL,CAR,19,30,223,0,0,0,0,0,0,255,107,11,6.94603395107581,-5.19735926184161,0,9,4,4,1,28,125,3,0,0,8,0.409392550514895,0,3,2,0,0,19,29,223,0,1,0,255,107,11,8.42524650664447,0,9,4,4,1,0,52,0,16,6,31,0,5,29,10,0,0,7,0,1,0,0,0,0,0,0,0,1,0,0,0,0,6,44,4,2,1,1,3,1,1,0,6,133,2,2,0,0,52,1,0,0,0,1,1,0,0,0,0,0,0,0,52;45,,,97,0,0,3,3,0,0,1,0,0,0,0,0,5,0,55,255,2,1,1,0,2,1,9,0,246
2025,11,BAL,REG,2025_11_BAL_CLE,CLE,14,25,193,0,2,5,-26,0,0,199,106,9,-12.8480547447887,-8.79786288738251,0,11,3,1,1,30,184,2,0,0,8,7.72494033051771,0,4,3,2,1,14,25,193,0,0,0,199,106,9,-6.31324938576626,0,11,3,1,1,0,32,2,28,6,40,1,3,34,10,1,14,9,0,1,0,0,0,0,0,0,0,0,0,0,0,0,4,26,3,0,1,0,1,1,3,26,4,115,3,3,0,0,44,1,0,2,0,1,0,0,0,0,0,0,0,0,25;24;44,,,93,0,0,2,2,0,0,1,0,0,0,0,0,4,0,52,176,2,0,0,1,1,2,18,0,138
2025,11,BUF,REG,2025_11_TB_BUF,TB,19,30,317,3,2,0,0,0,0,346,154,13,12.4408628086166,-0.812641481558482,0,12,9,8,2,23,97,3,0,0,4,0.704869670385961,0,1,1,0,0,19,30,317,3,1,0,346,154,13,12.4408628086166,0,12,9,8,2,0,36,4,40,3,14,1,1,8,3,1,12,6,0,1,0,0,0,0,0,0,0,1,0,1,0,0,7,45,3,2,0,0,2,1,1,0,6,234,1,1,0,0,39,1,0,0,1,0,0,0,0,0,0,0,0,0,39,,,39,0,0,5,5,0,0,1,0,0,0,0,0,2,0,51,83,1,1,1,0,0,0,0,0,83
2025,11,CAR,REG,2025_11_CAR_ATL,ATL,31,45,448,3,0,5,-29,0,0,278,247,20,14.2420229886573,2.17310237613591,1,17,9,9,1,25,67,0,0,0,2,-4.55282160146336,0,0,0,0,0,31,44,448,3,0,0,278,247,20,29.4963295688446,1,17,9,9,1,0,28,1,43,2,6,2,0,0,1,0,0,5,0,0,0,0,0,0,0,0,0,0,0,1,0,0,8,49,4,0,0,0,0,0,1,9,3,77,3,3,0,0,34,1,0,2,1,0,0,0,0,0,0,0,0,0,29;34;28,,,91,0,0,1,1,0,0,1,1,1,0,0,28,3,0,50,140,2,1,1,0,0,1,0,0,140
2025,11,CHI,REG,2025_11_CHI_MIN,MIN,16,32,193,0,0,2,-13,0,0,385,108,6,-0.948471798587297,-9.48513905916895,0,9,5,2,0,39,140,1,1,0,13,-2.52519051462392,0,2,1,0,0,16,28,193,0,0,0,385,108,6,5.41616333970477,0,9,5,2,0,0,26,0,32,1,3,1,0,0,5,2,23,5,0,0,0,0,0,0,0,0,0,1,-4,0,0,0,6,40,2,0,1,0,1,0,2,11,3,108,4,5,1,0,54,0.8,0,0,2,1,1,0,0,0,0,1,0,0,38;54;33;48,45,,173,45,0,1,1,0,0,1,1,1,0,0,48,6,0,57,286,2,1,0,0,2,3,79,0,207
2025,11,CIN,REG,2025_11_CIN_PIT,PIT,23,40,199,1,1,1,-7,0,0,285,97,9,-9.32938856207403,-9.60623981096806,0,7,4,2,0,22,105,0,0,0,6,2.4209369140882,0,2,2,1,0,23,39,199,1,1,1,285,97,9,-15.4372967997995,0,7,4,2,0,0,33,2,36,3,13,0,1,11,4,0,0,3,0,0,0,0,0,0,0,0,0,0,0,0,0,0,8,67,4,1,0,0,1,1,1,4,6,138,2,2,0,0,48,1,0,0,0,2,0,0,0,0,0,0,0,0,43;48,,,91,0,0,0,0,0,0,,0,0,0,0,0,3,0,61,171,1,0,0,1,0,2,15,0,136
2025,11,CLE,REG,2025_11_BAL_CLE,BAL,11,26,115,0,1,3,-34,1,0,166,44,4,-16.9929609603173,-20.8173767328262,0,4,3,3,0,25,106,0,0,0,5,-5.0989603328635,0,4,4,0,0,11,25,115,0,0,0,166,44,4,-8.98052067909563,0,4,3,3,0,0,40,1,23,10,34,0,5,26,7,2,32,3,1,0,0,0,0,0,0,0,0,1,0,1,0,0,5,41,4,1,0,0,1,0,2,18,5,123,3,3,0,0,46,1,0,1,1,1,0,0,0,0,0,0,0,0,30;24;46,,,100,0,0,1,1,0,0,1,0,0,0,0,0,6,0,63,299,1,1,1,1,0,3,26,0,253
2025,11,DAL,REG,2025_11_DAL_LV,LV,25,33,268,4,0,1,-1,1,1,232,138,16,8.56269284527641,8.71798321604729,0,12,6,3,0,31,114,0,0,0,7,-6.45407509146025,0,3,2,0,0,25,32,268,4,0,0,232,138,16,15.8725633110735,0,12,6,3,0,0,33,2,30,8,32,0,4,29,11,1,24,8,0,0,1,0,0,0,0,0,0,0,0,0,0,0,6,50,5,1,0,0,1,1,1,14,4,111,1,1,0,0,50,1,0,0,0,0,1,0,0,0,0,0,0,0,50,,,50,0,0,4,4,0,0,1,0,0,0,0,0,2,0,49,93,1,0,0,0,0,2,4,0,89
2025,11,DEN,REG,2025_11_KC_DEN,KC,24,38,295,0,0,2,-12,0,0,319,142,11,4.59441259417097,1.40996227661769,0,9,5,5,1,21,59,1,0,0,5,-3.15558881820828,0,0,0,0,0,24,36,295,0,0,0,319,142,11,10.2307224463779,0,9,5,5,1,0,36,0,32,4,28,0,3,27,8,1,16,4,0,1,0,0,1,0,0,0,0,0,0,0,0,0,10,147,4,1,0,1,1,0,3,101,3,79,5,5,0,0,54,1,0,2,2,0,1,0,0,0,0,0,0,0,29;24;38;54;35,,,180,0,0,1,1,0,0,1,1,1,0,0,35,4,0,58,211,3,2,0,0,0,2,19,0,192
2025,11,DET,REG,2025_11_DET_PHI,PHI,14,37,255,1,1,2,-12,0,0,246,193,10,-14.2632268096807,-30.0714922447999,0,9,7,5,2,21,74,0,0,0,3,-9.38188022165559,0,2,0,0,0,14,36,255,1,0,0,246,193,10,-11.0468043972526,0,9,7,5,2,0,39,0,30,4,13,0,1,11,2,0,0,3,0,0,0,0,0,0,0,0,0,0,0,0,0,0,5,48,3,0,0,0,0,0,3,3,3,62,1,1,0,0,54,1,0,0,0,0,1,0,0,0,0,0,0,0,54,,,54,0,0,0,1,1,0,0,0,0,0,0,0,4,0,55,169,2,0,1,0,2,1,0,0,169
2025,11,GB,REG,2025_11_GB_NYG,NYG,15,26,180,3,0,2,-12,0,0,293,32,11,12.4806477881358,1.53554087877274,1,8,5,3,0,23,128,1,0,0,7,5.69925315334695,0,4,3,0,0,15,25,180,3,1,0,293,32,11,13.7483671806259,1,8,5,3,0,0,39,2,42,1,1,1,2,7,5,1,0,5,0,0,0,0,0,0,0,0,0,1,0,1,0,0,5,48,3,1,1,1,2,0,1,0,3,70,0,0,0,0,,,0,0,0,0,0,0,0,0,0,0,0,0,,,,0,0,0,1,3,2,0,0.333333333333333,0,0,0,0,0,4,0,61,195,2,2,0,0,0,2,17,0,178
2025,11,HOU,REG,2025_11_HOU_TEN,TEN,26,41,274,1,0,4,-34,0,0,350,82,13,-0.192977154481235,-0.0250671803951263,0,12,4,2,0,23,75,0,0,0,5,-4.3607906923239,0,2,1,0,0,26,40,274,1,0,0,350,82,13,12.0264011407569,0,12,4,2,0,0,29,1,29,5,28,1,3,23,6,0,0,5,0,0,0,0,0,0,0,0,0,0,0,1,0,0,5,53,4,0,0,0,0,0,5,38,2,51,3,3,0,0,43,1,0,0,1,2,0,0,0,0,0,0,0,0,41;43;35,,,119,0,0,1,1,0,0,1,1,1,0,0,35,5,0,51,208,4,1,0,1,1,2,1,0,187
2025,11,JAX,REG,2025_11_LAC_JAX,LAC,14,22,153,1,1,0,0,0,0,194,45,11,2.38774899111013,-1.56985453583977,0,8,2,1,0,47,192,4,0,0,16,3.10413770441664,0,5,4,0,0,14,22,153,1,0,0,194,45,11,2.38774899111013,0,8,2,1,0,0,24,0,28,5,30,0,3,25,6,1,44,7,0,0,0,0,0,0,0,0,0,0,0,0,0,0,1,5,2,0,0,0,0,0,0,0,2,55,0,0,0,0,,,0,0,0,0,0,0,0,0,0,0,0,0,,,,0,0,0,5,5,0,0,1,0,0,0,0,0,0,0,,0,0,0,0,0,0,0,0,0,0
2025,11,KC,REG,2025_11_KC_DEN,DEN,29,45,276,1,1,3,-27,0,0,324,181,13,1.15124186170467,-2.78925777867783,0,12,4,2,1,14,62,1,0,0,3,1.66085623798426,0,1,0,0,0,29,43,276,1,0,0,324,181,13,6.1757802714883,0,12,4,2,1,0,40,1,23,6,20,1,2,12,5,0,0,3,0,0,0,0,0,0,0,0,0,0,0,0,0,0,10,69,6,0,0,0,0,0,2,19,6,157,2,2,0,0,31,1,0,0,2,0,0,0,0,0,0,0,0,0,31;31,,,62,0,0,1,2,0,1,0.5,0,0,0,0,0,4,0,66,238,0,1,0,0,0,3,101,0,137
2025,11,LA,REG,2025_11_SEA_LA,SEA,15,28,130,2,0,0,0,0,0,146,74,6,-4.04992616100935,-16.5694744498641,0,5,2,1,0,22,119,1,0,0,5,0.768060181522742,0,4,3,2,0,15,27,130,2,1,1,146,74,6,-8.94333387870574,0,5,2,1,0,0,51,2,24,0,0,1,0,0,3,4,81,8,0,0,0,0,0,0,0,0,0,0,0,0,0,0,6,43,6,1,0,0,1,1,0,0,4,91,0,0,0,0,,,0,0,0,0,0,0,0,0,0,0,0,0,,,,0,0,0,3,3,0,0,1,0,0,0,0,0,6,0,52,253,4,2,0,0,2,2,20,0,233
2025,11,LAC,REG,2025_11_LAC_JAX,JAX,13,26,118,0,1,3,-25,0,0,184,59,4,-21.6948827724137,-12.2959583997726,0,4,2,2,0,16,42,0,0,0,3,-1.31575386330951,0,1,1,0,0,13,24,118,0,0,0,184,59,4,-13.2105033354728,0,4,2,2,0,0,42,1,33,2,4,0,0,0,2,1,0,3,0,0,0,0,0,0,0,0,0,0,0,0,0,0,5,71,3,0,0,0,0,0,0,0,5,123,2,2,0,0,46,1,0,0,0,2,0,0,0,0,0,0,0,0,41;46,,,87,0,0,0,0,0,0,,0,0,0,0,0,4,0,57,195,2,1,2,0,1,0,0,0,195
2025,11,LV,REG,2025_11_DAL_LV,DAL,27,42,238,1,1,4,-29,0,0,220,151,12,-14.2320125634343,-3.22632415172381,0,9,6,2,0,12,27,0,0,0,4,1.83303213131148,0,1,0,0,0,27,39,238,1,0,0,220,151,12,-3.01171966401653,0,9,6,2,0,0,32,0,46,2,2,1,1,1,4,0,0,3,0,0,0,0,0,0,0,0,0,0,0,1,0,0,6,40,3,0,0,0,0,0,2,4,6,136,3,3,0,0,45,1,0,0,2,1,0,0,0,0,0,0,0,0,35;45;38,,,118,0,0,1,1,0,0,1,0,0,0,0,0,3,0,64,160,1,0,1,1,0,1,14,0,126
2025,11,MIA,REG,2025_11_WAS_MIA,WAS,14,20,171,0,0,3,-29,0,0,135,115,8,1.96146731389048,2.0625826716423,0,8,3,2,0,31,169,1,0,0,11,-3.03336829602665,0,7,5,2,0,14,20,171,0,0,0,135,115,8,7.17022772581549,0,8,3,2,0,0,35,3,43,5,12,0,1,6,5,1,7,2,0,0,0,0,0,0,0,0,0,0,0,1,0,0,4,39,6,0,0,0,0,0,1,3,1,21,3,3,0,0,46,1,0,1,1,1,0,0,0,0,0,0,0,0,46;39;29,,,114,0,0,1,1,0,0,1,1,1,0,0,29,2,0,55,106,1,0,0,0,0,2,0,0,106
2025,11,MIN,REG,2025_11_CHI_MIN,CHI,16,32,150,1,2,0,0,0,0,309,72,10,-13.0619161026945,-15.2442866005003,0,6,4,2,0,22,115,1,0,0,4,2.66526164615061,0,2,2,0,0,16,32,150,1,0,0,309,72,10,-13.0619161026945,0,6,4,2,0,0,37,2,46,10,31,0,2,13,5,0,0,3,0,0,0,0,0,0,0,0,0,1,0,0,0,0,2,15,3,1,0,0,1,0,3,79,4,93,1,1,0,0,31,1,0,0,1,0,0,0,0,0,0,0,0,0,31,,,31,0,0,2,2,0,0,1,0,0,0,0,0,6,0,61,297,2,0,0,1,3,2,11,0,266
2025,11,NE,REG,2025_11_NYJ_NE,NYJ,25,34,281,1,0,1,-10,0,0,399,94,16,12.2460381386528,13.5397071188146,0,13,8,5,0,27,65,2,0,0,4,-2.23454003101717,0,0,0,0,0,25,33,281,1,0,0,399,94,16,15.1443713807577,0,13,8,5,0,0,40,0,18,3,13,0,2,11,6,0,0,5,0,0,0,0,0,0,0,0,0,0,0,1,0,0,2,20,3,0,0,0,0,0,0,0,3,68,2,3,1,0,44,0.666666666666667,0,1,0,1,0,0,0,0,0,1,0,0,44;26,45,,70,45,0,3,3,0,0,1,0,0,0,0,0,3,0,56,153,2,0,0,0,0,3,18,0,135
2025,11,NYG,REG,2025_11_GB_NYG,GB,19,29,201,0,1,2,-7,1,1,219,89,10,6.39980280754389,0.500832960523408,0,10,4,4,0,38,142,3,0,0,10,3.92558665157412,0,2,1,0,0,19,29,201,0,0,0,219,89,10,9.81832261994714,0,10,4,4,0,0,31,1,15,2,12,1,2,12,8,0,0,5,0,0,0,0,0,0,0,0,0,0,0,0,0,0,6,77,5,1,0,0,1,1,2,17,4,108,0,0,0,0,,,0,0,0,0,0,0,0,0,0,0,0,0,,,,0,0,0,2,3,1,0,0.666666666666667,0,0,0,0,0,2,0,46,90,0,0,1,0,0,1,0,0,90
2025,11,NYJ,REG,2025_11_NYJ_NE,NE,15,27,116,1,0,2,-11,0,0,211,43,5,-8.23293130769162,-7.06599583992591,0,5,2,1,0,28,140,1,1,1,10,3.38238024996826,0,4,2,0,0,15,26,116,1,0,0,211,43,5,-3.57567153847776,0,5,2,1,0,0,36,1,29,4,18,0,1,10,4,0,0,3,0,0,0,0,0,0,0,0,0,0,-4,0,0,0,7,62,5,0,1,0,1,1,3,18,4,95,0,0,0,0,,,0,0,0,0,0,0,0,0,0,0,0,0,,,,0,0,0,2,2,0,0,1,0,0,0,0,0,5,0,64,227,2,0,0,1,4,0,0,0,207
2025,11,PHI,REG,2025_11_DET_PHI,DET,14,28,135,0,0,1,-11,0,0,362,40,6,-8.38929800431808,-9.79918473296695,0,5,2,1,0,40,148,1,1,0,7,-8.12924809739343,0,4,3,0,0,14,27,135,0,0,0,362,40,6,-5.24158388060616,0,5,2,1,0,0,30,0,22,3,13,0,2,12,7,1,21,10,0,1,0,0,0,0,0,0,0,1,-3,0,0,0,9,78,4,0,2,1,2,0,1,0,1,22,3,3,0,0,49,1,0,1,1,1,0,0,0,0,0,0,0,0,27;34;49,,,110,0,0,1,1,0,0,1,0,0,0,0,0,7,0,48,289,4,1,1,0,2,3,3,0,286
2025,11,PIT,REG,2025_11_CIN_PIT,CIN,21,31,243,2,0,1,-11,0,0,133,225,13,11.9603780056723,0.532048324058796,0,10,7,3,0,28,111,0,0,0,6,-0.203171817411203,0,2,2,1,0,21,29,243,2,0,0,133,225,13,16.2419426837112,0,10,7,3,0,0,31,2,38,2,8,1,1,7,3,1,73,8,1,0,0,0,0,0,0,0,0,0,0,1,34,1,8,76,5,0,0,0,0,0,2,15,3,64,2,2,0,0,30,1,0,1,1,0,0,0,0,0,0,0,0,0,25;30,,,55,0,0,4,4,0,0,1,0,0,0,0,0,3,0,47,133,2,0,1,0,1,1,4,0,129
2025,11,SEA,REG,2025_11_SEA_LA,LA,29,44,279,0,4,0,0,0,0,342,113,15,-13.1365333675899,0.0185575513612656,0,10,4,3,0,35,135,1,0,0,9,-2.63622465138906,0,2,1,1,0,29,42,279,0,1,0,342,113,15,-11.5045677893578,0,10,4,3,0,0,30,1,23,3,9,1,0,0,3,0,0,4,0,0,0,0,0,0,0,0,0,1,0,1,8,0,6,47,5,1,0,0,1,0,2,20,0,0,4,5,1,0,57,0.8,0,2,1,0,1,0,0,0,0,0,0,1,57;30;22;29,61,,138,61,0,1,1,0,0,1,0,1,1,0,61,2,0,55,103,1,0,1,0,1,0,0,0,103
2025,11,SF,REG,2025_11_SF_ARI,ARI,19,26,200,3,0,1,-14,0,0,188,77,13,8.6426955592728,10.0616680383682,0,10,3,3,0,25,95,2,0,0,8,-2.41647522215499,0,3,3,1,0,19,25,200,3,0,0,188,77,13,12.3556790426248,0,10,3,3,0,0,39,2,54,3,10,1,0,0,4,2,64,4,0,0,0,0,0,0,0,0,0,0,0,1,0,0,1,15,3,0,0,0,0,0,1,9,2,140,3,3,0,0,48,1,0,0,0,3,0,0,0,0,0,0,0,0,48;47;47,,,142,0,0,2,4,1,1,0.5,0,0,0,0,0,3,0,55,139,1,0,1,0,0,2,51,0,88
2025,11,TB,REG,2025_11_TB_BUF,BUF,16,28,173,1,1,1,-8,1,1,196,78,6,-8.9588360551044,-8.34746195210351,0,6,4,2,0,39,202,3,0,0,13,12.6781944212853,0,5,4,1,1,16,27,173,1,0,0,196,78,6,-2.83576437757282,0,6,4,2,0,0,31,1,21,3,6,2,0,0,1,2,3,6,0,0,0,0,0,0,0,0,0,0,0,1,0,0,2,30,6,1,0,0,1,1,0,0,6,161,2,2,0,0,24,1,0,2,0,0,0,0,0,0,0,0,0,0,23;24,,,47,0,0,2,2,0,0,1,0,0,0,0,0,4,0,46,161,3,1,2,0,0,1,0,0,161
2025,11,TEN,REG,2025_11_HOU_TEN,HOU,24,37,194,1,0,3,-23,1,1,268,89,10,-2.71816846039732,-1.99571802384324,0,7,2,1,0,17,58,0,0,0,2,-4.10874587091476,0,2,1,1,0,24,36,194,1,0,0,268,89,10,5.48356065662225,0,7,2,1,0,0,41,2,30,8,33,0,4,34,8,0,0,9,0,1,0,0,0,0,0,0,0,1,0,0,0,0,9,62,4,1,1,0,2,1,2,1,2,49,2,2,0,0,56,1,0,0,0,1,1,0,0,0,0,0,0,0,56;47,,,103,0,0,1,1,0,0,1,0,0,0,0,0,6,0,62,305,1,1,0,0,0,5,38,0,267
2025,11,WAS,REG,2025_11_WAS_MIA,MIA,20,30,213,1,1,1,-6,0,0,221,126,10,4.05368816264805,2.29276788645777,0,9,4,3,0,33,172,0,0,0,9,0.466470538289286,0,5,4,1,1,20,29,213,1,0,0,221,126,10,6.5863903406058,0,9,4,3,0,0,35,1,29,6,36,0,3,29,3,0,0,1,0,1,0,0,0,0,0,0,0,0,0,0,0,0,6,31,6,0,1,0,1,1,2,0,4,93,2,4,2,0,30,0.5,0,1,1,0,0,0,0,0,0,0,2,0,26;30,51;56,,56,107,0,1,1,0,0,1,0,0,0,0,0,1,0,41,41,0,0,0,0,0,1,3,0,38
2025,12,ARI,REG,2025_12_JAX_ARI,JAX,34,50,315,1,0,6,-44,0,0,381,159,15,-10.0484871066938,3.27451093041379,0,14,5,2,0,20,55,1,0,0,6,-1.11988957884023,0,1,0,0,0,34,46,315,1,0,0,381,159,15,4.35348463104394,0,14,5,2,0,0,33,1,29,3,15,1,3,19,5,3,0,7,0,0,0,0,0,0,0,0,0,1,0,1,7,1,7,53,4,1,0,0,1,0,0,0,5,127,1,2,1,0,29,0.5,0,1,0,0,0,0,0,0,1,0,0,0,29,33,,29,33,0,3,3,0,0,1,0,0,0,0,0,6,0,65,299,4,0,2,0,2,2,43,0,256
2025,12,ATL,REG,2025_12_ATL_NO,NO,16,23,199,2,1,3,-18,1,0,169,87,7,-3.41453262939279,7.18356773257256,0,5,5,3,1,29,121,0,0,0,6,-2.09424595058942,1,3,3,1,0,16,20,199,2,0,0,169,87,7,4.31487175129587,0,5,5,3,1,0,57,0,22,6,34,0,5,29,9,1,0,6,0,0,0,0,0,0,0,0,0,1,0,1,2,0,9,82,4,1,0,0,1,0,1,5,3,99,3,3,0,0,56,1,0,0,0,1,2,0,0,0,0,0,0,0,56;41;54,,,151,0,0,1,1,0,0,1,0,0,0,0,0,5,0,48,210,3,0,1,0,1,3,10,0,200
2025,12,BAL,REG,2025_12_NYJ_BAL,NYJ,13,23,153,0,0,1,-10,0,0,224,51,7,-0.0710245292235827,1.15910932421684,0,6,4,2,0,34,98,2,0,0,6,-2.70314960202527,0,2,1,0,0,13,20,153,0,0,0,224,51,7,3.82451156998773,0,6,4,2,0,0,34,1,37,4,13,1,3,18,7,1,0,2,0,0,0,0,0,0,0,0,0,1,0,1,0,0,5,30,3,0,1,0,1,0,0,0,3,86,3,3,0,0,35,1,0,1,2,0,0,0,0,0,0,0,0,0,31;35;27,,,93,0,0,2,2,0,0,1,0,0,0,0,0,4,0,74,246,1,1,0,0,0,3,23,0,223
2025,12,BUF,REG,2025_12_BUF_HOU,HOU,24,34,253,0,2,8,-70,0,0,161,180,9,-7.27776372080334,0.771186593919992,0,8,5,4,2,24,143,1,0,0,5,2.610295501363,0,4,4,2,1,24,32,253,0,1,1,161,180,9,0.974933509949089,0,9,5,4,1,1,28,1,33,3,8,0,0,0,4,0,0,5,0,0,0,0,0,0,0,0,0,0,0,0,0,0,6,54,3,1,0,0,1,1,4,15,4,167,2,2,0,0,44,1,0,0,1,1,0,0,0,0,0,0,0,0,44;38,,,82,0,0,1,2,1,0,0.5,0,0,0,0,0,3,0,48,136,0,0,0,0,3,0,0,0,136
2025,12,CAR,REG,2025_12_CAR_SF,SF,18,29,169,1,2,1,-8,0,0,171,122,9,-9.99272370149493,-2.59943140877618,0,9,2,1,0,13,69,0,0,0,3,1.16411321610212,0,2,1,0,0,18,27,169,1,0,0,171,122,9,-7.6152553038869,0,9,2,1,0,0,32,0,58,3,11,1,0,0,1,3,36,4,0,0,0,0,0,0,0,0,0,1,0,0,0,0,4,30,4,1,0,0,1,0,1,6,3,74,1,2,1,0,25,0.5,0,1,0,0,0,0,0,0,0,0,1,0,25,57,,25,57,0,0,0,0,0,,0,0,0,0,0,4,0,55,201,2,1,1,1,1,0,0,0,181
2025,12,CHI,REG,2025_12_PIT_CHI,PIT,19,35,239,3,0,1,-10,1,1,328,98,11,0.536427479232593,-3.92437160015106,0,12,7,3,0,25,99,1,1,1,7,0.260624888469465,0,2,2,0,0,19,30,239,3,0,0,328,98,11,8.76446104707429,0,12,7,3,0,0,38,2,48,5,16,2,2,12,4,1,0,4,0,0,0,0,0,0,0,0,0,0,0,1,0,0,7,83,3,2,0,0,2,2,0,0,5,134,1,1,0,0,47,1,0,0,0,1,0,0,0,0,0,0,0,0,47,,,47,0,0,4,4,0,0,1,0,0,0,0,0,4,0,58,202,1,0,1,1,0,2,24,0,158
2025,12,CIN,REG,2025_12_NE_CIN,NE,20,38,197,1,1,1,-10,0,0,336,60,10,-13.6377245389189,-5.87153776603587,0,10,5,0,0,23,120,0,0,0,8,1.64942736853845,0,3,2,1,0,20,34,197,1,0,0,336,60,10,-7.9937777468325,0,10,5,0,0,0,33,0,48,3,11,0,1,9,3,1,32,5,1,0,0,0,0,0,0,0,0,0,0,0,0,0,6,65,6,0,0,0,0,0,2,14,5,116,2,2,0,0,63,1,0,0,0,0,1,1,0,0,0,0,0,0,54;63,,,117,0,0,2,2,0,0,1,0,0,0,0,0,5,0,60,227,3,1,1,1,1,1,0,0,207
2025,12,CLE,REG,2025_12_CLE_LV,LV,11,20,209,1,1,1,-3,0,0,195,146,4,1.98207522217273,-6.13165481223,0,5,4,3,2,27,64,2,0,0,4,-7.63632237771526,0,2,1,1,0,11,18,209,1,1,1,195,146,4,0.268900876153221,0,5,4,3,2,0,41,4,44,13,72,2,10,77,20,0,0,5,0,0,0,0,0,0,0,0,0,0,0,1,0,0,8,77,2,1,0,0,1,1,4,61,3,86,1,1,0,0,53,1,0,0,0,0,1,0,0,0,0,0,0,0,53,,,53,0,0,3,3,0,0,1,0,0,0,0,0,8,0,46,318,2,1,0,1,4,2,10,0,288
2025,12,DAL,REG,2025_12_PHI_DAL,PHI,23,36,354,2,1,1,-6,0,0,366,129,16,4.56407701104418,1.47022877420698,0,13,8,5,3,31,125,1,1,1,6,-7.14324847128592,0,3,3,2,0,23,35,354,2,1,0,366,129,16,6.17660220098062,0,13,8,5,3,0,35,0,24,2,14,2,1,13,6,0,0,3,0,0,0,0,0,0,0,0,0,0,0,2,0,0,8,69,3,1,1,1,2,1,2,1,3,85,1,2,1,0,42,0.5,0,0,0,1,0,0,0,0,0,0,1,0,42,51,,42,51,0,3,3,0,0,1,1,1,0,0,42,3,0,62,168,1,0,0,0,1,2,19,0,149
2025,12,DET,REG,2025_12_NYG_DET,NYG,28,42,279,2,1,3,-22,0,0,221,169,13,-6.873389415541,-2.88757619104887,0,10,7,5,0,20,237,2,0,0,9,15.5527197560004,0,4,3,3,3,28,38,279,2,0,0,221,169,13,2.83621878446519,0,10,7,5,0,0,41,2,40,4,10,1,1,4,7,1,0,6,0,0,0,0,0,0,0,0,0,0,0,0,0,0,9,81,5,0,0,0,0,0,0,0,6,183,2,2,0,0,59,1,0,0,1,0,1,0,0,0,0,0,0,0,37;59,,,96,0,0,4,4,0,0,1,0,0,0,0,0,5,0,46,200,4,0,1,0,3,1,0,0,200
2025,12,GB,REG,2025_12_MIN_GB,MIN,15,22,146,0,0,1,-4,0,0,177,65,8,5.86080078145048,5.10760290282113,0,8,2,0,0,42,146,2,0,0,13,-6.85648117816811,0,6,2,0,0,15,21,146,0,0,0,177,65,8,8.43566302393447,0,8,2,0,0,0,31,0,20,7,32,0,5,35,10,2,0,4,0,0,0,0,0,0,0,0,0,0,0,1,0,0,2,10,4,0,0,0,0,0,2,21,2,46,3,3,0,0,40,1,0,0,2,1,0,0,0,0,0,0,0,0,32;30;40,,,102,0,0,2,2,0,0,1,0,0,0,0,0,4,0,63,190,3,1,0,0,1,2,11,0,179
2025,12,HOU,REG,2025_12_BUF_HOU,BUF,16,30,153,2,0,0,0,0,0,231,65,7,-6.35232301850274,-7.49905013612339,0,6,4,2,0,26,108,0,0,0,6,2.81782941709389,0,3,2,0,0,16,28,153,2,0,0,231,65,7,-3.77603816522688,0,6,4,2,0,0,46,0,28,11,72,1,8,70,12,2,29,5,0,0,0,0,0,0,0,0,0,0,0,1,9,0,5,40,4,0,0,0,0,0,0,0,5,116,3,3,0,0,43,1,0,2,0,1,0,0,0,0,0,0,0,0,24;43;26,,,93,0,0,2,2,0,0,1,0,0,0,0,0,6,0,57,286,4,0,1,0,1,4,15,0,271
2025,12,IND,REG,2025_12_IND_KC,KC,19,31,181,2,0,0,0,0,0,139,126,6,1.42967653631723,-5.14612755467815,0,5,3,2,1,19,74,0,0,0,4,-1.63803769933293,0,2,2,1,0,19,31,181,2,0,0,139,126,6,1.42967653631723,0,5,3,2,1,0,58,0,42,5,8,1,4,6,10,1,3,5,0,0,0,0,0,0,0,0,0,0,0,1,0,0,11,83,6,0,0,0,0,0,3,49,6,172,2,2,0,0,32,1,0,1,1,0,0,0,0,0,0,0,0,0,32;23,,,55,0,0,2,2,0,0,1,0,0,0,0,0,6,0,59,294,5,0,0,0,2,4,7,0,287
2025,12,JAX,REG,2025_12_JAX_ARI,ARI,18,30,256,3,3,3,-19,1,1,271,104,13,-9.00575819902008,-2.96487808227539,0,13,6,4,0,28,134,0,0,0,5,-2.27942507865373,0,2,2,1,1,18,30,256,3,0,0,271,104,13,-1.21490722040137,0,13,6,4,0,0,50,2,30,11,42,1,6,44,15,0,0,5,0,0,0,0,0,0,0,0,0,0,0,0,0,0,7,60,3,1,0,0,1,1,2,43,1,39,2,2,0,0,52,1,0,0,0,0,2,0,0,0,0,0,0,0,52;52,,,104,0,0,3,3,0,0,1,1,1,0,0,52,2,0,48,96,1,1,0,0,1,0,0,0,96
2025,12,KC,REG,2025_12_IND_KC,IND,29,46,352,0,1,4,-6,0,0,351,218,15,8.50065089252423,1.1543809674507,1,13,7,4,2,41,148,1,1,1,13,-7.21608550752276,0,3,2,0,0,29,43,352,0,0,0,351,218,15,13.834421039887,1,13,7,4,2,0,32,3,23,4,8,0,0,0,6,0,0,6,0,0,0,0,0,0,0,0,0,0,0,0,0,0,7,57,6,1,0,0,1,1,4,7,5,115,5,5,0,0,48,1,0,4,0,1,0,0,0,0,0,0,0,0,28;48;22;25;27,,,150,0,0,0,0,0,0,,1,1,0,0,27,3,0,50,147,0,0,0,0,0,3,49,0,98
2025,12,LA,REG,2025_12_TB_LA,TB,25,35,273,3,0,1,-10,0,0,249,112,16,8.21942992599763,4.71620936604107,0,14,4,3,0,19,70,0,0,0,4,-2.96081580291502,0,1,0,0,0,25,34,273,3,0,0,249,112,16,13.8029947196887,0,14,4,3,0,0,36,0,30,7,39,0,4,33,6,2,81,10,1,0,0,0,0,0,0,0,0,0,0,0,0,0,4,32,3,0,0,0,0,0,1,8,0,0,2,2,0,0,52,1,0,0,0,1,1,0,0,0,0,0,0,0,40;52,,,92,0,0,4,4,0,0,1,0,0,0,0,0,3,0,51,105,1,1,0,0,1,1,15,0,90
2025,12,LV,REG,2025_12_CLE_LV,CLE,30,44,285,1,0,10,-77,2,1,361,171,15,-20.2589415119984,0.546967557498387,0,13,4,2,0,21,60,0,0,0,2,-8.32938545756042,0,1,1,0,0,30,42,285,1,0,0,361,171,15,1.94701879613178,0,13,4,2,0,0,29,1,25,12,36,1,1,3,5,1,18,1,0,0,0,0,0,0,0,0,0,1,0,1,0,0,13,109,6,2,0,0,2,1,2,10,3,79,1,2,1,0,41,0.5,0,0,0,1,0,0,0,0,0,1,0,0,41,48,,41,48,0,1,1,0,0,1,0,0,0,0,0,8,0,56,374,1,1,1,0,2,4,61,0,313
2025,12,MIN,REG,2025_12_MIN_GB,GB,12,19,87,0,2,5,-35,0,0,100,31,3,-16.4638351031717,-4.2040980524487,0,2,1,0,0,20,93,0,1,0,7,-2.42888825549744,0,3,2,1,0,12,18,87,0,0,0,100,31,3,-9.11546140987411,0,2,1,0,0,0,39,2,36,5,12,0,1,4,5,0,0,4,0,1,0,0,0,0,0,0,0,1,-3,0,0,0,2,29,2,0,2,0,2,1,2,11,4,94,2,2,0,0,59,1,0,0,0,0,2,0,0,0,0,0,0,0,52;59,,,111,0,0,0,0,0,0,,0,0,0,0,0,4,0,59,222,2,2,0,0,0,2,21,0,201
2025,12,NE,REG,2025_12_NE_CIN,CIN,22,35,294,1,1,1,-9,0,0,297,105,12,6.77430004053945,-0.419114665551619,0,13,7,5,0,31,107,0,0,0,7,-6.53885765312167,0,2,2,0,0,22,33,294,1,0,0,297,105,12,10.0616630313239,0,13,7,5,0,0,34,0,28,1,10,0,1,10,6,1,33,5,1,0,0,0,0,0,0,0,0,0,0,0,0,0,4,52,4,0,0,0,0,0,1,0,4,106,4,4,0,0,52,1,1,0,0,2,1,0,0,0,0,0,0,0,41;45;19;52,,,157,0,0,2,2,0,0,1,0,0,0,0,0,2,0,53,98,1,0,0,0,0,2,14,0,84
2025,12,NO,REG,2025_12_ATL_NO,ATL,30,45,243,0,1,5,-29,0,0,309,114,11,-17.8799161891774,-3.45482433384115,0,10,4,0,0,28,79,0,1,1,8,-3.55632351594977,0,2,0,0,0,30,43,243,0,0,0,309,114,11,-7.05492430701873,0,10,4,0,0,0,35,0,30,6,24,1,3,18,2,1,49,4,1,0,0,0,0,0,0,0,0,1,-2,0,0,0,4,36,4,0,2,0,2,1,3,10,3,123,1,3,2,0,33,0.333333333333333,0,0,1,0,0,0,0,0,1,1,0,0,33,38;47,,33,85,0,1,1,0,0,1,0,0,0,0,0,3,0,39,106,1,1,1,0,0,1,5,0,101
2025,12,NYG,REG,2025_12_NYG_DET,DET,19,37,399,3,1,1,-4,0,0,409,141,16,13.7429650253663,-4.20555375954684,0,15,10,10,2,39,122,0,0,0,6,-4.87586508129607,0,4,1,0,0,19,34,399,3,1,0,409,141,16,18.9795885205566,0,15,10,10,2,0,39,2,28,6,33,0,3,22,7,1,3,4,0,0,0,0,0,0,0,0,0,0,0,0,0,0,7,59,3,1,0,1,1,0,1,0,5,122,2,2,0,0,44,1,0,1,0,1,0,0,0,0,0,0,0,0,21;44,,,65,0,0,3,3,0,0,1,0,0,0,0,0,3,0,44,120,1,1,1,0,1,0,0,0,120
2025,12,NYJ,REG,2025_12_NYJ_BAL,BAL,17,28,222,1,1,3,-18,0,0,288,149,10,0.76971969482004,-1.45480665895674,0,10,4,2,1,26,78,0,1,1,5,-10.4685847301153,0,0,0,0,0,17,27,222,1,0,0,288,149,10,5.07708933645957,0,10,4,2,1,0,26,0,44,2,11,0,1,10,1,0,0,3,0,0,0,0,0,0,0,0,0,0,0,0,0,0,6,81,5,1,0,0,1,1,3,23,5,156,1,1,0,0,42,1,0,0,0,1,0,0,0,0,0,0,0,0,42,,,42,0,0,1,1,0,0,1,0,0,0,0,0,4,0,47,152,3,1,1,1,1,0,0,0,132
2025,12,PHI,REG,2025_12_PHI_DAL,DAL,27,39,289,1,0,1,-13,0,0,293,134,14,8.19009187526132,6.52964860200882,0,15,6,2,1,18,63,2,0,0,4,-0.800696818972938,0,0,0,0,0,27,36,289,1,1,1,293,134,14,8.85121428884628,0,15,6,2,1,0,36,0,34,2,10,1,1,6,6,1,0,4,0,1,0,0,0,0,0,0,0,0,0,1,0,0,14,96,4,2,0,0,2,2,2,19,4,106,0,1,1,0,,0,0,0,0,0,0,0,0,0,0,0,1,0,,56,,0,56,0,3,3,0,0,1,0,0,0,0,0,5,0,58,250,3,0,1,0,2,2,1,0,249
2025,12,PIT,REG,2025_12_PIT_CHI,CHI,24,31,171,1,1,2,-12,1,1,196,116,8,-5.81727157183923,8.86838551490538,0,6,2,1,0,36,186,2,0,0,12,5.88978101406246,0,2,2,1,1,24,31,171,1,0,0,196,116,8,0.647490805946291,0,6,2,1,0,0,28,1,35,2,14,2,1,10,1,0,0,2,0,0,0,0,0,0,0,0,0,0,0,2,0,1,6,41,4,2,0,1,2,1,2,24,4,63,0,0,0,0,,,0,0,0,0,0,0,0,0,0,0,0,0,,,,0,0,0,4,4,0,0,1,0,0,0,0,0,3,0,39,106,0,1,1,0,1,0,0,0,106
2025,12,SEA,REG,2025_12_SEA_TEN,TEN,16,26,244,2,0,1,-5,0,0,245,122,9,9.42420726075015,2.10957455635071,0,9,3,3,2,20,114,1,0,0,8,2.3655736859946,0,5,3,0,0,16,25,244,2,0,0,245,122,9,12.6671017230599,0,9,3,3,2,0,41,0,30,6,33,0,4,24,11,0,0,6,0,0,0,0,0,0,0,0,0,0,0,0,0,0,11,69,4,0,0,0,0,0,3,40,3,56,3,3,0,0,47,1,0,0,2,1,0,0,0,0,0,0,0,0,47;30;36,,,113,0,0,3,3,0,0,1,0,0,0,0,0,2,0,60,106,0,0,0,0,1,1,90,1,16
2025,12,SF,REG,2025_12_CAR_SF,CAR,23,32,193,1,3,0,0,0,0,195,119,11,-3.16852298292729,1.47535363212228,0,8,3,1,0,38,147,1,1,0,12,1.582646652539,0,3,3,0,0,23,32,193,1,0,0,195,119,11,-3.16852298292729,0,8,3,1,0,0,28,1,15,2,11,1,1,8,3,2,4,4,0,0,0,0,0,0,0,0,0,1,0,0,0,0,2,6,4,1,0,0,1,0,0,0,3,80,2,2,0,0,47,1,0,1,0,1,0,0,0,0,0,0,0,0,47;29,,,76,0,0,2,2,0,0,1,0,0,0,0,0,1,0,40,40,0,0,0,0,0,1,6,0,34
2025,12,TB,REG,2025_12_TB_LA,LA,17,34,103,1,2,4,-33,0,0,251,73,5,-30.7349803671241,-18.5833285893163,0,3,1,1,0,29,123,0,0,0,7,1.93049174291082,0,2,2,0,0,17,31,103,1,0,0,251,73,5,-17.9013340639649,0,3,1,1,0,0,32,0,22,3,21,0,1,10,3,0,0,3,0,0,0,0,0,0,0,0,0,1,-11,0,0,0,2,10,2,0,1,0,1,0,1,15,2,48,0,0,0,0,,,0,0,0,0,0,0,0,0,0,0,0,0,,,,0,0,0,1,1,0,0,1,0,0,0,0,0,4,0,55,169,0,0,0,1,2,1,8,0,141
2025,12,TEN,REG,2025_12_SEA_TEN,SEA,28,42,256,1,0,4,-24,0,0,195,158,12,2.11971892956041,4.87278456750669,0,14,3,3,0,22,64,1,0,0,5,-2.47922829951858,0,1,1,0,0,28,38,256,1,0,0,195,158,12,11.9088521364029,0,14,3,3,0,1,30,0,16,3,13,0,1,5,3,0,0,5,0,0,0,0,0,0,0,0,0,0,0,0,0,0,10,63,4,0,0,0,0,0,1,90,6,130,1,1,0,0,22,1,0,1,0,0,0,0,0,0,0,0,0,0,22,,,22,0,0,3,3,0,0,1,0,0,0,0,0,3,0,49,135,0,0,0,0,0,3,40,0,95
2025,13,ARI,REG,2025_13_ARI_TB,TB,29,40,301,2,1,2,-10,0,0,289,145,16,5.76927317532219,11.0516747912845,0,15,5,2,0,19,95,0,1,1,6,-7.01418956590351,0,2,2,0,0,29,37,301,2,0,0,289,145,16,9.17180218280621,0,15,5,2,0,0,27,3,39,5,16,1,2,10,1,0,0,3,0,0,0,0,0,0,0,0,0,0,0,0,0,0,4,33,6,1,0,0,1,1,3,6,5,139,1,2,1,0,52,0.5,0,0,0,0,1,0,0,0,0,1,0,0,52,43,,52,43,0,2,2,0,0,1,0,0,0,0,0,2,0,48,92,0,0,0,0,0,2,23,0,69
2025,13,ATL,REG,2025_13_ATL_NYJ,NYJ,21,33,234,1,0,2,-12,0,0,154,209,12,5.8538583101119,-0.829861289070499,0,9,5,3,1,32,167,2,0,0,11,5.81932016031351,0,6,5,1,0,21,31,234,1,0,0,154,209,12,10.9765385930306,0,9,5,3,1,0,31,3,23,7,23,0,2,13,6,0,0,3,0,1,0,0,0,0,0,0,0,0,0,0,0,0,1,27,5,0,1,0,1,1,3,-1,5,105,1,2,1,0,52,0.5,0,0,0,0,1,0,0,0,0,0,1,0,52,50,,52,50,0,3,3,0,0,1,0,0,0,0,0,6,0,55,233,5,3,1,0,1,1,16,0,217
2025,13,BAL,REG,2025_13_CIN_BAL,CIN,17,32,246,0,1,3,-23,2,2,381,119,7,-11.8119969639229,-6.79895490407944,0,9,5,3,2,22,123,2,0,0,8,4.38735434098635,0,3,2,1,0,17,30,246,0,2,2,381,119,7,-10.9234949164675,0,9,5,3,2,0,43,1,37,4,14,1,1,7,7,0,0,6,0,0,0,0,0,0,0,0,0,0,0,1,0,0,7,53,4,3,1,1,4,4,0,0,6,162,0,0,0,0,,,0,0,0,0,0,0,0,0,0,0,0,0,,,,0,0,0,2,2,0,0,1,0,0,0,0,0,3,0,61,149,0,0,0,1,0,2,19,0,110
2025,13,BUF,REG,2025_13_BUF_PIT,PIT,15,23,123,1,1,0,0,0,0,39,80,9,5.39872849162202,-8.48015974397245,0,5,2,0,0,51,249,1,2,1,16,2.00607715406195,0,8,6,1,0,15,23,123,1,0,0,39,80,9,5.39872849162202,0,5,2,0,0,0,19,1,29,4,14,1,1,9,2,1,0,4,0,0,0,0,0,0,0,0,0,1,0,1,17,1,7,45,3,2,0,0,2,1,0,0,2,36,2,2,0,0,37,1,0,1,1,0,0,0,0,0,0,0,0,0,27;37,,,64,0,0,2,3,1,0,0.666666666666667,0,0,0,0,0,2,0,52,99,0,0,0,1,0,1,12,0,67
2025,13,CAR,REG,2025_13_LA_CAR,LA,15,20,206,3,0,2,-12,0,0,155,153,8,14.2577161712688,8.80542203783989,0,7,4,3,1,40,164,0,0,0,9,-0.23940834056446,0,3,2,1,0,15,20,206,3,0,0,155,153,8,16.4887744266307,0,7,4,3,1,0,23,0,34,3,17,1,2,16,2,2,48,4,1,0,0,0,0,0,0,0,0,0,0,1,19,0,7,70,0,0,0,0,0,0,1,15,4,89,1,1,0,0,33,1,0,0,1,0,0,0,0,0,0,0,0,0,33,,,33,0,0,4,4,0,0,1,0,0,0,0,0,3,0,45,112,2,0,1,0,2,0,0,0,112
2025,13,CHI,REG,2025_13_CHI_PHI,PHI,17,36,154,1,1,2,-10,0,0,252,75,10,-6.02851378327115,-12.4671036377549,0,6,1,1,0,47,281,2,0,0,17,9.55191266350448,0,6,5,2,0,17,32,154,1,0,0,252,75,10,-0.103006756954085,0,6,1,1,0,0,27,0,20,1,3,1,0,0,1,1,0,3,0,0,0,0,0,0,0,0,0,0,0,1,0,0,4,35,2,0,0,0,0,0,1,12,2,58,1,1,0,0,30,1,0,0,1,0,0,0,0,0,0,0,0,0,30,,,30,0,0,3,3,0,0,1,0,0,0,0,0,3,0,51,127,1,1,0,0,1,1,9,0,118
2025,13,CIN,REG,2025_13_CIN_BAL,BAL,24,46,261,2,0,1,-7,0,0,380,99,11,6.14268926976143,-5.97828355702487,0,10,2,2,1,33,128,0,1,1,8,-6.33041781163212,0,4,3,0,0,24,44,261,2,0,0,380,99,11,8.75871103597233,0,10,2,2,1,0,32,0,24,2,18,3,2,18,5,1,39,6,0,0,0,0,0,0,0,0,0,0,0,3,11,0,6,35,6,1,0,0,1,1,2,19,3,59,6,6,0,0,52,1,0,1,2,2,1,0,0,0,0,0,0,0,31;42;24;33;52;41,,,223,0,0,2,2,0,0,1,0,0,0,0,0,2,0,54,105,1,0,1,1,0,0,0,0,85
2025,13,CLE,REG,2025_13_SF_CLE,SF,17,26,149,1,0,3,-34,0,0,173,76,7,-4.51554458861938,1.3269964767539,0,6,2,1,0,31,138,0,1,1,8,-7.40373021127004,1,1,1,0,0,17,23,149,1,0,0,173,76,7,3.83130914857611,0,6,2,1,0,0,27,1,45,4,13,0,1,7,7,0,0,3,0,3,0,0,0,0,0,0,0,2,-1,0,0,0,4,25,3,1,3,0,4,2,3,3,4,73,0,0,0,0,,,0,0,0,0,0,0,0,0,0,0,0,0,,,,0,0,0,0,0,0,0,,0,0,0,0,0,4,0,49,178,0,0,0,1,0,3,69,0,89
2025,13,DAL,REG,2025_13_KC_DAL,KC,27,39,320,2,1,0,0,0,0,257,188,15,15.6069531731749,4.83872431355554,1,15,5,2,1,26,137,1,0,0,3,-3.5574937183992,0,3,2,2,1,27,37,320,2,1,0,257,188,15,16.9240039864066,1,15,5,2,1,0,35,0,38,4,22,1,3,18,9,0,0,1,0,0,0,0,0,0,0,0,0,1,0,0,0,0,7,50,2,1,0,0,1,0,0,0,5,118,3,3,0,0,49,1,0,1,1,1,0,0,0,0,0,0,0,0,49;36;26,,,111,0,0,2,2,0,0,1,0,0,0,0,0,1,0,62,62,0,0,0,0,0,1,10,0,52
2025,13,DEN,REG,2025_13_DEN_WAS,WAS,29,45,321,1,1,1,-6,1,0,189,196,17,9.88027036314034,-4.02308161868605,0,14,6,4,1,23,87,2,0,0,6,2.73753228242276,0,3,1,0,0,29,43,321,1,0,0,189,196,17,13.1831069344948,0,14,6,4,1,0,49,3,31,8,29,2,2,18,6,1,27,9,0,0,0,0,0,0,0,0,0,1,0,0,0,0,5,33,7,1,0,0,1,0,1,10,5,118,2,2,0,0,33,1,0,0,2,0,0,0,0,0,0,0,0,0,33;33,,,66,0,0,3,3,0,0,1,0,0,0,0,0,4,0,50,181,1,1,0,1,1,1,0,0,161
2025,13,DET,REG,2025_13_GB_DET,GB,20,27,256,2,0,3,-23,0,0,170,109,12,9.08093650025356,2.56145541314726,0,9,7,5,1,30,119,1,1,0,7,-6.75653416127898,0,5,5,1,0,20,27,256,2,0,0,170,109,12,13.4454628277454,0,9,7,5,1,0,32,0,28,1,2,1,0,0,2,0,0,5,0,0,0,0,0,0,0,0,0,1,-9,0,0,0,5,22,5,0,1,0,1,0,1,21,3,81,1,1,0,0,31,1,0,0,1,0,0,0,0,0,0,0,0,0,31,,,31,0,0,3,3,0,0,1,0,0,0,0,0,2,0,46,85,1,0,0,0,1,1,2,0,83
2025,13,GB,REG,2025_13_GB_DET,DET,18,30,234,4,0,0,0,0,0,343,39,11,16.350408765736,0.853051707662385,0,7,7,4,1,30,125,0,0,0,5,-2.5498974857037,0,3,3,1,0,18,29,234,4,1,0,343,39,11,16.7234157301585,0,7,7,4,1,0,34,3,35,7,31,0,3,23,7,0,0,2,0,0,0,0,0,0,0,0,0,2,0,0,0,0,3,20,4,1,1,0,2,0,1,2,4,95,1,1,0,0,45,1,0,0,0,1,0,0,0,0,0,0,0,0,45,,,45,0,0,4,4,0,0,1,0,0,0,0,0,2,0,72,134,0,0,0,1,0,1,21,0,93
2025,13,HOU,REG,2025_13_HOU_IND,IND,22,35,276,0,1,2,-20,0,0,392,110,14,7.59568796006267,6.04881113395095,0,14,5,4,0,34,108,2,1,0,7,-6.80802398148808,0,2,2,0,0,22,32,276,0,0,0,392,110,14,12.8571392976288,0,14,5,4,0,0,25,2,32,5,15,0,1,6,6,0,0,4,0,0,0,0,0,0,0,0,0,1,0,0,0,0,9,85,5,1,0,0,1,0,2,28,4,115,2,2,0,0,43,1,0,1,0,1,0,0,0,0,0,0,0,0,23;43,,,66,0,0,2,2,0,0,1,0,0,0,0,0,2,0,52,96,0,0,0,0,0,2,14,0,82
2025,13,IND,REG,2025_13_HOU_IND,HOU,14,27,201,2,0,1,-6,0,0,198,58,9,0.621025953071581,-8.84944748878479,0,9,6,3,0,23,86,0,2,0,5,-6.55381028656848,0,4,2,0,0,14,25,201,2,0,0,198,58,9,4.4739706375193,0,9,6,3,0,0,37,0,46,4,22,1,2,20,5,1,0,5,0,0,0,0,0,0,0,0,0,2,-2,0,0,0,5,33,4,0,2,0,2,0,2,14,3,65,1,1,0,0,42,1,0,0,0,1,0,0,0,0,0,0,0,0,42,,,42,0,0,1,2,1,0,0.5,0,0,0,0,0,4,0,55,189,1,0,0,1,1,2,28,0,141
2025,13,JAX,REG,2025_13_JAX_TEN,TEN,16,27,229,2,0,3,-27,0,0,270,92,13,4.86373667808948,4.19954574108124,0,11,4,3,1,27,70,1,0,0,3,-6.60910578411119,1,1,1,0,0,16,25,229,2,0,0,270,92,13,12.4411100113648,0,11,4,3,1,0,34,1,29,4,24,3,3,20,5,0,0,3,0,0,0,0,0,0,0,0,0,0,0,2,0,0,13,98,3,0,0,0,0,0,1,14,2,58,1,1,0,0,45,1,0,0,0,1,0,0,0,0,0,0,0,0,45,,,45,0,0,2,2,0,0,1,0,0,0,0,0,7,0,63,313,1,0,0,0,2,5,76,0,237
2025,13,KC,REG,2025_13_KC_DAL,DAL,23,34,261,4,0,3,-18,0,0,240,159,12,14.1576403275831,4.74699530750513,0,11,5,5,1,23,119,0,1,0,7,0.8395814531832,0,4,3,0,0,23,32,261,4,0,0,240,159,12,19.1439252010314,0,11,5,5,1,0,37,1,29,2,5,1,0,0,6,1,14,6,0,0,0,0,0,0,0,0,0,0,0,0,0,0,10,119,3,1,0,1,1,0,1,10,7,174,0,0,0,0,,,0,0,0,0,0,0,0,0,0,0,0,0,,,,0,0,0,4,4,0,0,1,0,0,0,0,0,5,0,59,215,4,1,2,1,1,0,0,0,195
2025,13,LA,REG,2025_13_LA_CAR,CAR,18,28,243,2,2,2,-16,1,1,221,124,12,-3.5120697527309,3.44520465091423,0,9,4,4,1,21,152,2,0,0,9,10.5030784749542,0,4,4,1,0,18,27,243,2,0,0,221,124,12,3.55359739804408,0,9,4,4,1,0,39,1,35,3,13,0,2,12,2,0,0,0,0,0,0,0,0,0,0,0,0,0,0,0,0,0,1,5,5,1,0,0,1,1,0,0,5,135,0,0,0,0,,,0,0,0,0,0,0,0,0,0,0,0,0,,,,0,0,0,4,4,0,0,1,0,0,0,0,0,1,0,56,56,0,0,0,0,0,1,15,0,41
2025,13,LAC,REG,2025_13_LV_LAC,LV,16,21,160,2,1,3,-11,0,0,199,46,11,8.2194607562955,11.456142720722,0,8,2,1,0,43,192,2,0,0,8,-1.35050220886478,0,2,2,2,1,16,21,160,2,0,0,199,46,11,12.1180857810063,0,8,2,1,0,0,31,2,20,8,32,1,5,40,9,1,0,5,0,0,0,0,0,0,0,0,0,0,0,0,0,0,4,27,5,0,0,0,0,0,2,18,3,88,1,1,0,0,56,1,0,0,0,0,1,0,0,0,0,0,0,0,56,,,56,0,0,4,4,0,0,1,0,0,0,0,0,2,0,58,115,0,0,0,1,0,1,2,0,93
2025,13,LV,REG,2025_13_LV_LAC,LAC,18,23,165,2,1,5,-40,1,0,75,110,9,-2.13561533126631,12.1571995995261,0,5,3,2,0,18,31,0,0,0,1,-12.7858563618211,0,0,0,0,0,18,22,165,2,0,0,75,110,9,9.12928022452979,0,5,3,2,0,0,40,2,36,7,16,0,3,11,4,1,0,1,0,0,0,0,0,0,0,0,0,1,0,0,0,0,4,50,6,1,0,0,1,0,1,2,4,108,0,0,0,0,,,0,0,0,0,0,0,0,0,0,0,0,0,,,,0,0,0,2,2,0,0,1,0,0,0,0,0,4,0,51,186,2,1,0,0,1,2,18,0,168
2025,13,MIA,REG,2025_13_NO_MIA,NO,12,23,157,0,1,4,-23,0,0,232,80,8,-8.0471625463311,-1.27180069684982,0,7,5,3,0,32,164,1,0,0,8,0.785125222755596,0,3,2,1,0,12,20,157,0,0,0,232,80,8,-0.459437638293071,0,7,5,3,0,0,41,1,37,5,23,1,4,26,8,1,38,6,0,0,0,0,0,0,1,1,0,1,0,1,5,0,3,15,5,0,1,0,1,0,1,5,2,45,4,4,0,0,48,1,0,1,2,1,0,0,0,0,0,0,0,0,39;25;48;33,,,145,0,0,1,1,0,0,1,0,0,0,0,0,4,0,54,201,2,0,0,0,2,2,12,0,189
2025,13,MIN,REG,2025_13_MIN_SEA,SEA,19,30,126,0,4,4,-30,0,0,167,105,6,-29.1443776486558,-4.16489962873788,0,4,1,1,0,16,66,0,0,0,3,-3.27165956620593,0,2,1,1,0,19,29,126,0,2,1,167,105,6,-13.5030874717049,0,4,1,1,0,0,39,0,32,7,41,3,4,34,5,0,0,6,0,0,0,0,0,0,0,0,0,1,0,2,0,0,10,80,0,2,0,0,2,1,0,0,6,169,0,0,0,0,,,0,0,0,0,0,0,0,0,0,0,0,0,,,,0,0,0,0,0,0,0,,0,0,0,0,0,5,0,60,252,2,0,0,0,2,3,43,0,209
2025,13,NE,REG,2025_13_NYG_NE,NYG,24,31,282,2,0,3,-6,0,0,245,135,14,11.5391657039121,15.7781688372294,0,11,4,4,0,29,119,0,0,0,7,-1.22943319980966,0,3,2,1,0,24,30,282,2,0,0,245,135,14,16.4573716890131,0,11,4,4,0,1,33,0,32,5,29,1,2,11,7,0,0,7,0,0,0,0,0,0,0,0,0,0,0,1,0,0,3,30,3,0,0,0,0,0,3,124,3,79,4,5,1,0,30,0.8,0,3,1,0,0,0,0,0,0,1,0,0,22;30;28;23,45,,103,45,0,3,3,0,0,1,0,0,0,0,0,2,0,32,54,1,1,0,0,1,0,0,0,54
2025,13,NO,REG,2025_13_NO_MIA,MIA,26,38,239,2,1,4,-26,1,1,269,80,12,-11.1737475081841,9.7991126425126,0,13,2,0,0,27,81,0,0,0,6,-0.524149969816674,1,0,0,0,0,26,34,239,2,0,0,269,80,12,1.8998940999358,0,13,2,0,0,0,34,0,32,7,27,0,4,23,6,1,0,3,0,0,0,0,0,0,0,0,0,0,0,0,0,0,6,45,5,1,0,0,1,1,2,12,4,105,1,1,0,0,56,1,0,0,0,0,1,0,0,0,0,0,0,0,56,,,56,0,0,0,0,0,0,,0,0,0,0,0,6,0,60,293,3,0,2,1,2,1,5,0,268
2025,13,NYG,REG,2025_13_NYG_NE,NE,17,24,139,1,0,2,-11,0,0,184,87,4,-4.81517192693707,3.51558290421963,1,5,3,1,0,27,111,1,0,0,9,-1.02631846128497,0,3,3,1,0,17,24,139,1,0,0,184,87,4,-2.30265087638679,1,5,3,1,0,0,42,1,29,5,14,0,3,6,5,0,0,4,0,0,0,0,0,0,0,0,0,0,0,0,0,0,4,30,4,1,0,0,1,1,0,0,6,142,0,0,0,0,,,0,0,0,0,0,0,0,0,0,0,0,0,,,,0,0,0,1,1,0,0,1,0,0,0,0,0,4,0,54,199,0,0,0,0,1,3,124,1,75
2025,13,NYJ,REG,2025_13_ATL_NYJ,ATL,19,33,172,1,0,2,-13,0,0,319,23,8,-0.968703565033632,-1.63332877620574,0,6,1,1,1,28,110,2,0,0,7,1.54214423504891,0,2,1,0,0,19,31,172,1,0,0,319,23,8,0.308658304733418,0,6,1,1,1,0,39,0,40,7,24,0,2,12,7,0,0,7,0,0,0,0,0,0,0,0,0,0,0,1,0,0,9,59,5,0,0,0,0,0,1,16,1,83,2,3,1,0,56,0.666666666666667,0,0,1,0,1,0,0,0,0,0,1,0,32;56,55,,88,55,0,3,3,0,0,1,1,1,0,0,56,6,0,55,296,3,0,3,0,0,3,-1,0,297
2025,13,PHI,REG,2025_13_CHI_PHI,CHI,19,34,230,2,1,0,0,0,0,334,55,11,2.19848314169032,0.56730180978775,0,12,7,3,0,17,87,0,1,1,2,-4.33746201786562,0,2,2,1,0,19,30,230,2,0,0,334,55,11,4.52680211382765,0,12,7,3,0,0,44,1,39,2,13,0,2,10,6,1,11,7,0,1,0,0,0,0,0,0,0,1,0,0,0,0,7,44,3,1,1,0,2,1,1,9,3,69,1,2,1,0,44,0.5,0,0,0,1,0,0,0,0,0,0,1,0,44,52,,44,52,0,0,1,1,0,0,0,0,0,0,0,5,0,63,245,1,2,0,1,1,1,12,0,213
2025,13,PIT,REG,2025_13_BUF_PIT,BUF,10,24,117,0,1,1,-9,1,1,121,97,4,-11.8672660533339,-26.5822449868376,0,5,3,1,0,18,58,1,0,0,5,-6.37544758047443,0,3,2,0,0,10,22,117,0,0,0,121,97,4,-2.44636796659324,0,5,3,1,0,0,40,2,50,4,13,2,0,0,1,1,0,3,0,0,0,0,0,0,0,0,0,1,-16,1,0,0,5,67,4,1,1,0,2,1,1,12,5,115,0,0,0,0,,,0,0,0,0,0,0,0,0,0,0,0,0,,,,0,0,0,1,1,0,0,1,0,0,0,0,0,4,0,51,161,2,0,1,0,3,0,0,0,161
2025,13,SEA,REG,2025_13_MIN_SEA,MIN,14,26,128,0,0,4,-34,2,1,93,110,8,-8.51497631160723,-15.9449534571689,0,6,2,1,0,32,125,1,0,0,8,-2.51389927254058,0,2,2,1,0,14,23,128,0,0,0,93,110,8,4.70250929422949,0,6,2,1,0,0,32,2,24,5,31,2,4,30,7,4,121,6,1,1,0,0,0,0,0,0,0,1,0,1,0,0,4,25,2,3,0,0,3,2,3,43,0,0,4,4,0,0,56,1,0,0,1,1,2,0,0,0,0,0,0,0,33;56;54;40,,,183,0,0,2,2,0,0,1,0,0,0,0,0,4,0,56,203,2,0,2,1,1,0,0,0,183
2025,13,SF,REG,2025_13_SF_CLE,CLE,16,30,168,1,0,1,-7,0,0,266,44,11,2.64399214035655,9.48565926240838,0,8,2,2,0,33,91,2,0,0,7,-2.86520455864957,0,0,0,0,0,16,23,168,1,0,0,266,44,11,9.70314447871932,0,8,2,2,0,0,37,1,31,5,36,1,3,34,6,0,0,1,0,0,0,0,0,0,0,0,0,0,0,2,0,0,3,11,5,0,0,0,0,0,3,69,1,24,2,2,0,0,31,1,0,1,1,0,0,0,0,0,0,0,0,0,25;31,,,56,0,0,2,2,0,0,1,0,0,0,0,0,5,0,42,178,3,0,0,0,2,3,3,0,175
2025,13,TB,REG,2025_13_ARI_TB,ARI,18,28,194,1,0,2,-10,1,0,208,151,8,1.75006121588332,-0.580390829306382,0,7,5,5,0,27,95,1,0,0,5,-2.47179877656163,0,2,2,1,0,18,26,194,1,0,0,208,151,8,6.88744705454839,0,7,5,5,0,0,42,1,27,3,12,1,2,10,7,1,5,3,0,0,0,0,0,0,0,0,0,1,0,1,0,0,5,40,2,1,0,0,1,0,2,23,2,46,2,2,0,0,57,1,0,1,0,0,1,0,0,0,0,0,0,0,25;57,,,82,0,0,2,2,0,0,1,0,0,0,0,0,5,0,59,240,3,0,1,0,1,3,6,0,234
2025,13,TEN,REG,2025_13_JAX_TEN,JAX,24,38,141,0,0,3,-20,1,0,248,49,4,-20.3992894543822,-1.67338533060891,0,5,1,0,0,14,67,0,0,0,5,1.22579948889324,0,3,1,0,0,24,35,141,0,1,1,248,49,4,-17.2125087245273,0,5,1,0,0,0,31,1,23,5,29,0,3,27,5,0,0,2,0,0,0,0,0,0,0,0,0,1,0,0,0,0,10,86,2,3,0,0,3,2,5,76,3,76,1,1,0,0,28,1,0,1,0,0,0,0,0,0,0,0,0,0,28,,,28,0,0,0,0,0,0,,0,0,0,0,0,5,0,57,232,0,1,0,1,2,1,14,0,198
2025,13,WAS,REG,2025_13_DEN_WAS,DEN,28,50,294,2,1,2,-18,1,0,598,82,17,-0.339285278882059,3.22206914424896,0,14,6,3,0,33,143,1,0,0,10,6.52069312342792,0,6,4,0,0,28,45,294,2,0,0,598,82,17,4.87116752056814,0,14,6,3,0,0,35,0,44,2,10,1,1,6,4,1,6,5,0,0,0,0,0,0,0,0,0,2,0,0,0,0,5,35,5,2,0,0,2,0,1,0,5,129,2,2,0,0,38,1,0,0,2,0,0,0,0,0,0,0,0,0,38;32,,,70,0,0,2,2,0,0,1,0,0,0,0,0,4,0,56,169,2,0,1,0,2,1,10,0,159
2025,14,ARI,REG,2025_14_LA_ARI,LA,25,44,271,2,1,3,-8,0,0,352,132,15,-3.28855013827863,-8.44731147993695,0,12,6,4,0,14,51,0,0,0,2,-0.485065668129887,0,1,0,0,0,25,44,271,2,0,0,352,132,15,0.092464103421662,0,12,6,4,0,0,32,0,48,0,0,0,0,0,2,0,0,2,0,0,0,0,0,0,0,0,0,0,0,0,0,0,7,42,1,0,0,0,0,0,0,0,3,66,1,2,1,0,38,0.5,0,0,1,0,0,0,0,0,0,0,0,1,38,63,,38,63,0,2,2,0,0,1,0,0,0,0,0,5,0,57,271,2,0,1,0,1,3,46,0,225
2025,14,ATL,REG,2025_14_SEA_ATL,SEA,15,30,162,0,2,1,-8,0,0,204,96,6,-15.3733456575258,-12.7677039376327,0,6,4,4,0,31,120,0,1,1,6,-6.69961257540854,0,1,0,0,0,15,28,162,0,0,0,204,96,6,-12.151348858298,0,6,4,4,0,0,37,2,24,7,19,1,2,13,3,1,6,3,0,0,0,0,0,0,0,0,0,0,0,0,0,0,8,56,1,1,0,0,1,1,1,14,4,121,3,4,0,1,43,0.75,0,1,1,1,0,0,0,0,0,0,0,0,35;43;27,,50,105,0,50,0,0,0,0,,0,0,0,0,0,2,0,45,84,2,0,0,0,2,0,0,0,84
2025,14,BAL,REG,2025_14_PIT_BAL,PIT,19,35,219,1,1,2,-16,0,0,257,74,9,-5.12935254630568,-5.03757027062503,0,5,5,3,0,40,217,1,0,0,10,5.78216662161867,0,2,2,1,1,19,33,219,1,0,0,257,74,9,-0.380901425474379,0,5,5,3,0,0,28,2,28,3,12,0,0,0,1,0,0,5,0,0,0,0,0,0,0,0,0,0,0,0,0,0,5,39,5,0,0,0,0,0,3,14,5,117,3,3,0,0,36,1,0,1,2,0,0,0,0,0,0,0,0,0,36;28;36,,,100,0,0,1,2,1,0,0.5,0,0,0,0,0,2,0,54,102,0,0,0,0,0,2,12,0,90
2025,14,BUF,REG,2025_14_CIN_BUF,CIN,22,28,251,3,0,3,-18,0,0,129,174,13,16.7012618369046,12.4837554163403,1,10,6,4,0,29,183,1,2,1,7,-1.91680274278333,0,5,5,2,1,22,27,251,3,0,0,129,174,13,20.6781198686659,1,10,6,4,0,0,31,0,32,2,11,0,1,8,5,2,64,7,1,0,0,0,0,0,0,0,0,0,0,0,0,0,6,68,2,2,0,1,2,1,1,9,6,130,1,1,0,0,26,1,0,1,0,0,0,0,0,0,0,0,0,0,26,,,26,0,0,4,4,0,0,1,0,0,0,0,0,0,0,,0,0,0,0,0,0,0,0,0,0
2025,14,CHI,REG,2025_14_CHI_GB,GB,19,35,186,2,1,1,-9,0,0,298,73,12,-0.178873777111486,1.85374000242778,0,10,5,3,0,32,138,0,0,0,7,7.63640840687743,1,0,0,0,0,19,28,186,2,0,0,298,73,12,6.28775362485181,0,10,5,3,0,0,34,1,17,2,15,0,1,14,1,1,28,3,0,0,0,0,0,0,0,0,0,1,0,0,0,0,4,17,2,1,0,0,1,0,1,6,4,91,2,2,0,0,41,1,0,0,1,1,0,0,0,0,0,0,0,0,33;41,,,74,0,0,1,1,0,0,1,0,0,0,0,0,4,0,63,208,2,0,1,1,1,1,7,0,181
2025,14,CIN,REG,2025_14_CIN_BUF,BUF,25,36,284,4,2,1,-8,0,0,329,96,18,8.17582198632602,7.00976476073265,0,15,5,3,0,19,62,1,0,0,4,-1.39915164827835,0,0,0,0,0,25,36,284,4,0,0,329,96,18,10.213932168379,0,15,5,3,0,0,38,1,31,5,22,2,3,18,5,0,0,3,0,0,0,0,0,0,0,0,0,0,0,1,0,0,4,30,5,0,0,0,0,0,0,0,7,187,0,0,0,0,,,0,0,0,0,0,0,0,0,0,0,0,0,,,,0,0,0,4,4,0,0,1,0,0,0,0,0,2,0,57,79,0,0,1,0,0,1,9,0,70
2025,14,CLE,REG,2025_14_TEN_CLE,TEN,23,42,364,3,1,2,-13,0,0,305,262,13,5.93980588119217,-4.73575862614732,0,12,8,5,2,20,61,1,0,0,5,-3.36801619925234,0,2,2,0,0,23,38,364,3,1,1,305,262,13,7.39160904033645,0,12,8,5,2,0,32,3,35,7,23,0,1,9,5,1,44,5,0,1,0,0,0,0,0,0,0,1,0,0,0,0,7,50,5,1,1,0,2,1,4,16,5,113,1,1,0,0,38,1,0,0,1,0,0,0,0,0,0,0,0,0,38,,,38,0,0,2,2,0,0,1,0,0,0,0,0,6,1,42,222,1,1,1,0,3,1,-2,0,224
2025,14,DAL,REG,2025_14_DAL_DET,DET,31,47,376,1,2,5,-50,1,0,497,125,17,1.00071895998642,1.23205001049853,1,17,9,6,1,24,91,1,0,0,7,0.392866643378511,0,3,1,0,0,31,47,376,1,2,1,497,125,17,7.56770231771973,1,17,9,6,1,0,30,1,43,4,19,0,1,10,8,0,0,1,0,0,0,0,0,1,0,0,0,2,0,0,0,0,7,76,4,3,0,0,3,1,1,0,7,176,5,5,0,0,63,1,0,1,0,1,2,1,0,0,0,0,0,0,57;42;55;63;29,,,246,0,0,1,1,0,0,1,0,0,0,0,0,1,0,62,62,0,0,0,0,0,1,21,0,41
2025,14,DEN,REG,2025_14_DEN_LV,LV,31,38,212,0,0,3,-8,0,0,216,113,14,5.89592478625775,10.9797305530972,0,7,0,0,0,31,152,2,0,0,11,5.28388933156384,0,4,2,0,0,31,36,212,0,0,0,216,113,14,10.2938149468747,0,7,0,0,0,1,27,0,22,5,25,0,4,24,7,0,0,1,0,0,0,0,0,0,0,0,0,0,0,0,0,0,8,50,5,0,0,0,0,0,1,48,2,39,1,1,0,0,23,1,0,1,0,0,0,0,0,0,0,0,0,0,23,,,23,0,0,3,3,0,0,1,0,0,0,0,0,1,0,35,35,1,0,0,0,1,0,0,0,35
2025,14,DET,REG,2025_14_DAL_DET,DAL,25,34,309,1,0,1,-10,0,0,229,177,10,12.1980097431055,9.59008643704076,0,12,7,5,0,22,109,4,0,0,8,6.13052763679298,0,4,3,1,0,25,31,309,1,0,0,229,177,10,16.0379268083123,0,12,7,5,0,0,53,0,24,6,55,3,5,50,11,2,23,11,0,0,0,0,0,0,0,0,0,0,0,1,0,0,8,50,3,0,0,0,0,0,1,21,8,261,3,4,0,1,47,0.75,0,0,1,2,0,0,0,0,0,0,0,0,38;47;46,,52,131,0,52,5,5,0,0,1,0,0,0,0,0,2,0,42,84,1,0,0,0,1,1,0,0,84
2025,14,GB,REG,2025_14_CHI_GB,CHI,17,25,234,3,1,1,-14,0,0,311,95,9,8.0273233577027,12.0387479015019,0,8,6,4,2,26,117,1,0,0,8,4.20468689064728,0,4,2,1,0,17,23,234,3,0,0,311,95,9,11.5087877021288,0,8,6,4,2,0,36,0,38,2,13,1,1,9,6,1,0,3,0,0,0,0,0,0,0,0,0,0,0,0,0,0,6,55,4,0,0,0,0,0,1,7,3,85,0,0,0,0,,,0,0,0,0,0,0,0,0,0,0,0,0,,,,0,0,0,4,4,0,0,1,0,0,0,0,0,3,0,55,145,1,1,1,0,0,1,6,0,139
2025,14,HOU,REG,2025_14_HOU_KC,KC,15,31,203,1,0,3,-17,0,0,305,69,7,0.188854076783173,-6.10207838040811,0,5,4,2,2,31,82,1,0,0,5,-5.08995004417045,0,0,0,0,0,15,27,203,1,0,0,305,69,7,6.44433862407459,0,5,4,2,2,0,29,0,38,2,19,0,2,12,8,3,-2,7,0,0,0,0,0,0,0,0,0,0,0,0,0,0,8,59,5,0,0,0,0,0,1,21,2,41,2,2,0,0,35,1,0,1,1,0,0,0,0,0,0,0,0,0,35;28,,,63,0,0,2,2,0,0,1,0,0,0,0,0,8,0,56,329,3,1,2,0,4,1,0,0,329
2025,14,IND,REG,2025_14_IND_JAX,JAX,23,36,205,0,2,1,-9,0,0,232,92,12,-5.47766878513925,-0.44940859079361,0,7,5,2,0,26,89,2,1,1,5,-6.39914342627162,0,1,1,0,0,23,36,205,0,0,0,232,92,12,-3.51201711944144,0,7,5,2,0,0,37,2,28,4,8,2,0,0,0,0,0,9,0,0,0,0,0,0,0,0,0,0,0,1,1,0,5,45,3,1,0,0,1,1,1,0,5,115,2,2,0,0,36,1,0,1,1,0,0,0,0,0,0,0,0,0,28;36,,,64,0,0,1,1,0,0,1,0,0,0,0,0,2,0,54,101,0,0,0,0,1,1,15,0,86
2025,14,JAX,REG,2025_14_IND_JAX,IND,18,31,247,2,0,0,0,0,0,333,83,10,10.9025498611382,-3.39134345131536,0,8,6,4,0,32,103,2,1,1,8,-5.4179017864808,0,2,1,1,0,18,31,247,2,0,0,333,83,10,10.9025498611382,0,8,6,4,0,0,31,3,43,4,12,1,1,9,5,2,6,9,0,0,1,0,0,0,0,0,0,1,0,1,0,0,8,64,4,2,0,0,2,1,1,15,5,113,2,2,0,0,48,1,0,0,1,1,0,0,0,0,0,0,0,0,35;48,,,83,0,0,4,4,0,0,1,0,0,0,0,0,3,0,50,137,1,1,0,0,1,1,0,0,137
2025,14,KC,REG,2025_14_HOU_KC,HOU,14,33,160,0,3,2,-12,0,0,289,70,8,-22.3309291034004,-14.8522031718287,0,7,3,3,0,29,126,1,0,0,6,3.86331162444549,0,1,1,0,0,14,29,160,0,0,0,289,70,8,-17.0174751643294,0,7,3,3,0,0,40,0,26,6,24,0,3,17,10,0,0,4,0,0,0,0,0,0,0,0,0,0,0,0,0,0,5,20,3,0,0,0,0,0,1,0,4,104,1,2,1,0,36,0.5,0,0,1,0,0,0,0,0,0,1,0,0,36,43,,36,43,0,1,1,0,0,1,0,0,0,0,0,4,0,57,188,3,1,0,0,2,1,21,0,167
2025,14,LA,REG,2025_14_LA_ARI,ARI,22,31,281,3,0,0,0,0,0,223,96,13,15.4096756057923,4.05515345834917,0,11,6,5,0,36,249,3,0,0,15,12.6580068981566,0,6,5,1,1,22,31,281,3,0,0,223,96,13,15.4096756057923,0,11,6,5,0,0,34,0,16,1,8,0,3,8,11,1,0,6,0,0,0,0,0,0,0,0,0,0,0,0,0,0,5,30,4,0,0,0,0,0,3,46,3,84,1,1,0,0,26,1,0,1,0,0,0,0,0,0,0,0,0,0,26,,,26,0,0,6,6,0,0,1,0,0,0,0,0,3,0,56,140,0,0,1,2,0,0,0,0,100
2025,14,LAC,REG,2025_14_PHI_LAC,PHI,12,26,139,1,1,7,-33,2,1,270,84,5,-15.5772546861013,-15.6227957943211,0,4,2,1,1,38,169,0,0,0,9,-3.7553134671133,0,5,4,0,0,12,23,139,1,0,0,270,84,5,0.21841898867682,0,4,2,1,1,0,47,0,18,7,18,2,1,9,6,4,43,10,0,1,0,0,0,0,0,0,0,1,0,1,0,0,7,55,6,3,0,0,3,2,1,-10,7,167,5,5,0,0,54,1,0,0,2,2,1,0,0,0,0,0,0,0,45;34;31;46;54,,,210,0,0,1,1,0,0,1,0,0,0,0,0,5,0,57,256,1,0,0,0,2,3,54,0,202
2025,14,LV,REG,2025_14_DEN_LV,DEN,21,32,213,2,0,4,-24,0,0,244,38,11,-0.830933353329657,8.21996288640159,0,10,4,2,0,12,40,0,0,0,3,-1.89799243299058,0,0,0,0,0,21,28,213,2,0,0,244,38,11,7.82612441370578,0,10,4,2,0,0,46,0,38,4,12,0,3,8,6,0,0,2,0,0,0,0,0,0,0,0,0,0,0,0,0,0,3,25,6,0,0,0,0,0,0,0,3,84,1,1,0,0,46,1,0,0,0,1,0,0,0,0,0,0,0,0,46,,,46,0,0,2,2,0,0,1,0,0,0,0,0,3,0,58,143,2,0,1,0,1,1,48,1,95
2025,14,MIA,REG,2025_14_MIA_NYJ,NYJ,13,21,127,1,0,1,-8,0,0,95,76,8,1.66339083007188,-9.18920863242376,0,6,2,2,0,41,239,3,1,0,14,10.9486778624342,0,8,6,3,0,13,21,127,1,0,0,95,76,8,3.57335997503833,0,6,2,2,0,0,27,1,29,7,36,1,6,27,8,3,5,9,0,0,0,0,0,0,0,0,0,1,0,0,0,0,5,54,2,0,1,0,1,0,2,32,3,76,2,2,0,0,53,1,0,0,0,1,1,0,0,0,0,0,0,0,43;53,,,96,0,0,4,4,0,0,1,0,0,0,0,0,6,0,58,259,1,1,0,0,2,3,91,1,168
2025,14,MIN,REG,2025_14_WAS_MIN,WAS,16,23,163,3,0,4,-12,0,0,153,80,13,9.26110271642353,0.143951955048934,0,8,3,2,0,34,162,1,0,0,10,4.33122253080364,0,4,3,0,0,16,23,163,3,0,0,153,80,13,13.8517525962521,0,8,3,2,0,0,20,1,39,4,11,1,2,9,3,2,51,3,0,0,0,0,0,0,0,0,0,0,0,1,0,0,3,24,2,0,0,0,0,0,2,8,1,35,1,1,0,0,45,1,0,0,0,1,0,0,0,0,0,0,0,0,45,,,45,0,0,4,4,0,0,1,0,0,0,0,0,1,0,43,43,0,0,0,0,1,0,0,0,43
2025,14,NO,REG,2025_14_NO_TB,TB,13,20,144,0,1,3,-23,0,0,158,76,9,1.78321987676347,-2.25125029683113,0,9,2,0,0,32,139,3,1,0,7,-2.79148821497802,0,4,3,2,0,13,20,144,0,0,0,158,76,9,6.95581203053618,0,9,2,0,0,0,45,0,22,3,13,0,0,0,2,1,10,6,0,0,0,0,0,0,0,0,0,1,0,0,0,0,10,82,3,0,1,0,1,0,0,0,5,138,1,2,1,0,30,0.5,0,0,1,0,0,0,0,0,0,1,0,0,30,48,,30,48,0,3,3,0,0,1,0,0,0,0,0,3,0,54,152,0,0,0,1,0,2,0,0,132
2025,14,NYJ,REG,2025_14_MIA_NYJ,MIA,15,34,169,0,3,6,-27,1,0,289,87,8,-24.1542394280056,-20.353386644274,0,9,3,1,0,17,65,0,1,0,3,-1.6576079291408,0,2,1,0,0,15,32,169,0,0,0,289,87,8,-13.6354436876806,0,9,3,1,0,1,31,2,44,7,20,0,1,8,3,0,0,6,0,0,0,0,0,0,0,0,0,3,-3,0,0,0,6,50,5,1,2,0,3,0,3,91,3,102,1,1,0,0,31,1,0,0,1,0,0,0,0,0,0,0,0,0,31,,,31,0,0,1,1,0,0,1,0,0,0,0,0,6,0,72,326,2,0,1,2,1,2,32,0,254
2025,14,PHI,REG,2025_14_PHI_LAC,LAC,21,40,240,0,4,1,-9,0,0,408,111,12,-16.2360342307993,-10.7479739346002,0,11,8,3,0,25,134,1,0,0,5,-0.858432486100355,0,4,3,1,1,21,38,240,0,0,0,408,111,12,-12.9134289336006,0,11,8,3,0,0,49,0,36,7,33,3,7,33,11,1,1,5,0,0,0,0,0,0,0,0,0,1,0,2,-1,0,6,53,2,2,0,0,2,1,3,54,6,159,4,5,1,0,54,0.8,0,0,1,2,1,0,0,0,0,1,0,0,41;30;54;44,48,,169,48,0,1,1,0,0,1,0,0,0,0,0,3,0,60,155,0,1,0,1,0,1,-10,0,145
2025,14,PIT,REG,2025_14_PIT_BAL,BAL,23,34,284,1,0,0,0,0,0,212,160,7,10.5665620552332,4.3227210189357,0,8,5,5,2,17,34,2,0,0,4,2.87514711206313,0,0,0,0,0,23,33,284,1,0,0,212,160,7,11.0871240488209,0,8,5,5,2,0,51,0,28,5,22,0,2,16,5,1,9,5,0,0,0,0,0,0,0,0,0,0,0,0,0,0,7,33,4,0,0,0,0,0,2,12,4,88,2,2,0,0,28,1,0,2,0,0,0,0,0,0,0,0,0,0,23;28,,,51,0,0,3,3,0,0,1,0,0,0,0,0,4,0,53,197,1,0,0,0,1,3,14,0,183
2025,14,SEA,REG,2025_14_SEA_ATL,ATL,20,30,249,3,1,2,-13,0,0,255,114,11,10.0413748343407,-0.264247258504232,0,10,5,4,0,26,129,0,1,0,6,-1.23616994294571,0,4,3,2,0,20,30,249,3,1,0,255,114,11,13.0824537888101,0,10,5,4,0,1,36,1,33,3,11,1,1,8,7,2,3,10,0,0,0,0,0,1,0,0,0,1,0,1,0,0,6,60,4,1,1,1,2,0,0,0,3,148,3,3,0,0,48,1,0,1,1,1,0,0,0,0,0,0,0,0,22;48;37,,,107,0,0,4,4,0,0,1,0,0,0,0,0,3,0,52,148,2,0,1,0,1,1,14,0,134
2025,14,TB,REG,2025_14_NO_TB,NO,14,30,122,1,1,0,0,0,0,230,94,4,-9.81600643074352,-16.4797844631331,0,4,2,2,0,39,179,1,0,0,11,-2.49002516950713,0,6,5,1,0,14,28,122,1,0,0,230,94,4,-9.37762736462036,0,4,2,2,0,0,37,1,21,6,28,0,3,23,4,1,19,4,0,1,0,0,0,0,0,0,0,1,0,0,0,0,7,49,6,0,1,0,1,0,2,0,2,39,2,2,0,0,41,1,0,0,1,1,0,0,0,0,0,0,0,0,41;37,,,78,0,0,2,2,0,0,1,0,0,0,0,0,1,0,31,31,1,0,0,0,1,0,0,0,31
2025,14,TEN,REG,2025_14_TEN_CLE,CLE,14,28,117,2,1,1,-9,0,0,174,85,6,-8.78384227008792,-10.5665153264999,0,5,2,1,0,35,184,2,0,0,7,2.85020054428261,0,2,2,2,1,14,25,117,2,0,0,174,85,6,-4.90339133900125,0,5,2,1,0,0,36,2,26,5,21,1,2,13,13,1,35,9,0,0,0,1,0,0,1,0,7,0,0,1,19,0,11,85,2,0,0,0,0,0,1,-2,1,41,1,1,0,0,41,1,0,0,0,1,0,0,0,0,0,0,0,0,41,,,41,0,0,4,4,0,0,1,0,0,0,0,0,8,0,54,383,2,0,1,2,1,4,16,0,327
2025,14,WAS,REG,2025_14_WAS_MIN,MIN,11,24,108,0,2,2,-9,0,0,115,54,6,-17.1245948243886,-17.4690575897694,0,5,2,1,0,23,107,0,1,1,4,-4.04980926169083,0,3,1,0,0,11,20,108,0,0,0,115,54,6,-10.0052120831097,0,5,2,1,0,0,32,1,37,3,14,0,4,12,6,0,0,5,0,0,0,0,0,0,0,0,0,0,0,0,0,0,4,34,1,1,0,0,1,1,0,0,4,87,0,0,0,0,,,0,0,0,0,0,0,0,0,0,0,0,0,,,,0,0,0,0,0,0,0,,0,0,0,0,0,3,0,49,140,1,0,0,0,1,2,8,0,132
2025,15,ARI,REG,2025_15_ARI_HOU,HOU,27,40,249,3,1,2,-14,0,0,256,141,14,-1.79121373484656,1.15471011713931,0,12,7,3,0,21,72,0,0,0,6,2.56429830048,0,0,0,0,0,27,38,249,3,0,0,256,141,14,3.31917515663384,0,12,7,3,0,0,35,0,38,3,13,0,1,4,2,0,0,3,0,0,0,0,0,1,0,0,0,0,0,0,0,0,2,34,5,1,0,0,1,1,0,0,8,207,0,0,0,0,,,0,0,0,0,0,0,0,0,0,0,0,0,,,,0,0,0,2,2,0,0,1,0,0,0,0,0,3,0,56,135,0,1,1,0,0,1,13,0,122
2025,15,ATL,REG,2025_15_ATL_TB,TB,30,44,373,3,0,1,-8,1,0,337,208,19,17.2453829101172,7.69792497158051,0,16,10,5,0,21,111,1,0,0,6,2.27574091684073,0,4,3,0,0,30,41,373,3,2,1,337,208,19,16.2474081352414,0,16,10,5,0,0,38,0,16,7,37,0,5,27,7,1,0,7,0,0,0,0,0,0,0,0,0,2,0,0,0,0,19,125,4,3,0,0,3,1,2,20,0,0,1,1,0,0,43,1,0,0,0,1,0,0,0,0,0,0,0,0,43,,,43,0,0,2,2,0,0,1,1,1,0,0,43,4,0,53,170,2,0,0,2,1,1,0,0,130
2025,15,BAL,REG,2025_15_BAL_CIN,CIN,8,12,150,2,1,4,-22,1,0,129,62,6,0.0706165007556265,6.79906954367956,0,6,4,4,0,24,189,0,0,0,9,5.19007565756328,0,8,7,4,0,8,12,150,2,0,0,129,62,6,6.24194122753185,0,6,4,4,0,0,44,0,40,3,27,1,3,27,10,2,116,5,1,0,0,0,0,0,0,0,0,1,0,0,0,0,2,10,3,1,0,0,1,0,0,0,1,32,1,1,0,0,27,1,0,1,0,0,0,0,0,0,0,0,0,0,27,,,27,0,0,3,3,0,0,1,0,0,0,0,0,3,0,53,135,1,0,0,1,1,1,-2,0,117
2025,15,BUF,REG,2025_15_BUF_NE,NE,19,28,193,3,0,2,-12,0,0,270,102,11,9.45444467643392,10.389750966659,0,8,4,2,0,37,168,2,0,0,9,3.45331100860494,0,4,2,1,0,19,26,193,3,0,0,270,102,11,13.6476196567237,0,8,4,2,0,0,34,1,19,5,23,1,3,16,5,1,0,3,0,0,0,0,0,0,0,0,0,0,0,0,0,0,2,15,2,0,0,0,0,0,1,12,4,164,0,0,0,0,,,0,0,0,0,0,0,0,0,0,0,0,0,,,,0,0,0,5,5,0,0,1,0,0,0,0,0,4,0,50,162,3,1,1,0,0,2,5,0,157
2025,15,CAR,REG,2025_15_CAR_NO,NO,15,24,163,1,0,1,-9,0,0,205,50,7,7.69738770388504,7.08888724446297,0,5,4,4,0,31,127,1,0,0,7,-1.51653360005002,0,4,1,0,0,15,20,163,1,1,1,205,50,7,11.2017925027918,0,5,4,4,0,0,38,0,32,3,19,1,5,16,6,0,0,3,0,0,0,0,0,0,0,0,0,0,0,0,0,0,11,103,4,0,1,0,1,1,1,16,4,98,1,1,0,0,40,1,0,0,0,1,0,0,0,0,0,0,0,0,40,,,40,0,0,2,2,0,0,1,0,0,0,0,0,3,0,56,142,2,1,0,0,2,0,0,0,142
2025,15,CHI,REG,2025_15_CLE_CHI,CLE,17,28,242,2,0,3,-23,0,0,275,110,12,3.28693505483229,1.43672459655338,0,11,7,4,1,33,142,2,1,0,8,-0.00593652605311945,0,5,2,0,0,17,27,242,2,0,0,275,110,12,10.2264088996557,0,11,6,4,1,0,31,0,24,8,43,0,5,35,15,3,32,6,0,0,0,0,0,0,0,0,0,1,-4,0,0,0,4,25,2,0,1,0,1,0,3,45,2,82,1,2,1,0,41,0.5,0,0,0,1,0,0,0,0,1,0,0,0,41,35,,41,35,0,4,4,0,0,1,0,0,0,0,0,4,0,45,171,3,0,2,0,1,1,0,0,171
2025,15,CIN,REG,2025_15_BAL_CIN,BAL,25,39,225,0,2,3,-27,0,0,284,108,10,-13.7492465174873,2.63243280351162,0,7,4,2,0,29,100,0,1,0,6,-8.19688951759599,0,1,0,0,0,25,36,225,0,0,0,284,108,10,-5.83284302486572,0,7,4,2,0,0,25,0,16,5,23,1,4,22,5,1,0,1,0,0,0,0,0,0,0,0,0,1,0,0,0,0,4,30,2,1,0,0,1,0,1,-2,5,110,0,0,0,0,,,0,0,0,0,0,0,0,0,0,0,0,0,,,,0,0,0,0,0,0,0,,0,0,0,0,0,4,0,62,182,2,0,2,1,1,0,0,0,162
2025,15,CLE,REG,2025_15_CLE_CHI,CHI,18,35,177,0,3,5,-35,0,0,303,59,7,-22.947253412076,-4.56381031582432,0,5,2,2,2,16,50,0,0,0,2,-3.15125373494811,0,1,1,0,0,18,31,177,0,0,0,303,59,7,-10.6886431456988,0,5,2,2,2,0,30,1,45,6,24,0,3,23,7,0,0,4,0,0,0,0,0,0,0,0,0,0,0,0,0,0,6,21,3,0,0,0,0,0,1,0,4,86,1,1,0,0,50,1,0,0,0,0,1,0,0,0,0,0,0,0,50,,,50,0,0,0,0,0,0,,0,0,0,0,0,7,0,61,339,1,0,1,1,2,3,45,0,274
2025,15,DAL,REG,2025_15_MIN_DAL,MIN,23,38,294,0,0,2,-9,0,0,276,157,12,0.958932986336323,-4.06369507312775,0,13,8,4,0,29,138,2,0,0,12,6.72096791249351,0,4,3,1,0,23,35,294,0,0,0,276,157,12,6.15555256927797,0,13,8,4,0,0,30,1,27,5,11,0,0,0,1,1,0,3,0,0,0,0,0,0,0,0,0,0,0,0,0,0,7,58,6,0,0,0,0,0,0,0,4,124,4,6,2,0,41,0.666666666666667,0,1,1,2,0,0,0,0,0,0,2,0,37;26;41;41,51;59,,145,110,0,2,2,0,0,1,0,0,0,0,0,1,0,42,42,0,0,0,0,1,0,0,0,42
2025,15,DEN,REG,2025_15_GB_DEN,GB,23,34,302,4,0,0,0,0,0,323,107,15,20.5881758644828,8.58259806409478,0,13,8,5,1,31,89,1,1,1,4,-12.0256646658671,0,0,0,0,0,23,32,302,4,0,0,323,107,15,21.5873681493686,0,13,8,5,1,0,34,0,24,5,24,0,3,29,15,2,0,5,0,0,0,0,0,0,0,0,0,0,0,0,0,0,6,60,5,1,0,0,1,1,0,0,6,178,0,0,0,0,,,0,0,0,0,0,0,0,0,0,0,0,0,,,,0,0,0,4,4,0,0,1,0,0,0,0,0,2,0,51,94,2,0,1,0,1,0,0,0,94
2025,15,DET,REG,2025_15_DET_LA,LA,25,41,338,3,0,1,-12,0,0,347,95,17,12.8015997034989,-0.594461277911538,0,14,9,6,1,20,70,1,0,0,3,-3.1306574627965,0,1,0,0,0,25,38,338,3,0,0,347,95,17,16.496390561925,0,14,8,5,1,0,38,0,34,1,8,0,2,8,8,1,58,7,0,0,0,0,0,0,0,0,0,0,0,0,0,0,4,25,5,0,0,0,0,0,2,23,1,13,2,3,1,0,48,0.666666666666667,0,1,0,1,0,0,0,0,0,1,0,0,24;48,43,,72,43,0,4,4,0,0,1,0,0,0,0,0,3,0,62,150,1,0,0,1,1,1,0,0,130
2025,15,GB,REG,2025_15_GB_DEN,DEN,24,40,276,1,2,3,-29,0,0,452,100,12,-0.530707000761573,6.80500235822466,0,12,7,4,0,20,115,1,0,0,5,1.93700535587125,0,3,2,2,1,24,36,276,1,0,0,452,100,12,7.18821006513868,0,12,7,4,0,0,41,1,25,3,5,1,0,0,3,0,0,6,0,0,0,0,0,0,0,0,0,0,0,1,0,0,10,72,6,0,0,0,0,0,0,0,4,95,4,4,0,0,53,1,0,1,2,0,1,0,0,0,0,0,0,0,53;26;35;37,,,151,0,0,2,2,0,0,1,0,0,0,0,0,1,0,57,57,0,0,0,1,0,0,0,0,37
2025,15,HOU,REG,2025_15_ARI_HOU,ARI,22,29,260,3,0,1,-4,0,0,117,173,13,15.1289216409486,11.9285661440629,0,9,6,2,1,33,143,0,1,0,9,-0.039857974832251,0,4,2,1,1,22,26,260,3,0,0,117,173,13,17.9186218673575,0,9,6,2,1,0,38,0,34,4,21,1,2,14,3,1,0,6,0,0,0,0,0,0,0,0,0,1,1,1,6,1,5,40,3,0,1,0,1,0,1,13,2,108,4,5,0,1,55,0.8,0,1,2,0,1,0,0,0,0,0,0,0,30;55;22;33,,52,140,0,52,4,4,0,0,1,0,0,0,0,0,1,0,43,43,1,0,1,0,0,0,0,0,43
2025,15,IND,REG,2025_15_IND_SEA,SEA,18,27,120,1,1,1,-2,0,0,142,95,8,-2.5333070954807,-0.400795157139118,0,5,2,0,0,30,102,0,1,0,5,-3.1503749475547,0,1,0,0,0,18,26,120,1,0,0,142,95,8,-0.735204582990693,0,5,2,0,0,0,39,1,21,5,15,1,1,7,5,0,0,1,0,0,0,0,0,0,0,0,0,1,-5,0,0,0,3,14,3,0,1,0,1,0,1,2,4,123,3,3,0,0,60,1,0,0,0,1,1,1,0,0,0,0,0,0,42;54;60,,,156,0,0,1,1,0,0,1,0,0,0,0,0,5,0,59,228,4,0,2,1,1,1,6,0,202
2025,15,JAX,REG,2025_15_NYJ_JAX,NYJ,20,32,330,5,0,0,0,0,0,346,104,16,23.7658561764067,12.1633854295526,0,13,9,6,1,27,108,1,1,1,6,-5.43303277698578,0,2,2,1,0,20,28,330,5,0,0,346,104,16,28.0027003041207,0,13,9,6,1,0,39,0,34,7,39,0,3,22,7,3,5,6,0,0,0,0,0,0,0,0,0,0,0,0,0,0,5,60,2,1,0,0,1,1,0,0,4,143,2,2,0,0,33,1,0,1,1,0,0,0,0,0,0,0,0,0,33;22,,,55,0,0,6,6,0,0,1,0,0,0,0,0,2,0,57,104,0,0,0,0,0,2,9,0,95
2025,15,KC,REG,2025_15_LAC_KC,LAC,19,33,211,0,2,5,-21,0,0,250,103,9,-4.64268985431844,-3.66517245769501,0,8,4,3,0,21,49,1,0,0,6,-1.59409466770012,0,1,1,0,0,19,30,211,0,0,0,250,103,9,4.60232385882423,0,8,4,3,0,0,40,1,31,6,13,0,4,9,12,1,14,3,0,0,0,0,0,0,0,0,0,0,0,0,0,0,9,64,4,0,0,0,0,0,1,0,5,130,2,2,0,0,47,1,0,1,0,1,0,0,0,0,0,0,0,0,27;47,,,74,0,0,1,1,0,0,1,0,0,0,0,0,4,0,57,190,1,0,2,0,2,0,0,0,190
2025,15,LA,REG,2025_15_DET_LA,DET,24,38,368,2,1,2,-8,0,0,471,120,20,8.23646517433645,-0.5515403653446,0,16,9,7,0,29,159,3,0,0,8,5.37283446325455,0,3,2,1,0,24,38,368,2,0,0,471,120,20,11.540169001305,0,16,9,7,0,0,30,2,30,3,16,0,1,12,8,0,0,2,0,0,0,0,0,0,0,0,0,1,0,0,0,0,2,8,4,0,1,0,1,0,1,0,6,162,2,2,0,0,44,1,0,0,1,1,0,0,0,0,0,0,0,0,37;44,,,81,0,0,5,5,0,0,1,0,0,0,0,0,3,0,52,149,0,0,0,1,0,2,23,0,106
2025,15,LAC,REG,2025_15_LAC_KC,KC,19,29,210,1,1,4,-9,0,0,198,83,9,0.433579213286632,5.86950274614187,0,8,3,2,0,29,94,0,0,0,6,-3.18842878768693,0,1,1,1,0,19,26,210,1,1,0,198,83,9,8.57501432317076,0,8,3,2,0,0,33,3,33,9,31,0,5,21,9,2,0,5,0,0,0,0,0,0,0,0,0,1,2,0,0,0,5,50,2,0,1,0,1,0,0,0,4,93,3,3,0,0,49,1,0,1,0,2,0,0,0,0,0,0,0,0,49;23;49,,,121,0,0,1,1,0,0,1,0,0,0,0,0,4,0,48,150,3,0,0,0,3,1,0,0,150
2025,15,LV,REG,2025_15_LV_PHI,PHI,15,25,64,0,1,4,-35,0,0,106,36,4,-16.7282081663143,-10.130075097084,0,2,0,0,0,13,46,0,0,0,2,-0.500178002868779,0,1,0,0,0,15,25,64,0,0,0,106,36,4,-13.0359650535975,0,2,0,0,0,0,44,0,40,8,19,0,1,4,1,0,0,0,0,0,0,0,0,0,0,0,0,0,0,0,0,0,3,39,0,0,0,0,0,0,0,0,5,117,0,0,0,0,,,0,0,0,0,0,0,0,0,0,0,0,0,,,,0,0,0,0,0,0,0,,0,0,0,0,0,5,0,52,223,0,2,0,0,0,3,22,0,201
2025,15,MIA,REG,2025_15_MIA_PIT,PIT,22,28,253,2,1,4,-31,0,0,171,135,15,2.64083932511881,15.5091152741359,0,11,7,4,0,16,63,0,0,0,1,-4.6547752951756,0,1,1,0,0,22,26,253,2,0,0,171,135,15,9.61049639320141,0,11,7,4,0,0,44,0,32,5,26,0,3,23,3,0,0,2,0,0,0,0,0,0,0,0,0,0,0,0,0,0,6,31,6,0,0,0,0,0,2,14,3,74,1,1,0,0,54,1,0,0,0,0,1,0,0,0,0,0,0,0,54,,,54,0,0,0,0,0,0,,0,0,0,0,0,4,0,55,194,0,0,0,1,0,3,9,0,165
2025,15,MIN,REG,2025_15_MIN_DAL,DAL,15,24,250,2,1,0,0,0,0,249,90,11,12.0181671565902,1.68886830409368,0,10,7,4,1,28,77,2,0,0,7,-1.59167561339909,0,2,2,0,0,15,24,250,2,0,0,249,90,11,12.0181671565902,0,10,7,4,1,0,36,0,42,0,0,0,2,9,11,0,0,5,0,0,0,0,0,0,0,0,0,0,0,0,0,0,3,17,5,0,0,0,0,0,0,0,6,143,2,2,0,0,53,1,0,1,0,0,1,0,0,0,0,0,0,0,29;53,,,82,0,0,4,4,0,0,1,0,0,0,0,0,2,0,65,112,2,1,1,0,0,0,0,0,112
2025,15,NE,REG,2025_15_BUF_NE,BUF,14,23,155,0,1,3,-16,0,0,244,68,6,-3.40510795099544,-0.531536882573908,0,6,5,1,0,25,246,4,0,0,13,15.8642982689676,0,6,4,2,2,14,22,155,0,1,0,244,68,6,1.93564412769047,0,6,5,1,0,0,34,3,41,5,15,0,2,12,4,0,0,4,0,1,0,0,0,0,0,0,0,1,0,0,0,0,7,65,6,1,1,1,2,0,2,5,4,97,1,1,0,0,36,1,0,0,1,0,0,0,0,0,0,0,0,0,36,,,36,0,0,4,4,0,0,1,0,0,0,0,0,3,0,62,163,1,1,1,0,0,1,12,0,151
2025,15,NO,REG,2025_15_CAR_NO,CAR,24,33,272,1,0,5,-16,0,0,269,91,14,8.72521454778233,4.05088807305982,0,15,7,0,0,25,81,1,1,0,7,-2.33416463434696,0,2,2,0,0,24,31,272,1,0,0,269,91,14,17.3406249683467,0,15,7,0,0,0,35,2,24,5,13,0,1,9,3,0,0,2,0,0,0,0,0,0,0,0,0,1,0,1,0,0,9,78,4,1,0,0,1,0,0,0,4,91,2,2,0,0,47,1,0,0,0,2,0,0,0,0,0,0,0,0,42;47,,,89,0,0,2,2,0,0,1,0,0,0,0,0,2,0,58,95,1,0,0,0,1,1,16,0,79
2025,15,NYG,REG,2025_15_WAS_NYG,WAS,20,37,246,2,1,1,-8,0,0,430,111,12,-0.249199184200051,-4.5602987623877,0,12,7,2,1,29,146,1,1,0,7,1.60751349822792,0,3,2,1,0,20,36,246,2,0,0,430,111,12,1.0566985256844,0,12,7,2,1,0,35,2,30,6,32,4,2,16,5,0,0,2,0,0,0,0,0,0,0,0,0,1,0,2,24,0,6,62,6,1,0,0,1,0,2,7,4,100,0,2,2,0,,0,0,0,0,0,0,0,0,0,0,0,2,0,,52;51,,0,103,0,3,3,0,0,1,0,0,0,0,0,4,0,49,182,0,0,0,0,1,3,91,1,91
2025,15,NYJ,REG,2025_15_NYJ_JAX,JAX,22,33,176,1,3,3,-22,0,0,213,51,11,-7.77506225737237,3.10953548178077,0,7,2,2,0,32,130,1,0,0,6,-2.89040665802895,0,4,3,1,0,22,32,176,1,0,0,213,51,11,-1.98108916922116,0,7,2,2,0,0,35,2,16,2,5,1,0,0,2,0,0,3,0,0,0,0,0,0,0,0,0,0,0,1,25,0,6,44,4,0,0,0,0,0,2,9,0,0,2,2,0,0,51,1,0,0,0,1,1,0,0,0,0,0,0,0,41;51,,,92,0,0,2,2,0,0,1,0,0,0,0,0,2,0,32,57,1,0,2,0,0,0,0,0,57
2025,15,PHI,REG,2025_15_LV_PHI,LV,15,18,208,3,0,1,-4,0,0,132,81,12,16.448601532744,17.5725132226944,0,8,4,3,1,47,183,1,0,0,12,-0.209867410594597,0,4,3,0,0,15,18,208,3,0,0,132,81,12,18.1335999386502,0,8,4,3,1,0,24,0,24,6,35,0,4,35,9,1,0,5,0,0,0,0,0,0,0,0,0,0,0,0,0,0,3,35,1,0,0,0,0,0,3,22,1,31,1,1,0,0,27,1,0,1,0,0,0,0,0,0,0,0,0,0,27,,,27,0,0,4,4,0,0,1,0,0,0,0,0,1,0,43,43,0,0,1,0,0,0,0,0,43
2025,15,PIT,REG,2025_15_MIA_PIT,MIA,23,27,224,2,0,3,-23,0,0,92,174,11,11.12713446212,10.4252910172498,0,11,5,3,0,32,135,2,0,0,8,2.71282673836686,0,2,2,1,0,23,27,224,2,0,0,92,174,11,17.3249758307356,0,11,5,3,0,0,37,0,16,7,37,0,4,31,5,1,0,2,0,0,0,0,0,0,0,0,0,0,0,0,0,0,4,25,5,0,0,0,0,0,3,9,2,54,0,0,0,0,,,0,0,0,0,0,0,0,0,0,0,0,0,,,,0,0,0,4,4,0,0,1,0,0,0,0,0,5,0,52,231,2,0,2,1,0,2,14,0,197
2025,15,SEA,REG,2025_15_IND_SEA,IND,22,36,271,0,0,1,-7,0,0,241,125,9,4.55390199469243,0.552534244277261,0,8,6,3,0,22,50,0,1,0,6,-6.95795361154554,0,0,0,0,0,22,33,271,0,0,0,241,125,9,7.01580783576659,0,8,6,3,0,0,39,0,28,5,14,0,1,2,4,1,0,6,0,0,0,0,0,0,0,0,0,0,0,0,0,0,5,34,6,1,0,1,1,0,1,6,5,131,6,6,0,0,56,1,0,0,2,2,2,0,0,0,0,0,0,0,47;52;46;32;30;56,,,263,0,0,0,0,0,0,,0,0,0,0,0,4,0,52,193,0,1,0,0,2,1,2,0,191
2025,15,SF,REG,2025_15_TEN_SF,TEN,23,30,295,3,0,2,-3,1,1,251,127,18,17.8473836992922,20.5120045159544,0,14,5,5,0,38,138,1,0,0,7,-0.497504920950375,0,1,1,1,0,23,28,295,3,0,0,251,127,18,24.1991377495866,0,14,5,5,0,0,23,0,34,1,7,0,0,0,3,0,0,2,0,0,0,0,0,0,0,0,0,0,0,0,0,0,6,30,4,1,0,0,1,1,1,18,2,53,3,3,0,0,40,1,0,0,2,1,0,0,0,0,0,0,0,0,33;37;40,,,110,0,0,4,4,0,0,1,0,0,0,0,0,0,0,,0,0,0,0,0,0,0,0,0,0
2025,15,TB,REG,2025_15_ATL_TB,ATL,19,34,277,2,1,5,-27,0,0,359,63,16,4.41692957266996,-1.12082054838538,1,12,7,5,1,22,88,1,0,0,5,-1.00027693465149,0,3,2,1,0,19,32,277,2,0,0,359,63,16,10.9445060054278,1,12,7,5,1,0,36,0,28,2,11,3,1,8,4,0,0,1,0,1,0,0,0,0,0,0,0,1,0,1,0,0,4,25,4,0,1,0,1,0,1,0,3,72,2,2,0,0,52,1,0,0,0,1,1,0,0,0,0,0,0,0,49;52,,,101,0,0,2,2,0,0,1,0,0,0,0,0,4,0,45,165,2,0,1,0,1,2,20,0,145
2025,15,TEN,REG,2025_15_TEN_SF,SF,18,29,170,2,0,0,0,0,0,171,100,8,1.7431885870742,-2.7442482886491,0,5,4,2,1,20,136,1,0,0,9,9.63547350047156,0,3,3,3,0,18,27,170,2,0,0,171,100,8,3.82118180306724,0,5,4,2,1,0,37,4,44,5,7,1,2,3,5,0,0,2,0,0,0,0,0,0,0,0,0,0,0,1,9,0,7,57,6,0,0,0,0,0,0,0,4,90,1,2,1,0,25,0.5,0,1,0,0,0,0,0,0,0,0,1,0,25,50,,25,50,0,3,3,0,0,1,0,0,0,0,0,3,0,56,136,1,1,1,0,0,1,18,0,118
2025,15,WAS,REG,2025_15_WAS_NYG,NYG,10,19,211,1,0,2,-16,2,1,259,78,10,1.50529609980154,4.152094386518,0,9,6,3,1,37,145,1,2,1,8,-1.366429576294,0,5,1,0,0,10,16,211,1,0,0,259,78,10,10.3805768459731,0,9,6,3,1,1,46,1,17,4,14,1,1,8,8,1,55,6,0,0,0,0,0,0,0,0,0,2,0,0,0,0,11,67,5,4,0,0,4,2,3,91,4,73,3,3,0,0,46,1,0,0,1,2,0,0,0,0,0,0,0,0,46;39;42,,,127,0,0,2,3,1,0,0.666666666666667,0,0,0,0,0,4,0,55,183,3,0,0,0,2,2,7,0,176
2025,16,ARI,REG,2025_16_ATL_ARI,ATL,16,31,203,1,1,2,-15,0,0,228,89,9,-2.39568151871224,-13.592558379831,0,9,6,4,0,23,132,0,0,0,6,2.15826913965638,0,3,3,2,0,16,29,203,1,0,0,228,89,9,3.04807898972634,0,9,6,4,0,0,32,1,41,5,19,0,1,7,4,1,16,6,0,0,0,0,1,0,0,0,0,0,0,1,0,0,5,14,5,0,0,0,0,0,0,0,4,111,4,6,2,0,51,0.666666666666667,0,1,1,0,2,0,0,0,0,1,1,0,50;51;25;34,50;44,,160,94,0,1,1,0,0,1,0,0,0,0,0,1,0,51,51,0,0,0,0,0,1,8,0,43
2025,16,ATL,REG,2025_16_ATL_ARI,ARI,21,35,197,2,1,1,-7,0,0,197,137,11,8.09414353945012,-6.86356407754562,0,8,2,1,1,37,152,1,1,1,10,-4.32881230383646,0,6,3,1,0,21,34,197,2,0,0,197,137,11,10.2602393534543,0,8,2,1,1,0,32,1,23,6,14,0,2,15,5,1,0,7,0,0,0,0,0,0,0,0,0,0,-1,0,0,0,4,20,3,0,1,0,1,1,1,8,0,0,2,2,0,0,49,1,0,0,0,2,0,0,0,0,0,0,0,0,49;40,,,89,0,0,2,3,0,1,0.666666666666667,0,0,0,0,0,0,0,,0,0,0,0,0,0,0,0,0,0
2025,16,BAL,REG,2025_16_NE_BAL,NE,16,20,166,0,0,1,-7,0,0,171,49,9,7.43183865014492,16.2580552697182,0,7,5,0,0,33,171,3,1,1,8,1.57270038500428,0,4,4,3,0,16,20,166,0,1,1,171,49,9,5.59813756088755,0,7,5,0,0,0,48,0,10,5,12,2,4,6,10,1,0,7,0,0,0,0,0,0,0,0,0,0,0,1,0,0,7,28,4,2,0,0,2,2,1,11,2,49,1,2,1,0,36,0.5,0,0,1,0,0,0,0,0,0,0,1,0,36,56,,36,56,0,3,3,0,0,1,0,0,0,0,0,2,0,45,84,1,0,2,0,0,0,0,0,84
2025,16,BUF,REG,2025_16_BUF_CLE,CLE,12,19,130,0,0,2,-35,0,0,121,103,6,-8.47162467874642,-0.878301428423988,0,6,4,1,0,29,164,3,0,0,10,9.60228627314791,0,3,3,1,1,12,18,130,0,0,0,121,103,6,-4.31913074839395,0,6,4,1,0,0,35,0,44,5,29,0,3,23,11,2,11,6,0,0,0,0,0,0,0,0,0,0,0,0,0,0,5,35,3,0,0,0,0,0,2,7,4,92,1,1,0,0,41,1,0,0,0,1,0,0,0,0,0,0,0,0,41,,,41,0,0,2,3,1,0,0.666666666666667,0,0,0,0,0,3,0,62,149,0,0,0,1,1,1,3,0,126
2025,16,CAR,REG,2025_16_TB_CAR,TB,21,32,191,2,0,2,-17,0,0,256,66,9,3.86950059878528,6.72962598262295,0,7,3,2,0,20,101,0,0,0,7,1.46180562471992,0,4,2,1,0,21,31,191,2,0,0,256,66,9,7.65039687342766,0,7,3,2,0,0,42,0,28,5,24,0,2,18,2,1,5,4,0,0,0,0,0,0,0,0,0,0,0,0,0,0,5,30,3,0,0,0,0,0,3,33,0,0,3,3,0,0,48,1,0,1,0,2,0,0,0,0,0,0,0,0,27;41;48,,,116,0,0,2,2,0,0,1,0,0,0,0,0,3,0,49,136,2,0,0,0,2,1,7,0,129
2025,16,CHI,REG,2025_16_GB_CHI,GB,19,34,250,2,0,0,0,0,0,331,89,10,5.73014724981279,0.609130900481652,0,9,5,5,1,26,150,0,0,0,8,0.308046427147929,0,4,3,0,0,19,29,250,2,0,0,331,89,10,10.6089800697836,0,9,5,5,1,0,40,0,42,1,6,1,2,6,5,0,0,2,0,0,0,0,0,0,0,0,0,1,-18,1,0,0,10,105,4,0,1,0,1,0,0,0,4,104,3,3,0,0,51,1,0,0,0,2,1,0,0,0,0,0,0,0,46;51;43,,,140,0,0,1,1,0,0,1,0,0,0,0,0,3,0,43,125,2,1,1,0,1,0,0,0,125
2025,16,CIN,REG,2025_16_CIN_MIA,MIA,26,33,313,4,0,2,-11,0,0,186,153,16,19.5995351860173,16.0907698254431,0,11,7,6,0,26,105,2,0,0,6,3.10185281664599,0,2,2,0,0,26,31,313,4,0,0,186,153,16,24.409772875776,0,11,7,6,0,0,32,1,43,3,6,2,0,0,4,2,16,7,0,0,0,0,0,0,0,0,0,0,0,1,0,0,2,10,2,0,0,0,0,0,1,26,4,117,1,1,0,0,45,1,0,0,0,1,0,0,0,0,0,0,0,0,45,,,45,0,0,6,6,0,0,1,0,0,0,0,0,4,0,59,208,4,0,2,0,2,0,0,0,208
2025,16,CLE,REG,2025_16_BUF_CLE,BUF,20,30,157,1,2,3,-23,0,0,69,142,8,-14.880581103838,1.37288724934613,0,7,4,2,0,31,160,1,0,0,12,8.74427640484646,0,6,5,0,0,20,27,157,1,0,0,69,142,8,-5.67599217055346,0,7,4,2,0,0,29,0,34,1,13,0,2,35,5,0,0,1,0,0,0,0,0,0,0,0,0,1,0,0,0,0,5,44,6,0,1,0,1,0,1,3,4,107,2,2,0,0,41,1,0,1,0,1,0,0,0,0,0,0,0,0,24;41,,,65,0,0,2,2,0,0,1,0,0,0,0,0,2,0,52,103,1,0,0,0,0,2,7,0,96
2025,16,DAL,REG,2025_16_LAC_DAL,LAC,23,32,255,2,0,1,-6,0,0,312,75,13,13.6080341413178,5.02989627420902,0,9,4,3,0,23,91,0,1,1,4,-11.6913220470888,0,0,0,0,0,23,32,255,2,0,0,312,75,13,13.8021807227193,0,9,4,3,0,0,39,2,32,3,5,1,0,0,5,0,0,2,0,0,0,0,0,0,0,0,0,0,0,0,0,0,5,40,3,1,0,0,1,1,0,0,6,148,1,1,0,0,33,1,0,0,1,0,0,0,0,0,0,0,0,0,33,,,33,0,0,2,2,0,0,1,0,0,0,0,0,1,0,42,42,1,0,0,0,1,0,0,0,42
2025,16,DEN,REG,2025_16_JAX_DEN,JAX,28,47,352,1,1,1,-8,0,0,449,145,14,0.289789066115951,-3.13274572077005,0,13,7,5,1,17,101,1,1,1,5,-2.43548881869494,0,3,3,1,0,28,46,352,1,0,0,449,145,14,2.58629705144707,0,13,7,5,1,0,38,0,40,6,25,0,5,14,14,0,0,5,0,0,0,0,0,0,0,0,0,0,0,0,0,0,6,61,5,0,1,0,1,1,2,14,4,100,2,3,1,0,54,0.666666666666667,0,1,0,0,1,0,0,0,0,1,0,0,54;21,44,,75,44,0,2,2,0,0,1,0,0,0,0,0,3,0,53,132,1,0,0,1,1,1,2,0,110
2025,16,DET,REG,2025_16_PIT_DET,PIT,34,54,364,3,0,3,-18,0,0,315,174,19,10.8518014951232,-7.18925933425243,0,16,9,6,0,12,15,0,1,0,2,-3.96257581393002,0,1,1,0,0,34,52,364,3,0,0,315,174,19,16.2660338044488,0,16,9,6,0,0,38,0,36,4,18,1,2,15,3,0,0,5,0,0,0,0,0,0,0,0,0,1,0,1,0,0,7,40,4,1,0,0,1,0,3,16,5,134,1,1,0,0,36,1,0,0,1,0,0,0,0,0,0,0,0,0,36,,,36,0,0,3,3,0,0,1,0,0,0,0,0,3,0,54,159,0,0,0,0,2,1,9,0,150
2025,16,GB,REG,2025_16_GB_CHI,CHI,17,24,198,1,0,2,-6,0,0,166,70,10,7.63952754362863,8.12653601169586,0,7,4,4,0,44,192,0,3,1,11,-3.49936239048839,0,5,4,0,0,17,24,198,1,0,0,166,70,10,8.94947593304705,0,7,4,4,0,0,26,1,37,2,3,0,0,0,4,0,0,3,0,0,0,0,0,0,0,0,0,1,-3,0,0,0,4,40,3,1,2,1,3,1,0,0,4,106,3,3,0,0,28,1,0,3,0,0,0,0,0,0,0,0,0,0,26;22;28,,,76,0,0,1,1,0,0,1,0,0,0,0,0,0,0,,0,0,0,0,0,0,0,0,0,0
2025,16,HOU,REG,2025_16_LV_HOU,LV,23,35,187,1,0,0,0,0,0,305,57,10,2.88589461173985,-1.51576531283996,0,7,4,2,0,26,83,0,1,0,4,-16.0165533908799,0,4,2,1,0,23,34,187,1,0,0,305,57,10,3.36041868515902,0,7,4,2,0,0,30,2,40,4,34,1,3,31,2,1,31,4,1,0,0,0,0,0,0,0,0,1,-11,0,0,0,4,29,3,0,1,0,1,0,2,19,4,88,3,3,0,0,55,1,0,0,0,1,2,0,0,0,0,0,0,0,55;50;49,,,154,0,0,2,2,0,0,1,0,0,0,0,0,5,0,57,258,1,1,0,0,0,4,23,0,235
2025,16,IND,REG,2025_16_SF_IND,SF,23,36,277,2,1,2,-23,1,0,337,127,13,-0.374877446894193,-3.31393447187212,0,13,7,2,0,20,58,1,0,0,4,-1.75839423300931,0,0,0,0,0,23,36,277,2,0,0,337,127,13,4.00600902924348,0,13,7,2,0,0,44,2,20,3,3,1,1,0,1,1,8,5,0,0,0,0,0,0,0,0,0,1,0,0,0,0,6,45,3,2,0,0,2,1,0,0,6,166,2,2,0,0,51,1,0,0,1,0,1,0,0,0,0,0,0,0,39;51,,,90,0,0,3,3,0,0,1,0,0,0,0,0,2,0,54,101,1,0,0,0,1,1,8,0,93
2025,16,JAX,REG,2025_16_JAX_DEN,DEN,23,36,279,3,0,5,-14,0,0,281,145,12,9.17898456061692,5.51107010671071,0,10,6,6,1,27,81,1,0,0,7,-3.218067428621,0,3,1,1,0,23,35,279,3,0,0,281,145,12,15.4559213069987,0,10,6,6,1,0,40,0,16,3,13,0,1,8,5,1,0,7,0,0,0,0,0,0,0,0,0,0,0,1,0,0,2,20,4,0,0,0,0,0,1,2,5,139,2,2,0,0,47,1,0,1,0,1,0,0,0,0,0,0,0,0,47;26,,,73,0,0,4,4,0,0,1,0,0,0,0,0,6,0,63,312,4,2,1,1,0,2,14,0,278
2025,16,KC,REG,2025_16_KC_TEN,TEN,14,24,126,0,0,4,-44,1,0,112,90,5,-11.1314965106357,-12.681263143366,0,5,3,2,0,15,51,0,0,0,3,-2.30617374152644,0,0,0,0,0,14,22,126,0,0,0,112,90,5,-4.4655390528423,0,5,3,2,0,0,39,2,52,3,18,1,2,16,5,0,0,0,0,1,0,0,0,0,0,0,0,2,0,0,0,0,10,59,6,1,1,0,2,0,2,31,4,95,3,4,1,0,54,0.75,0,1,0,1,1,0,0,0,0,0,1,0,54;41;27,51,,122,51,0,0,0,0,0,,0,0,0,0,0,5,0,54,219,1,0,0,0,2,3,23,0,196
2025,16,LA,REG,2025_16_LA_SEA,SEA,29,49,457,3,0,0,0,0,0,477,208,17,26.139787061896,-2.74462575713793,0,13,10,7,4,39,124,1,0,0,7,-4.68388556537684,0,0,0,0,0,29,48,457,3,0,0,477,208,17,26.4512396646308,0,13,10,7,4,0,33,0,24,3,17,1,4,26,7,2,66,4,0,0,0,0,0,0,0,0,0,0,0,1,0,0,8,54,5,0,0,0,0,0,1,31,6,127,3,4,1,0,41,0.75,0,2,0,1,0,0,0,0,0,1,0,0,23;28;41,48,,92,48,0,4,4,0,0,1,0,0,0,0,0,4,0,44,155,1,1,0,0,2,1,58,1,97
2025,16,LAC,REG,2025_16_LAC_DAL,DAL,23,29,300,2,0,0,0,0,0,269,90,15,23.7463215886047,18.7874282045024,0,13,5,5,1,33,152,2,1,0,9,0.55048062467105,0,4,3,1,0,23,28,300,2,0,0,269,90,15,24.1993681374834,0,13,5,5,1,0,34,0,32,2,9,1,1,6,3,0,0,3,0,0,0,0,0,0,0,0,0,1,0,1,11,0,4,34,3,1,0,0,1,0,0,0,4,77,2,2,0,0,37,1,0,1,1,0,0,0,0,0,0,0,0,0,37;27,,,64,0,0,4,4,0,0,1,0,0,0,0,0,1,0,55,55,1,0,0,0,1,0,0,0,55
2025,16,LV,REG,2025_16_LV_HOU,HOU,16,23,201,2,1,3,-31,0,0,190,98,8,1.66039536974859,4.94341443885456,0,6,2,2,1,27,145,1,0,0,3,-3.91171699471306,0,1,1,1,1,16,22,201,2,1,0,190,98,8,7.00362508196849,0,6,2,2,1,0,33,1,33,6,17,0,0,0,4,0,0,3,0,0,0,0,0,0,0,0,0,0,0,0,0,0,9,85,5,1,0,1,1,0,4,23,4,100,0,0,0,0,,,0,0,0,0,0,0,0,0,0,0,0,0,,,,0,0,0,3,3,0,0,1,0,0,0,0,0,7,0,52,293,3,2,1,0,2,2,19,0,274
2025,16,MIA,REG,2025_16_CIN_MIA,CIN,20,30,260,0,2,0,0,0,0,261,141,14,4.66953812883003,1.55168494273876,0,13,9,4,0,28,129,3,0,0,5,-4.70026260509621,0,2,1,1,1,20,29,260,0,2,1,261,141,14,2.24081369949272,0,13,9,4,0,0,29,0,50,2,8,0,2,11,5,0,0,2,0,0,0,0,0,0,0,0,0,1,3,0,0,0,3,20,2,2,0,0,2,1,0,0,8,218,0,0,0,0,,,0,0,0,0,0,0,0,0,0,0,0,0,,,,0,0,0,3,3,0,0,1,0,0,0,0,0,4,0,62,201,2,0,1,1,1,1,26,0,155
2025,16,MIN,REG,2025_16_MIN_NYG,NYG,16,23,160,0,1,4,-34,1,1,125,91,8,-8.8847944350172,2.01587171658226,0,7,3,2,0,31,114,1,0,0,7,3.84033713690587,0,2,2,0,0,16,23,160,0,0,0,125,91,8,3.24734549917031,0,7,3,2,0,0,29,1,37,6,23,0,5,20,6,1,15,4,0,0,0,0,0,0,0,0,0,0,0,0,0,0,11,90,2,1,0,0,1,1,1,12,2,50,3,3,0,0,43,1,0,0,2,1,0,0,0,0,0,0,0,0,43;31;30,,,104,0,0,1,1,0,0,1,0,0,0,0,0,1,0,29,29,0,0,0,0,0,1,5,0,24
2025,16,NE,REG,2025_16_NE_BAL,BAL,31,44,380,2,1,4,-6,2,1,474,104,17,13.3187393486524,12.4965979229836,1,12,10,9,0,23,79,1,1,0,6,-3.68111984559801,0,3,2,1,0,31,42,380,2,0,0,474,104,17,23.0178947071919,1,12,10,9,0,0,38,0,26,4,18,2,1,7,5,0,0,1,0,0,0,0,0,0,0,0,0,2,-7,2,0,0,5,50,4,2,1,0,3,1,0,0,3,89,2,2,0,0,45,1,0,0,0,2,0,0,0,0,0,0,0,0,45;41,,,86,0,0,2,2,0,0,1,0,0,0,0,0,1,0,49,49,0,0,0,0,0,1,11,0,38
2025,16,NO,REG,2025_16_NYJ_NO,NYJ,33,50,346,2,0,3,-18,0,0,422,176,17,8.78860004299522,-0.228297456781915,0,14,6,4,0,25,84,0,1,1,6,-9.27843238489004,0,1,1,0,0,33,47,346,2,0,0,422,176,17,14.2323208500022,0,14,6,4,0,0,32,1,39,11,62,1,8,57,9,1,29,6,0,0,0,0,0,0,0,0,0,0,0,1,0,0,3,30,3,1,0,0,1,1,2,10,2,44,5,6,1,0,50,0.833333333333333,0,0,3,1,1,0,0,0,0,0,0,1,35;49;36;50;39,61,,209,61,0,2,2,0,0,1,0,0,0,0,0,1,0,46,46,0,0,1,0,0,0,0,0,46
2025,16,NYG,REG,2025_16_MIN_NYG,MIN,7,13,33,0,1,5,-20,0,0,84,19,1,-17.0581953036935,-17.3429523523037,0,1,0,0,0,30,128,0,0,0,7,-1.13605845527491,0,2,2,0,0,7,13,33,0,0,0,84,19,1,-7.61019224469863,0,1,0,0,0,0,34,0,28,7,37,1,4,34,9,1,0,5,0,0,0,0,0,0,0,0,0,0,0,1,27,1,11,74,3,0,0,0,0,0,1,5,5,127,2,2,0,0,39,1,0,1,1,0,0,0,0,0,0,0,0,0,27;39,,,66,0,0,1,1,0,0,1,0,0,0,0,0,2,0,51,91,0,0,0,0,1,1,12,0,79
2025,16,NYJ,REG,2025_16_NYJ_NO,NO,22,35,188,0,1,8,-57,1,1,163,154,6,-21.2872656167221,-11.8227867519154,0,7,4,2,0,20,64,0,0,0,5,-1.17288678820478,0,0,0,0,0,22,34,188,0,0,0,163,154,6,-4.83345962509898,0,7,4,2,0,0,43,0,38,3,20,1,3,18,5,0,0,2,0,0,0,0,0,0,0,0,0,0,0,1,0,0,7,54,4,1,0,0,1,1,0,0,2,76,2,2,0,0,36,1,0,1,1,0,0,0,0,0,0,0,0,0,29;36,,,65,0,0,0,0,0,0,,0,0,0,0,0,5,0,55,231,3,0,0,0,3,2,10,0,221
2025,16,PHI,REG,2025_16_PHI_WAS,WAS,22,30,185,2,0,2,-7,1,0,201,80,11,7.48114916545311,7.54766669766656,0,5,3,1,0,34,207,2,0,0,12,8.92349083370948,1,7,6,2,1,22,29,185,2,0,0,201,80,11,10.1912561180347,0,5,3,1,0,0,29,1,25,5,13,0,2,8,4,1,11,6,0,0,0,0,0,0,0,0,0,1,0,0,0,0,5,61,4,2,0,0,2,1,1,11,3,66,0,2,2,0,,0,0,0,0,0,0,0,0,0,0,1,1,0,,43;52,,0,95,0,3,3,0,0,1,0,0,0,0,0,2,0,49,87,1,1,0,0,0,1,0,0,87
2025,16,PIT,REG,2025_16_PIT_DET,DET,27,41,266,1,0,2,-15,0,0,335,121,14,11.0238373013166,-1.3820029403034,0,10,5,2,1,27,230,2,0,0,8,8.73312712297775,0,7,5,4,2,27,38,266,1,1,1,335,121,14,13.0320890309889,0,10,5,2,1,0,38,1,27,7,27,1,3,18,9,0,0,6,0,0,1,0,0,0,0,0,0,0,0,0,0,0,8,89,5,1,0,0,1,1,1,9,4,99,2,3,1,0,59,0.666666666666667,0,1,0,0,1,0,0,0,1,0,0,0,59;23,37,,82,37,0,3,3,0,0,1,0,0,0,0,0,3,0,54,150,1,0,0,0,0,3,16,0,134
2025,16,SEA,REG,2025_16_LA_SEA,LA,22,34,270,2,2,4,-26,0,0,202,153,11,-2.73390941024968,1.34449293536525,2,11,7,5,1,25,171,2,0,0,9,9.25960578474053,1,3,3,2,1,22,31,270,2,1,1,202,153,11,-2.68226012485661,2,11,7,5,1,1,43,1,59,2,2,0,0,0,4,0,0,3,0,0,0,0,0,0,0,0,0,0,0,0,0,0,5,40,7,1,0,0,1,1,1,58,0,0,0,0,0,0,,,0,0,0,0,0,0,0,0,0,0,0,0,,,,0,0,0,2,2,0,0,1,0,0,0,0,0,5,0,57,240,3,1,0,0,3,1,31,0,209
2025,16,SF,REG,2025_16_SF_IND,IND,25,34,295,5,1,1,0,1,0,324,65,20,20.5293887495236,12.4163142659447,0,16,8,5,0,31,145,0,0,0,8,1.79969202232314,0,4,3,1,0,25,33,295,5,0,0,324,65,20,21.8658336145044,0,16,8,5,0,0,31,0,36,3,24,2,2,23,4,1,74,7,1,0,0,0,0,0,0,0,0,1,3,1,0,0,2,36,3,1,0,0,1,0,1,8,6,167,2,3,1,0,38,0.666666666666667,0,1,1,0,0,0,0,0,0,0,0,1,25;38,64,,63,64,0,6,6,0,0,1,0,0,0,0,0,0,0,,0,0,0,0,0,0,0,0,0,0
2025,16,TB,REG,2025_16_TB_CAR,CAR,18,26,145,1,1,2,-18,0,0,151,55,9,2.84069157735134,1.35970652103424,0,5,1,1,1,33,169,1,0,0,8,3.57056947676399,0,4,4,3,0,18,25,145,1,0,0,151,55,9,6.82636044340325,0,5,1,1,1,0,31,1,23,4,21,0,2,17,9,0,0,5,0,0,0,0,0,0,0,0,0,0,0,0,0,0,8,56,2,0,0,0,0,0,1,7,5,137,2,2,0,0,50,1,0,1,0,0,1,0,0,0,0,0,0,0,23;50,,,73,0,0,2,2,0,0,1,0,0,0,0,0,3,0,47,134,1,0,0,0,0,3,33,0,101
2025,16,TEN,REG,2025_16_KC_TEN,KC,21,28,228,2,0,2,-16,0,0,163,135,11,6.7691199562978,10.4373563219,0,7,4,4,0,40,164,1,1,0,9,-4.96137932297268,0,6,2,0,0,21,27,228,2,0,0,163,135,11,11.7809909982607,0,7,4,4,0,0,30,0,16,7,38,1,4,44,5,0,0,5,0,0,1,0,0,0,0,0,0,1,0,0,0,0,12,82,2,1,0,0,1,0,3,23,5,122,1,1,0,0,27,1,0,1,0,0,0,0,0,0,0,0,0,0,27,,,27,0,0,3,3,0,0,1,0,0,0,0,0,3,0,53,143,2,0,0,0,1,2,31,0,112
2025,16,WAS,REG,2025_16_PHI_WAS,PHI,12,23,138,0,1,2,-8,0,0,171,65,7,-7.9614455767338,-8.99866804480553,0,4,3,3,1,26,90,2,1,0,7,1.5841738276796,1,2,2,1,0,12,20,138,0,0,0,171,65,7,-3.22444339264313,0,4,3,3,1,0,48,0,20,4,9,2,2,7,1,0,0,2,0,0,0,0,0,0,0,0,0,1,-4,1,0,0,5,44,5,0,1,0,1,0,1,0,5,124,1,1,0,0,20,1,0,1,0,0,0,0,0,0,0,0,0,0,20,,,20,0,0,1,1,0,0,1,0,0,0,0,0,5,0,56,220,2,0,0,1,3,1,11,0,189
2025,17,ARI,REG,2025_17_ARI_CIN,CIN,21,37,212,2,0,4,-21,0,0,285,118,9,-0.766520030156244,-5.66900977066585,0,8,3,2,0,13,42,0,0,0,3,-1.68585139745846,0,1,0,0,0,21,35,212,2,0,0,285,118,9,5.76215697056614,0,8,3,2,0,0,37,0,48,3,13,0,3,20,5,0,0,4,0,0,0,0,0,0,0,0,0,0,0,0,0,0,6,51,2,0,0,0,0,0,1,5,6,159,0,0,0,0,,,0,0,0,0,0,0,0,0,0,0,0,0,,,,0,0,0,2,2,0,0,1,0,0,0,0,0,6,0,63,326,3,1,0,0,0,5,56,0,270
2025,17,ATL,REG,2025_17_LA_ATL,LA,13,20,126,1,0,0,0,0,0,167,57,9,4.92349586931965,0.496985763311386,0,6,2,2,0,33,219,1,0,0,5,1.20562602217568,0,3,2,2,1,13,20,126,1,0,0,167,57,9,4.92349586931965,0,6,2,2,0,0,38,0,22,4,23,0,3,21,5,3,66,8,1,0,0,0,0,0,0,0,0,0,0,0,0,0,7,42,5,0,0,0,0,0,0,0,4,93,2,3,0,1,56,0.666666666666667,0,0,0,0,2,0,0,0,0,0,0,0,56;51,,37,107,0,37,3,3,0,0,1,0,0,0,0,0,5,0,61,246,3,0,0,0,2,3,23,0,223
2025,17,BAL,REG,2025_17_BAL_GB,GB,16,20,107,1,0,1,0,0,0,80,53,6,6.45927286919653,10.441548153758,0,3,0,0,0,53,307,4,0,0,22,19.2924188567267,0,6,6,3,0,16,20,107,1,0,0,80,53,6,7.44613983566854,0,3,0,0,0,0,24,0,32,1,3,0,2,12,4,1,6,1,0,0,0,0,0,0,0,0,0,0,0,1,0,0,6,45,3,0,0,0,0,0,0,0,4,96,2,2,0,0,34,1,0,1,1,0,0,0,0,0,0,0,0,0,22;34,,,56,0,0,5,5,0,0,1,0,0,0,0,0,1,0,42,42,1,0,0,0,1,0,0,0,42
2025,17,BUF,REG,2025_17_PHI_BUF,PHI,23,35,262,0,0,5,-51,1,1,251,95,11,-9.43362353292457,-0.393228819876006,0,9,4,4,1,33,120,2,1,0,7,0.621562707325211,0,3,1,0,0,23,33,262,0,0,0,251,95,11,7.200458847292,0,9,4,4,1,0,31,0,18,4,9,0,1,2,4,0,0,3,0,0,0,0,0,0,0,0,0,1,-6,0,0,0,4,40,5,1,1,0,2,1,3,50,3,84,0,0,0,0,,,0,0,0,0,0,0,0,0,0,0,0,0,,,,0,0,0,0,1,0,1,0,0,0,0,0,0,6,0,49,262,3,0,0,1,4,1,8,0,234
2025,17,CAR,REG,2025_17_SEA_CAR,SEA,14,24,54,0,1,2,-14,0,0,43,71,3,-21.0835844328976,-7.1114406699226,0,0,0,0,0,26,99,1,1,1,6,-7.68520178723241,0,3,0,0,0,14,21,54,0,0,0,43,71,3,-16.9482896937989,0,0,0,0,0,0,35,1,41,5,30,1,3,22,4,1,0,4,0,1,0,0,0,0,0,0,0,1,0,1,3,0,3,20,6,2,0,0,2,1,0,0,5,118,1,1,0,0,35,1,0,0,1,0,0,0,0,0,0,0,0,0,35,,,35,0,0,1,1,0,0,1,0,0,0,0,0,3,0,58,141,2,0,0,0,2,1,13,0,128
2025,17,CHI,REG,2025_17_CHI_SF,SF,25,42,330,2,0,0,0,0,0,303,130,16,17.8596808781491,-2.68440498755528,0,15,7,6,0,22,110,2,0,0,7,4.7344176901388,0,2,2,1,0,25,39,330,2,0,0,303,130,16,19.2201473576475,0,14,7,6,0,0,40,1,37,3,10,0,1,7,1,1,34,6,1,0,0,0,0,0,0,0,0,0,0,0,0,0,7,39,5,0,0,0,0,0,0,0,4,102,1,1,0,0,29,1,0,1,0,0,0,0,0,0,0,0,0,0,29,,,29,0,0,5,5,0,0,1,0,0,0,0,0,3,0,64,176,1,0,0,1,0,2,11,0,145
2025,17,CIN,REG,2025_17_ARI_CIN,ARI,27,36,329,2,0,3,-20,0,0,268,188,17,18.6204052868431,11.8703856612697,0,15,6,4,0,35,120,3,0,0,10,5.1963779872749,0,2,2,1,0,27,33,329,2,0,0,268,188,17,24.8929320467302,0,15,6,4,0,0,28,0,26,4,21,0,4,21,8,0,0,6,0,0,0,0,0,0,0,0,0,0,0,0,0,0,5,38,2,0,0,0,0,0,5,56,1,28,1,1,0,0,57,1,0,0,0,0,1,0,0,0,0,0,0,0,57,,,57,0,0,4,5,1,0,0.8,0,0,0,0,0,2,0,43,85,1,0,1,0,0,1,5,0,80
2025,17,CLE,REG,2025_17_PIT_CLE,PIT,17,23,186,1,2,2,-2,0,0,189,49,9,-5.50395237866573,7.93348447136257,0,9,4,2,1,25,78,0,0,0,1,-5.94545989713447,0,1,0,0,0,17,23,186,1,0,0,189,49,9,-3.52986713873937,0,9,4,2,1,0,39,2,28,7,24,3,2,8,5,0,0,4,0,0,0,0,0,0,0,0,0,0,0,0,0,0,6,45,2,0,0,0,0,0,0,0,1,25,2,2,0,0,50,1,0,0,1,0,1,0,0,0,0,0,0,0,50;33,,,83,0,0,1,1,0,0,1,0,0,0,0,0,4,0,64,228,0,1,0,0,1,2,34,0,194
2025,17,DAL,REG,2025_17_DAL_WAS,WAS,19,37,307,2,0,6,-38,0,0,382,151,13,11.7382092066109,-10.9616221653091,0,11,7,4,1,44,211,1,0,0,10,6.77393222659888,0,3,3,1,0,19,36,307,2,0,0,382,151,13,16.361075887619,0,11,7,4,1,0,20,3,29,6,20,0,2,8,6,0,0,3,0,0,0,0,0,0,0,0,0,0,0,0,0,0,11,89,5,0,0,0,0,0,0,0,5,115,3,4,1,0,52,0.75,0,0,0,1,2,0,0,0,0,0,1,0,42;52;51,58,,145,58,0,3,3,0,0,1,0,0,0,0,0,1,0,53,53,0,0,0,0,0,1,0,0,53
2025,17,DEN,REG,2025_17_DEN_KC,KC,26,38,182,1,1,1,-7,0,0,206,100,12,2.93159518284506,3.61819694171081,0,5,2,1,0,32,128,1,0,0,9,3.82582020544214,0,3,2,0,0,26,37,182,1,0,0,206,100,12,5.31845205473497,0,5,2,1,0,0,27,0,20,2,7,0,1,9,7,0,0,1,0,0,0,0,0,0,0,0,0,0,0,0,0,0,5,57,3,0,0,0,0,0,1,8,2,61,2,2,0,0,30,1,0,1,1,0,0,0,0,0,0,0,0,0,27;30,,,57,0,0,2,2,0,0,1,0,0,0,0,0,2,0,58,103,1,0,0,0,0,2,55,0,48
2025,17,DET,REG,2025_17_DET_MIN,MIN,18,29,197,1,2,5,-34,1,1,199,86,12,-7.94251879655706,-9.00653292392862,0,11,4,3,0,30,68,0,3,3,4,-21.7354320889572,0,0,0,0,0,18,29,197,1,0,0,199,86,12,3.74059934522308,0,11,4,3,0,0,29,0,30,6,48,0,6,44,8,0,0,2,0,0,0,0,0,0,0,0,0,0,-14,0,0,0,5,25,5,2,2,0,4,4,5,31,4,116,1,1,0,0,48,1,0,0,0,1,0,0,0,0,0,0,0,0,48,,,48,0,0,1,1,0,0,1,0,0,0,0,0,3,0,70,159,2,1,0,1,1,0,0,0,139
2025,17,GB,REG,2025_17_BAL_GB,BAL,19,25,296,1,1,2,-12,0,0,291,82,12,11.3700319891796,12.3798352479935,0,10,6,6,1,17,79,2,1,1,4,-6.61589749830031,0,4,2,1,0,19,25,296,1,0,0,291,82,12,14.10289530101,0,10,6,6,1,0,49,0,40,2,7,0,1,0,4,0,0,2,0,0,0,0,0,0,0,0,0,0,-4,0,0,0,5,38,3,0,1,0,1,1,0,0,7,163,1,1,0,0,24,1,0,1,0,0,0,0,0,0,0,0,0,0,24,,,24,0,0,3,3,0,0,1,0,0,0,0,0,0,0,,0,0,0,0,0,0,0,0,0,0
2025,17,HOU,REG,2025_17_HOU_LAC,LAC,16,28,244,2,2,0,0,0,0,256,107,8,-4.72669939270786,-7.46304450126795,0,9,4,3,2,34,118,0,0,0,5,-6.27917531668209,0,2,1,0,0,16,26,244,2,1,0,256,107,8,-2.49613413906268,0,9,4,3,2,0,37,2,28,8,36,1,5,35,8,1,0,5,0,0,0,0,0,0,0,0,0,0,0,0,0,0,8,70,2,1,0,1,1,0,1,4,4,78,2,2,0,0,44,1,0,0,0,2,0,0,0,0,0,0,0,0,41;44,,,85,0,0,2,2,0,0,1,0,0,0,0,0,5,0,56,252,4,0,1,0,2,2,13,0,239
2025,17,IND,REG,2025_17_JAX_IND,JAX,17,31,147,1,2,2,-12,0,0,288,49,9,-12.0208114350755,-9.68868711899067,0,6,3,0,0,22,69,1,0,0,5,0.919361969456077,0,1,0,0,0,17,29,147,1,0,0,288,49,9,-5.25262786419642,0,6,3,0,0,0,45,0,26,6,29,0,2,14,7,1,0,7,0,0,0,0,0,0,0,0,0,0,0,1,0,0,5,45,4,0,0,0,0,0,1,0,3,129,1,1,0,0,33,1,0,0,1,0,0,0,0,0,0,0,0,0,33,,,33,0,0,2,2,0,0,1,0,0,0,0,0,4,0,54,192,2,0,0,0,1,3,10,0,182
2025,17,JAX,REG,2025_17_JAX_IND,IND,23,37,263,0,1,2,-14,0,0,362,93,12,6.40749406307772,-0.225233790036794,0,10,7,4,0,29,121,2,0,0,9,-0.58257878487998,0,5,3,0,0,23,37,263,0,1,1,362,93,12,3.53597952593885,0,10,7,4,0,0,27,0,28,4,15,0,2,12,5,2,13,8,0,0,0,0,0,0,0,0,0,0,0,0,0,0,6,55,5,0,1,0,1,1,3,10,4,120,3,3,0,0,53,1,0,0,1,1,1,0,0,0,0,0,0,0,34;42;53,,,129,0,0,2,2,0,0,1,0,0,0,0,0,2,0,66,127,1,0,0,1,0,1,0,0,107
2025,17,KC,REG,2025_17_DEN_KC,DEN,13,22,66,1,0,1,-9,0,0,112,34,4,-8.53884239183909,-1.79604783654213,0,3,0,0,0,19,82,0,0,0,5,0.195573752658675,0,2,2,0,0,13,20,66,1,0,0,112,34,4,-6.18062910551608,0,3,0,0,0,0,40,1,35,4,17,0,1,7,6,1,0,5,0,0,0,0,0,0,0,0,0,1,0,0,0,0,2,10,3,0,1,0,1,0,2,55,3,76,2,2,0,0,53,1,0,0,0,1,1,0,0,0,0,0,0,0,53;47,,,100,0,0,1,1,0,0,1,0,0,0,0,0,3,0,62,171,1,0,0,2,0,1,8,0,123
2025,17,LA,REG,2025_17_LA_ATL,ATL,22,38,269,2,3,3,-21,0,0,513,120,10,-2.7485058022919,-3.05212496055497,0,12,6,4,0,20,115,0,0,0,5,-3.57214679010212,0,3,3,2,0,22,36,269,2,0,0,513,120,10,2.64238110987935,0,12,6,4,0,1,25,2,48,3,5,0,0,0,7,0,0,1,0,0,0,0,0,1,0,0,76,0,0,0,0,0,4,35,3,0,0,0,0,0,3,23,3,80,1,1,0,0,35,1,0,0,1,0,0,0,0,0,0,0,0,0,35,,,35,0,0,3,3,0,0,1,0,0,0,0,0,2,0,50,90,1,0,1,0,1,0,0,0,90
2025,17,LAC,REG,2025_17_HOU_LAC,HOU,21,32,236,1,1,5,-35,1,0,280,112,11,-8.8967715913491,1.1519169615161,0,8,7,3,1,22,74,1,1,0,2,-3.8062623689184,0,1,1,1,0,21,31,236,1,0,0,280,112,11,1.67346582191097,0,8,7,3,1,0,33,1,33,5,13,1,0,0,1,2,7,5,0,0,0,0,0,0,0,0,0,2,0,0,0,0,3,25,6,1,1,0,2,0,2,13,3,83,1,2,1,0,27,0.5,0,1,0,0,0,0,0,0,1,0,0,0,27,32,,27,32,0,1,2,1,0,0.5,0,0,0,0,0,7,0,49,273,1,2,1,0,3,1,4,0,269
2025,17,LV,REG,2025_17_NYG_LV,NYG,22,30,192,1,2,4,-24,0,0,167,100,8,-6.14700387087149,9.1897223676954,0,8,3,1,0,20,63,0,0,0,5,-5.44609873613808,0,3,2,1,0,22,28,192,1,0,0,167,100,8,2.41815886733821,0,8,3,1,0,0,41,0,26,4,25,0,2,19,7,0,0,4,0,0,0,0,0,0,0,0,0,0,0,0,0,0,5,41,3,0,0,0,0,0,2,1,2,52,1,1,0,0,42,1,0,0,0,1,0,0,0,0,0,0,0,0,42,,,42,0,0,1,1,0,0,1,0,0,0,0,0,3,0,63,171,1,1,0,0,0,2,18,0,153
2025,17,MIA,REG,2025_17_TB_MIA,TB,14,22,172,2,0,2,-19,0,0,196,109,6,4.75685915748536,0.392171469601718,0,6,4,3,1,30,145,0,1,0,7,-0.508132886386544,0,4,3,1,0,14,22,172,2,0,0,196,109,6,6.67955810089543,0,6,4,3,1,0,40,1,29,6,24,1,3,19,4,2,45,6,0,0,0,0,0,1,0,0,0,0,0,1,0,0,10,77,2,0,1,1,1,0,0,0,1,47,2,2,0,0,31,1,0,1,1,0,0,0,0,0,0,0,0,0,29;31,,,60,0,0,2,2,0,0,1,0,0,0,0,0,5,0,58,236,1,1,1,0,1,2,27,0,209
2025,17,MIN,REG,2025_17_DET_MIN,DET,9,16,51,0,0,7,-48,1,0,67,29,2,-17.5610228633736,-9.38992244856698,0,2,0,0,0,28,158,2,0,0,6,3.41489016402762,0,3,1,1,1,9,14,51,0,0,0,67,29,2,-4.33187675965019,0,2,0,0,0,0,39,1,39,8,37,2,5,34,8,2,1,5,0,0,0,0,0,0,0,0,0,1,0,4,0,0,3,20,6,0,1,0,1,0,0,0,1,24,3,3,0,0,56,1,0,0,0,1,2,0,0,0,0,0,0,0,52;56;42,,,150,0,0,2,2,0,0,1,0,0,0,0,0,7,0,63,358,2,0,0,2,0,5,31,0,287
2025,17,NE,REG,2025_17_NE_NYJ,NYJ,22,25,286,5,0,1,-1,0,0,220,137,16,28.1174342208676,26.035621881485,0,13,7,6,0,36,155,1,0,0,9,1.14120747940615,0,6,4,1,0,22,25,286,5,0,0,220,137,16,28.8829422930855,0,13,7,6,0,0,37,1,27,5,23,0,1,12,5,1,0,3,0,0,0,0,0,0,0,0,0,0,0,0,0,0,2,20,3,0,0,0,0,0,0,0,3,77,0,1,1,0,,0,0,0,0,0,0,0,0,0,0,1,0,0,,41,,0,41,0,6,6,0,0,1,0,0,0,0,0,2,0,48,93,0,0,0,0,2,0,0,0,93
2025,17,NO,REG,2025_17_NO_TEN,TEN,22,27,333,2,0,2,-13,1,0,282,168,11,18.1681333048045,19.8236294366695,0,10,9,6,1,23,103,1,0,0,5,1.21788827795535,0,2,2,1,0,22,27,333,2,1,1,282,168,11,16.1667414698194,0,10,9,6,1,0,37,1,31,6,18,2,4,23,8,0,0,7,0,0,0,0,0,0,0,0,0,1,0,1,33,1,6,84,3,2,0,0,2,1,2,22,5,126,2,3,1,0,57,0.666666666666667,0,0,0,0,2,0,0,0,0,1,0,0,56;57,43,,113,43,0,4,4,0,0,1,0,0,0,0,0,3,0,41,96,0,1,1,0,0,1,7,0,89
2025,17,NYG,REG,2025_17_NYG_LV,LV,22,30,207,0,0,2,-19,0,0,157,121,9,2.98345338623146,4.89984319127839,0,7,4,2,0,31,155,3,0,0,11,11.3699606237933,0,6,4,2,0,22,29,207,0,0,0,157,121,9,6.83770781452874,0,7,4,2,0,1,34,2,28,9,40,0,4,24,9,2,55,5,0,0,0,0,0,0,0,0,0,0,0,0,0,0,8,58,1,0,0,0,0,0,2,18,2,113,2,2,0,0,32,1,0,1,1,0,0,0,0,0,0,0,0,0,32;23,,,55,0,0,4,4,0,0,1,0,0,0,0,0,2,0,44,88,1,0,0,0,0,2,1,0,87
2025,17,NYJ,REG,2025_17_NE_NYJ,NE,20,34,155,0,1,1,-12,0,0,150,98,6,-12.2993907788052,-5.962891317904,0,5,3,1,0,28,164,1,0,0,7,-0.194025617965963,0,4,4,1,1,20,32,155,0,0,0,150,98,6,-10.0015050484664,0,5,3,1,0,0,39,2,26,5,7,0,1,1,3,0,0,2,0,0,0,0,0,0,0,0,0,1,-1,0,0,0,5,53,4,0,1,0,1,0,0,0,4,114,1,1,0,0,39,1,0,0,1,0,0,0,0,0,0,0,0,0,39,,,39,0,0,1,1,0,0,1,0,0,0,0,0,2,0,50,98,2,0,0,0,2,0,0,0,98
2025,17,PHI,REG,2025_17_PHI_BUF,BUF,13,27,110,1,0,1,-2,0,0,258,30,6,-5.00383632252552,-2.09939141165126,0,4,2,1,0,26,82,0,0,0,4,-1.72839623480104,0,2,1,0,0,13,22,110,1,0,0,258,30,6,0.999969460120419,0,4,2,1,0,0,47,1,29,7,53,1,5,51,6,0,0,3,0,0,0,0,1,0,0,0,0,0,0,1,0,0,3,36,4,0,0,0,0,0,1,8,2,49,2,2,0,0,47,1,0,1,0,1,0,0,0,0,0,0,0,0,47;28,,,75,0,0,1,1,0,0,1,0,0,0,0,0,7,0,65,388,2,1,1,1,1,3,50,0,318
2025,17,PIT,REG,2025_17_PIT_CLE,CLE,21,39,168,0,0,2,-8,1,0,228,88,9,-12.2883411615241,-9.12314895037058,0,7,2,2,0,24,131,0,1,0,5,-0.46160552528454,0,4,4,1,0,21,37,168,0,1,0,228,88,9,-9.9340360840322,0,7,2,2,0,0,28,1,29,5,5,0,2,2,4,2,27,4,0,0,0,0,0,0,0,0,0,3,0,0,0,0,4,34,6,3,0,0,3,0,2,34,2,46,2,3,1,0,44,0.666666666666667,0,0,0,2,0,0,0,0,0,0,1,0,44;40,54,,84,54,0,0,0,0,0,,0,0,0,0,0,5,0,52,203,5,0,1,0,4,0,0,0,203
2025,17,SEA,REG,2025_17_SEA_CAR,CAR,18,27,147,1,1,3,-22,1,1,141,73,8,-7.61429640866843,0.747405909574949,0,7,3,0,0,36,163,2,0,0,9,0.38762353308266,0,5,4,2,0,18,26,147,1,1,0,141,73,8,4.43005363665727,0,7,3,0,0,0,31,0,26,5,21,2,2,14,4,1,26,3,0,0,0,0,0,0,0,0,0,2,0,1,0,0,4,40,3,1,2,0,3,1,1,13,2,54,2,2,0,0,48,1,0,0,1,1,0,0,0,0,0,0,0,0,48;30,,,78,0,0,3,3,0,0,1,0,0,0,0,0,2,0,53,88,0,1,0,0,1,0,0,0,88
2025,17,SF,REG,2025_17_CHI_SF,CHI,24,33,303,3,1,1,-7,0,0,253,108,17,12.7213256027317,5.03304916800875,0,12,7,5,0,34,200,3,0,0,13,6.65546554105822,0,6,4,1,1,24,33,303,3,0,0,253,108,17,13.9481669095112,0,12,7,5,0,0,34,1,23,4,9,0,0,0,3,0,0,5,0,0,0,0,0,0,0,0,0,0,0,0,0,0,5,55,4,0,0,0,0,0,2,11,4,92,0,0,0,0,,,0,0,0,0,0,0,0,0,0,0,0,0,,,,0,0,0,6,6,0,0,1,0,0,0,0,0,2,0,49,81,2,0,0,0,2,0,0,0,81
2025,17,TB,REG,2025_17_TB_MIA,MIA,33,44,346,2,2,3,-19,2,1,360,205,14,1.74522884231285,9.29901247674769,0,11,6,3,1,16,53,0,0,0,5,0.464036125689745,0,2,1,0,0,33,44,346,2,0,0,360,205,14,9.26347588442818,0,11,6,3,1,0,30,1,27,6,38,0,2,19,3,0,0,3,0,0,0,0,0,0,0,0,0,1,0,0,0,0,5,45,6,1,1,0,2,1,2,27,3,75,1,2,0,1,33,0.5,0,0,1,0,0,0,0,0,0,0,0,0,33,,55,33,0,55,2,2,0,0,1,0,0,0,0,0,3,0,58,126,2,0,2,0,1,0,0,0,126
2025,17,TEN,REG,2025_17_NO_TEN,NO,21,40,251,2,0,4,-23,1,1,373,82,12,-8.58679033683069,-0.292186439037323,0,8,4,4,1,28,108,0,0,0,5,-4.42975004241453,0,2,1,1,0,21,35,251,2,0,0,373,82,12,9.82152122064348,0,8,4,4,1,0,40,1,21,4,13,2,2,13,6,0,0,1,0,0,0,0,0,0,0,0,0,1,0,1,0,0,4,35,3,2,0,0,2,1,1,7,1,33,4,4,0,0,58,1,0,1,1,0,2,0,0,0,0,0,0,0,50;38;28;58,,,174,0,0,2,2,0,0,1,0,0,0,0,0,3,0,61,151,0,0,0,1,0,2,22,0,109
2025,17,WAS,REG,2025_17_DAL_WAS,DAL,15,23,198,0,0,2,-8,0,0,167,98,10,3.36841740839437,4.83795674074264,0,9,4,2,1,16,138,2,0,0,4,3.45417875359999,0,4,3,2,1,15,21,198,0,0,0,167,98,10,7.96186775162445,0,9,4,2,1,0,45,0,50,4,21,0,6,38,11,0,0,8,0,0,0,0,0,0,0,0,0,0,0,0,0,0,10,71,6,0,0,0,0,0,1,0,5,123,3,3,0,0,51,1,0,2,0,0,1,0,0,0,0,0,0,0,29;23;51,,,103,0,0,2,2,0,0,1,0,0,0,0,0,3,0,53,130,3,0,1,0,2,0,0,0,130
2025,18,ARI,REG,2025_18_ARI_LA,LA,23,32,271,2,1,6,-33,1,1,251,110,13,1.3142586071866,14.1673177480698,0,10,5,5,1,15,79,0,0,0,4,0.603684667847119,0,3,2,0,0,23,28,271,2,0,0,251,110,13,16.5971969022648,0,10,5,5,1,0,37,2,36,4,10,0,1,7,4,0,0,4,0,0,0,0,0,0,0,0,0,0,0,0,0,0,6,45,5,1,0,0,1,1,2,27,3,49,2,2,0,0,56,1,0,0,0,1,1,0,0,0,0,0,0,0,45;56,,,101,0,0,2,2,0,0,1,0,0,0,0,0,2,0,57,109,1,0,0,0,1,1,9,0,100
2025,18,ATL,REG,2025_18_NO_ATL,NO,18,32,180,1,1,4,-21,0,0,221,71,11,-5.5532181065601,-6.60364041725795,0,9,1,1,0,25,49,0,0,0,2,-10.255539907697,0,1,1,0,0,18,30,180,1,0,0,221,71,11,1.71357802587313,0,9,1,1,0,0,35,1,43,6,29,1,4,27,4,1,59,8,0,0,0,1,0,0,0,0,3,0,0,1,5,0,5,42,3,0,0,0,0,0,3,26,3,73,4,4,0,0,51,1,0,0,2,1,1,0,0,0,0,0,0,0,40;51;38;38,,,167,0,0,1,1,0,0,1,0,0,0,0,0,4,0,69,229,2,0,1,0,0,3,28,0,201
2025,18,BAL,REG,2025_18_BAL_PIT,PIT,11,18,238,3,1,3,-16,0,0,177,91,5,8.69968816711329,2.57767920984941,0,5,4,4,2,27,137,0,0,0,6,-1.84044685067406,0,3,3,2,1,11,17,238,3,0,0,177,91,5,13.5065475766314,0,5,4,4,2,0,42,1,35,3,6,0,2,4,3,0,0,5,0,0,0,0,1,0,0,0,0,0,0,0,0,0,9,78,3,0,0,0,0,0,0,0,5,130,1,2,1,0,40,0.5,0,0,0,1,0,0,0,0,0,1,0,0,40,44,,40,44,0,3,3,0,0,1,0,1,1,0,44,4,0,54,191,3,0,2,0,0,2,11,0,180
2025,18,BUF,REG,2025_18_NYJ_BUF,NYJ,22,29,259,4,0,0,0,0,0,199,120,16,22.4849790778828,12.694396504334,1,11,7,4,0,43,211,1,0,0,13,-1.18959453652496,0,6,5,1,0,22,28,259,4,0,0,199,120,16,24.2335916284358,1,11,7,4,0,0,21,3,29,5,14,0,1,7,4,0,0,2,0,0,0,0,0,0,0,0,0,0,0,0,0,0,3,28,1,0,0,0,0,0,1,2,1,22,0,0,0,0,,,0,0,0,0,0,0,0,0,0,0,0,0,,,,0,0,0,3,3,0,0,1,0,0,0,0,0,0,0,,0,0,0,0,0,0,0,0,0,0
2025,18,CAR,REG,2025_18_CAR_TB,TB,24,35,266,2,1,0,0,0,0,253,91,13,6.42385014375361,11.2563026944796,0,12,6,3,1,14,19,0,2,1,1,-7.38239190418972,0,0,0,0,0,24,30,266,2,0,0,253,91,13,9.20363721017531,0,12,6,3,1,0,41,1,39,5,15,1,2,5,4,1,20,3,0,0,0,0,0,1,0,0,0,1,-16,0,0,0,5,46,4,0,3,0,3,2,2,3,0,0,0,1,1,0,,0,0,0,0,0,0,0,0,0,0,0,1,0,,54,,0,54,0,2,2,0,0,1,0,0,0,0,0,3,0,50,139,1,0,1,1,1,0,0,0,119
2025,18,CHI,REG,2025_18_DET_CHI,DET,20,33,212,2,1,1,-7,0,0,260,98,10,-1.44315143457777,0.059882011906854,1,11,3,2,0,18,65,0,0,0,4,0.397715166691458,1,2,0,0,0,20,29,212,2,0,0,260,98,10,4.70394047985622,1,11,3,2,0,0,47,1,27,3,19,0,3,20,8,1,21,6,0,0,0,0,0,0,0,0,0,1,0,0,0,0,4,25,2,0,1,0,1,0,1,15,4,106,0,0,0,0,,,0,0,0,0,0,0,0,0,0,0,0,0,,,,0,0,0,0,0,0,0,,0,0,0,0,0,4,0,54,178,0,0,0,0,1,3,33,0,145
2025,18,CIN,REG,2025_18_CLE_CIN,CLE,29,39,236,3,1,2,-14,0,0,193,132,16,-3.44213337778626,6.81259890920238,0,10,4,3,0,25,142,0,0,0,8,4.89787160645938,0,2,2,0,0,29,38,236,3,1,1,193,132,16,-9.04441686476627,0,10,4,3,0,0,33,0,26,4,29,1,6,29,9,0,0,5,0,0,0,0,0,0,0,0,0,0,0,1,0,0,6,40,5,1,0,0,1,1,3,13,4,99,0,0,0,0,,,0,0,0,0,0,0,0,0,0,0,0,0,,,,0,0,0,0,2,1,1,0,0,0,0,0,0,5,0,58,222,4,0,0,0,3,2,6,0,216
2025,18,CLE,REG,2025_18_CLE_CIN,CIN,11,22,111,0,0,6,-29,1,1,196,80,4,-9.69716329078816,-11.7796123027802,0,5,2,1,0,24,118,0,0,0,6,3.17644417614465,0,3,2,0,0,11,21,111,0,0,0,196,80,4,0.705534719629213,0,5,2,1,0,0,36,0,46,2,14,1,2,14,5,1,97,7,1,0,0,0,1,0,0,0,0,0,0,1,47,1,4,40,3,1,0,0,1,1,2,6,3,73,2,2,0,0,49,1,0,1,0,1,0,0,0,0,0,0,0,0,27;49,,,76,0,0,2,2,0,0,1,1,1,0,0,49,5,0,52,225,1,1,0,0,1,3,13,0,212
2025,18,DAL,REG,2025_18_DAL_NYG,NYG,14,24,143,0,1,0,0,0,0,178,97,8,-6.24818386993574,-5.37005559257839,0,6,2,2,0,30,143,2,1,1,9,-0.626230492081959,0,6,4,2,0,14,23,143,0,0,0,178,97,8,-5.77223993972147,0,6,2,2,0,0,36,1,47,7,22,2,4,11,9,0,0,2,0,0,0,0,0,0,0,0,0,0,-2,1,0,0,9,94,2,0,1,0,1,1,0,0,7,215,1,2,1,0,22,0.5,0,1,0,0,0,0,0,0,0,0,1,0,22,57,,22,57,0,2,2,0,0,1,0,0,0,0,0,2,0,65,110,0,0,0,0,0,2,27,0,83
2025,18,DEN,REG,2025_18_LAC_DEN,LAC,14,23,141,0,0,4,-17,0,0,26,138,6,-5.75090568805673,-12.6818540303603,0,5,3,1,0,31,116,0,0,0,7,-4.59487915025933,0,4,1,1,0,14,23,141,0,0,0,26,138,6,-0.0520649469370627,0,5,3,1,0,0,31,1,35,5,24,1,4,32,8,1,45,8,1,0,0,0,0,0,0,0,0,0,0,1,0,0,1,5,4,0,0,0,0,0,2,36,0,0,4,4,0,0,41,1,0,3,0,1,0,0,0,0,0,0,0,0,24;26;41;23,,,114,0,0,1,1,0,0,1,0,0,0,0,0,6,0,54,287,1,1,1,1,2,1,11,0,256
2025,18,DET,REG,2025_18_DET_CHI,CHI,27,42,331,1,1,3,-20,0,0,250,169,17,9.59307072647811,5.41943742169274,0,16,7,4,0,27,122,0,0,0,7,0.799906265834514,0,1,1,0,0,27,36,331,1,0,0,250,169,17,18.2793143819426,0,16,7,4,0,0,30,0,26,3,11,0,1,7,4,1,0,5,0,0,0,0,0,0,0,0,0,0,0,0,0,0,6,35,6,0,0,0,0,0,3,33,2,40,4,5,1,0,42,0.8,0,1,2,1,0,0,0,0,0,0,1,0,34;30;25;42,53,,131,53,0,1,1,0,0,1,1,1,0,0,42,2,0,59,93,1,0,0,0,1,1,15,0,78
2025,18,GB,REG,2025_18_GB_MIN,MIN,6,11,34,0,0,4,-41,1,0,27,23,1,-13.1720152435009,-16.7790639400482,0,0,0,0,0,35,128,0,0,0,10,-2.94721761650306,0,4,3,0,0,6,10,34,0,0,0,27,23,1,-3.4445542729809,0,0,0,0,0,0,39,0,30,4,17,1,2,13,7,0,0,2,0,0,0,0,0,0,0,0,0,1,0,1,7,0,4,47,3,1,0,0,1,0,0,0,3,80,1,1,0,0,24,1,0,1,0,0,0,0,0,0,0,0,0,0,24,,,24,0,0,0,0,0,0,,0,0,0,0,0,8,0,68,431,5,0,1,1,4,2,5,0,406
2025,18,HOU,REG,2025_18_IND_HOU,IND,17,32,205,1,0,0,0,0,0,193,97,9,-1.89867958826082,-12.2306297932352,0,10,5,3,0,32,134,1,0,0,10,0.541252269044944,0,2,2,1,0,17,28,205,1,0,0,193,97,9,3.5340149659353,0,10,5,3,0,0,35,1,35,6,22,2,1,8,3,1,0,6,0,0,0,0,0,0,0,0,0,0,0,2,17,1,7,77,4,0,0,0,0,0,1,6,6,175,6,6,0,0,51,1,0,1,0,4,1,0,0,0,0,0,0,0,51;48;29;43;44;43,,,258,0,0,2,2,0,0,1,0,0,0,0,0,3,0,45,121,2,1,0,0,1,1,13,0,108
2025,18,IND,REG,2025_18_IND_HOU,HOU,22,35,286,2,1,1,-8,1,1,318,104,11,5.36501449962631,2.22416872327978,0,8,6,4,2,28,76,1,0,0,7,-3.05512869497761,0,1,0,0,0,22,33,286,2,0,0,318,104,11,6.09753719748365,0,8,6,4,2,0,37,1,35,3,8,0,0,0,2,0,0,3,0,0,0,0,0,0,0,0,0,0,0,0,0,0,7,81,3,2,0,0,2,2,1,13,4,112,3,3,0,0,50,1,0,1,1,0,1,0,0,0,0,0,0,0,50;39;22,,,111,0,0,3,3,0,0,1,0,0,0,0,0,2,0,49,90,0,0,1,0,0,1,6,0,84
2025,18,JAX,REG,2025_18_TEN_JAX,TEN,24,32,271,3,0,2,-16,0,0,295,90,17,13.6185745220602,13.267306262447,0,11,6,4,0,24,64,1,0,0,4,-1.58131104425411,0,3,1,0,0,24,31,271,3,0,0,295,90,17,18.5806975260813,0,11,6,4,0,0,27,1,27,5,16,0,1,7,5,1,58,4,1,1,0,0,0,0,0,0,0,1,0,0,0,0,3,20,1,0,1,0,1,0,2,6,2,52,2,2,0,0,67,1,0,0,0,0,1,1,0,0,0,0,0,0,67;52,,,119,0,0,5,5,0,0,1,0,0,0,0,0,3,0,60,138,1,2,0,0,0,1,9,0,129
2025,18,KC,REG,2025_18_KC_LV,LV,18,31,146,0,0,8,-62,1,1,223,80,6,-22.6187338409778,-12.0007945100466,0,5,1,1,1,23,84,0,1,1,4,-6.41004245792283,0,2,1,0,0,18,30,146,0,1,0,223,80,6,-5.25334330129909,0,5,1,1,1,0,36,2,36,8,26,1,3,19,5,1,1,7,0,0,0,0,0,0,0,0,0,1,8,1,0,0,7,45,4,3,0,0,3,2,4,13,0,0,4,4,0,0,47,1,0,0,1,3,0,0,0,0,0,0,0,0,36;40;47;41,,,164,0,0,0,0,0,0,,0,0,0,0,0,6,0,59,308,3,0,0,0,1,5,25,0,283
2025,18,LA,REG,2025_18_ARI_LA,ARI,25,40,259,4,0,1,-7,0,0,359,89,16,15.790981256605,-1.889185969894,0,10,7,4,0,31,143,0,0,0,9,0.274100388434027,0,5,4,2,0,25,37,259,4,0,0,359,89,16,17.6488578596891,0,10,7,4,0,0,40,0,12,7,36,1,6,33,12,1,0,3,0,0,0,0,0,0,0,0,0,0,0,1,0,0,4,20,3,0,0,0,0,0,1,9,5,134,3,3,0,0,42,1,0,0,1,2,0,0,0,0,0,0,0,0,34;42;40,,,116,0,0,4,4,0,0,1,0,0,0,0,0,2,0,64,117,0,0,0,0,0,2,27,0,90
2025,18,LAC,REG,2025_18_LAC_DEN,DEN,20,44,136,0,1,4,-32,1,1,395,69,7,-31.4968801013859,-11.0033992873995,0,4,3,0,0,21,113,0,0,0,6,3.34226779721212,0,5,3,1,0,20,38,136,0,0,0,395,69,7,-16.7605808433112,0,4,3,0,0,0,35,0,28,7,22,0,4,17,7,0,0,3,0,0,0,0,0,0,0,0,0,0,0,0,0,0,5,25,6,1,0,0,1,1,1,11,3,66,1,1,0,0,30,1,0,0,1,0,0,0,0,0,0,0,0,0,30,,,30,0,0,0,0,0,0,,0,0,0,0,0,7,0,58,355,4,0,0,1,4,2,36,0,299
2025,18,LV,REG,2025_18_KC_LV,KC,11,26,105,0,1,3,-19,0,0,226,39,5,-16.6992927914124,-27.3680055370698,0,5,3,2,0,32,118,0,0,0,5,-13.2053418532993,0,2,1,0,0,11,26,105,0,0,0,226,39,5,-12.0775180364597,0,5,3,2,0,0,45,1,17,7,62,3,8,62,14,0,0,5,0,1,1,0,0,0,0,0,0,1,0,2,0,0,2,10,6,1,1,0,2,1,5,25,6,165,4,4,0,0,60,1,0,1,1,0,1,1,0,0,0,0,0,0,32;23;55;60,,,170,0,0,0,0,0,0,,1,1,0,0,60,6,0,56,307,2,1,0,0,1,4,13,0,294
2025,18,MIA,REG,2025_18_MIA_NE,NE,16,25,137,1,1,4,-20,0,0,160,89,7,-10.1004116802193,0.968720763921738,0,5,4,2,0,25,63,0,2,1,5,-8.48060325789265,0,1,1,0,0,16,24,137,1,0,0,160,89,7,-3.4287435696875,0,5,4,2,0,0,24,1,43,1,1,0,0,0,3,0,0,1,0,0,0,0,0,1,0,0,10,1,0,0,0,0,7,52,3,2,0,0,2,1,1,2,2,54,1,1,0,0,52,1,0,0,0,0,1,0,0,0,0,0,0,0,52,,,52,0,0,1,1,0,0,1,0,0,0,0,0,6,0,50,245,0,1,3,0,2,0,0,0,245
2025,18,MIN,REG,2025_18_GB_MIN,GB,21,31,239,0,0,2,-13,1,1,198,135,14,2.13356801680502,1.7802639802297,0,11,7,2,0,31,137,1,0,0,8,-4.86813678816543,0,5,4,1,0,21,30,239,0,0,0,198,135,14,12.0621478392205,0,11,7,2,0,0,33,2,28,8,65,1,4,41,5,0,0,3,0,0,0,0,0,0,0,0,0,0,0,0,0,0,2,20,4,1,0,0,1,1,2,5,1,29,3,3,0,0,43,1,0,1,1,1,0,0,0,0,0,0,0,0,43;25;37,,,105,0,0,1,1,0,0,1,0,0,0,0,0,4,0,55,196,2,1,2,0,1,0,0,0,196
2025,18,NE,REG,2025_18_MIA_NE,MIA,17,22,214,1,0,0,0,0,0,257,118,8,8.79744142352181,21.2237948179245,0,8,5,4,0,34,243,4,0,0,12,6.78266680147499,0,5,5,3,1,17,20,214,1,0,0,257,118,8,9.26037233281403,0,8,5,4,0,0,32,2,28,10,45,2,4,20,9,1,0,4,0,0,0,0,0,0,0,0,0,0,0,1,18,0,4,52,4,0,0,0,0,0,0,0,2,51,1,2,0,1,59,0.5,0,0,0,0,1,0,0,0,0,0,0,0,59,,38,59,0,38,5,5,0,0,1,0,0,0,0,0,3,0,56,155,3,1,1,0,0,1,2,0,153
2025,18,NO,REG,2025_18_NO_ATL,ATL,23,35,259,1,1,4,-27,0,0,281,129,10,-2.61001997632487,-1.69133245944977,0,12,6,3,0,26,108,1,0,0,5,0.700269677297911,0,1,1,1,0,23,34,259,1,1,1,281,129,10,-1.10850387787726,0,12,6,3,0,0,35,2,30,9,34,0,4,21,9,1,0,8,0,0,0,0,0,0,0,0,0,0,0,0,0,0,6,40,4,1,0,0,1,1,3,28,3,78,1,2,1,0,29,0.5,0,1,0,0,0,0,0,0,0,0,1,0,29,56,,29,56,0,2,2,0,0,1,0,0,0,0,0,4,1,55,203,1,0,1,0,0,3,26,0,177
2025,18,NYG,REG,2025_18_DAL_NYG,DAL,22,33,230,2,0,4,-11,1,0,184,168,14,14.0357000092246,4.88298153504729,1,9,4,3,0,32,161,1,0,0,8,1.11449988013208,0,6,6,1,0,22,32,230,2,1,1,184,168,14,11.6828538287008,1,9,4,3,0,0,32,1,27,5,15,0,0,0,2,1,7,4,0,0,0,0,0,0,0,0,0,1,0,1,0,0,7,63,2,2,0,0,2,1,2,27,2,64,4,4,0,0,45,1,0,1,2,1,0,0,0,0,0,0,0,0,45;35;23;30,,,133,0,0,2,2,0,0,1,0,0,0,0,0,2,0,48,84,1,1,1,0,0,0,0,0,84
2025,18,NYJ,REG,2025_18_NYJ_BUF,BUF,11,22,60,1,0,1,-7,0,0,73,32,5,-6.33271967437747,-19.8908706957644,1,3,0,0,0,23,69,0,0,0,3,-5.69025789646548,0,0,0,0,0,11,22,60,1,0,0,73,32,5,-5.28935170346801,1,3,0,0,0,0,37,0,42,2,3,0,0,0,0,0,0,2,0,0,0,0,0,0,0,0,0,0,0,0,0,0,4,27,2,0,0,0,0,0,0,0,5,142,0,0,0,0,,,0,0,0,0,0,0,0,0,0,0,0,0,,,,0,0,0,0,0,0,0,,0,0,0,0,0,5,0,50,211,2,0,3,0,1,1,2,0,209
2025,18,PHI,REG,2025_18_WAS_PHI,WAS,21,40,241,1,1,3,-14,0,0,383,95,13,-6.15672980211773,-1.39107844408821,0,11,5,2,0,19,80,1,0,0,5,-0.224920639651828,0,3,2,0,0,21,34,241,1,0,0,383,95,13,-0.68812822810239,0,11,5,2,0,0,30,3,43,2,3,1,0,0,4,1,0,5,0,0,0,0,0,0,0,0,0,0,0,1,0,0,9,123,4,0,0,0,0,0,2,20,2,55,1,1,0,0,39,1,0,0,1,0,0,0,0,0,0,0,0,0,39,,,39,0,0,2,2,0,0,1,0,0,0,0,0,3,0,44,115,1,1,1,0,0,1,1,0,114
2025,18,PIT,REG,2025_18_BAL_PIT,BAL,31,47,294,1,0,2,-4,0,0,325,194,14,7.45087876743144,1.21738429773938,0,11,5,3,0,24,100,2,0,0,8,-3.18068019722705,0,3,3,1,0,31,44,294,1,0,0,325,194,14,12.7089796048291,0,11,5,3,0,0,32,0,18,3,17,0,3,16,5,1,0,4,0,0,0,0,0,0,0,0,0,0,0,0,0,0,5,45,6,0,0,0,0,0,2,11,3,91,2,2,0,0,57,1,0,1,0,0,1,0,0,0,0,0,0,0,57;25,,,82,0,0,2,3,0,1,0.666666666666667,0,0,0,0,0,3,0,53,119,1,0,1,0,2,0,0,0,119
2025,18,SEA,REG,2025_18_SEA_SF,SF,20,26,198,0,0,2,-17,0,0,126,128,11,4.77963781639172,6.9315295953017,0,9,5,2,0,39,180,1,1,0,10,-2.57333882903913,0,6,3,2,0,20,26,198,0,0,0,126,128,11,7.54219031360171,0,9,5,2,0,0,26,0,18,4,14,0,3,7,8,1,0,5,0,0,0,0,0,0,0,0,0,1,-4,0,0,0,5,25,3,0,1,0,1,0,2,30,1,34,2,4,2,0,45,0.5,0,0,1,1,0,0,0,1,0,1,0,0,45;31,47;26,,76,73,0,1,1,0,0,1,0,0,0,0,0,1,0,36,36,1,0,0,0,1,0,0,0,36
2025,18,SF,REG,2025_18_SEA_SF,SEA,19,27,127,0,1,3,-7,0,0,129,50,8,-13.5590725159193,3.17152970367008,0,5,2,1,0,12,53,0,0,0,1,-1.51853693241719,0,2,0,0,0,19,27,127,0,0,0,129,50,8,-10.0907291262411,0,5,2,1,0,0,46,0,26,5,28,0,2,17,3,0,0,3,0,0,0,0,0,0,0,0,0,0,0,0,0,0,3,31,3,0,0,0,0,0,0,0,2,36,1,1,0,0,48,1,0,0,0,1,0,0,0,0,0,0,0,0,48,,,48,0,0,0,0,0,0,,0,0,0,0,0,4,0,50,181,1,0,0,0,2,2,30,0,151
2025,18,TB,REG,2025_18_CAR_TB,CAR,16,22,203,1,1,2,-5,1,0,142,111,12,6.78564281672731,5.47834038734436,0,11,5,3,0,42,140,0,0,0,7,-6.38699651445369,0,1,0,0,0,16,22,203,1,0,0,142,111,12,8.85778405498274,0,11,5,3,0,0,28,1,9,3,8,0,0,0,1,1,0,2,0,0,0,0,0,0,0,0,0,2,0,2,0,0,6,45,5,1,1,0,2,0,0,0,3,57,3,4,0,1,48,0.75,0,1,1,1,0,0,0,0,0,0,0,0,29;36;48,,38,113,0,38,1,1,0,0,1,0,0,0,0,0,3,0,46,130,3,0,0,0,1,2,3,0,127
2025,18,TEN,REG,2025_18_TEN_JAX,JAX,20,33,124,0,1,1,-7,0,0,127,114,5,-19.5929012844492,-9.16635619871544,0,5,2,2,0,19,77,1,0,0,5,1.12047498865286,0,1,0,0,0,20,33,124,0,0,0,127,114,5,-18.1806420887274,0,5,2,2,0,0,30,0,34,5,22,0,2,16,2,0,0,3,0,0,0,0,0,0,0,0,0,0,0,0,0,0,6,67,2,0,0,0,0,0,1,9,1,20,0,1,1,0,,0,0,0,0,0,0,0,0,0,0,0,1,0,,52,,0,52,0,1,1,0,0,1,0,0,0,0,0,5,0,57,243,2,1,0,0,2,2,6,0,237
2025,18,WAS,REG,2025_18_WAS_PHI,PHI,14,22,131,1,1,0,0,0,0,123,86,9,4.47136463279309,6.25135130003879,0,6,3,1,0,41,143,2,2,1,10,-7.68531006653211,0,4,2,0,0,14,19,131,1,0,0,123,86,9,5.16235151925223,0,6,3,1,0,0,33,0,22,3,15,0,3,14,6,1,28,3,0,0,0,0,0,0,0,0,0,2,-12,0,0,0,4,19,6,1,2,0,3,1,1,1,1,22,1,2,1,0,56,0.5,0,0,0,0,1,0,0,1,0,0,0,0,56,24,,56,24,0,3,3,0,0,1,0,0,0,0,0,3,0,71,159,1,0,1,0,0,2,20,0,139
2025,19,BUF,POST,2025_19_BUF_JAX,JAX,28,35,273,1,0,1,-12,0,0,277,101,12,9.793463674944,11.29694546972,0,10,4,3,0,26,79,2,0,0,8,3.16636962478515,0,2,0,0,0,28,35,273,1,0,0,277,101,12,11.8048105846272,0,10,4,3,0,0,37,1,11,3,6,0,1,2,3,2,21,9,0,0,0,0,0,0,0,0,0,0,0,0,0,0,7,39,1,1,0,0,1,1,0,0,4,119,2,2,0,0,50,1,0,0,0,1,1,0,0,0,0,0,0,0,50;47,,,97,0,0,3,3,0,0,1,0,0,0,0,0,3,0,47,130,1,2,0,0,1,0,0,0,130
2025,19,CAR,POST,2025_19_LA_CAR,LA,21,40,264,1,1,2,-14,0,0,365,125,12,-8.05091248168276,-5.93851490600689,0,10,5,3,1,22,83,3,0,0,5,3.39571499047452,0,1,1,0,0,21,37,264,1,0,0,365,125,12,-3.74073088274701,0,10,5,3,1,0,40,1,27,2,10,0,1,9,6,1,0,8,0,1,0,1,0,0,0,0,0,0,0,0,0,0,4,35,3,0,1,0,1,1,1,0,5,107,1,1,0,0,46,1,0,0,0,1,0,0,0,0,0,0,0,0,46,,,46,0,0,4,4,0,0,1,0,0,0,0,0,3,0,58,163,3,0,1,0,1,1,-2,0,165
2025,19,CHI,POST,2025_19_GB_CHI,GB,24,48,361,2,2,1,-9,1,0,558,125,18,12.1129105531791,-6.00633760509284,1,16,12,9,0,28,93,1,0,0,5,-3.91424596920842,0,1,0,0,0,24,46,361,2,0,0,558,125,18,16.7479468220205,1,16,12,9,0,0,37,1,25,2,3,3,1,1,8,0,0,7,0,0,0,0,0,0,0,0,0,1,0,0,0,0,2,5,3,1,0,0,1,0,3,64,4,99,3,3,0,0,51,1,0,1,1,0,1,0,0,0,0,0,0,0,27;34;51,,,112,0,0,2,2,0,0,1,0,0,0,0,0,0,0,,0,0,0,0,0,0,0,0,0,0
2025,19,GB,POST,2025_19_GB_CHI,CHI,24,46,323,4,0,1,-1,0,0,469,162,15,17.9908084788799,2.49483977493487,0,12,8,7,0,23,99,0,0,0,6,-2.74869438851601,0,4,3,0,0,24,38,323,4,2,0,469,162,15,27.0185547708979,0,12,8,7,0,0,44,0,22,3,18,1,1,9,9,2,8,9,0,0,0,0,0,0,0,0,0,3,0,0,0,0,7,65,7,3,1,1,4,0,0,0,5,130,0,2,2,0,,0,0,0,0,0,0,0,0,0,0,1,1,0,,55;44,,0,99,0,3,4,1,0,0.75,0,0,0,0,0,4,0,58,195,1,0,1,0,0,3,64,0,131
2025,19,HOU,POST,2025_19_HOU_PIT,PIT,21,32,250,1,1,3,-6,2,2,284,95,12,0.43637702080414,-0.598524790257216,0,7,5,3,1,31,164,1,1,0,8,5.39077021167032,0,3,3,1,0,21,32,250,1,0,0,284,95,12,11.6526466126274,0,7,5,3,1,0,31,1,29,8,33,2,4,36,12,1,50,4,1,0,0,0,0,0,0,0,0,3,-5,1,33,1,6,44,4,2,3,0,5,2,3,22,3,59,1,1,0,0,51,1,0,0,0,0,1,0,0,0,0,0,0,0,51,,,51,0,0,3,4,1,0,0.75,0,0,0,0,0,3,0,60,125,1,1,1,0,0,1,14,0,111
2025,19,JAX,POST,2025_19_BUF_JAX,BUF,18,30,207,3,2,1,-2,0,0,292,81,11,0.741278947924073,-5.05366822083791,0,9,3,2,0,23,154,0,0,0,8,0.741589638812002,0,7,6,2,0,18,30,207,3,0,0,292,81,11,1.92968653207579,0,9,3,2,0,0,45,0,20,1,12,1,1,12,3,0,0,0,0,0,0,0,0,0,0,0,0,0,0,1,0,0,2,10,6,0,0,0,0,0,0,0,4,75,1,2,1,0,43,0.5,0,0,0,1,0,0,0,0,0,0,1,0,43,54,,43,54,0,3,3,0,0,1,0,0,0,0,0,2,0,58,100,1,1,1,0,0,0,0,0,100
2025,19,LA,POST,2025_19_LA_CAR,CAR,24,42,304,3,1,1,-9,0,0,498,111,16,4.99759134017176,-4.30551050674348,0,15,7,2,0,29,116,1,0,0,4,1.10011258767918,0,0,0,0,0,24,42,304,3,0,0,498,111,16,7.22341069411732,0,15,7,2,0,0,34,1,23,3,16,0,2,14,8,1,11,6,0,0,0,0,0,0,0,0,0,0,0,1,0,0,9,83,4,0,0,0,0,0,1,-2,3,73,2,2,0,0,46,1,0,0,0,2,0,0,0,0,0,0,0,0,46;42,,,88,0,0,4,4,0,0,1,0,0,0,0,0,4,1,52,182,3,2,0,0,1,1,0,0,182
2025,19,LAC,POST,2025_19_LAC_NE,NE,19,31,159,0,0,6,-39,2,1,241,71,8,-13.280272337026,-2.63279338677724,0,7,1,1,0,22,87,0,0,0,6,-1.72316337814963,0,3,1,0,0,19,30,159,0,0,0,241,71,8,-2.00125271064462,0,7,1,1,0,0,38,0,24,7,36,2,5,33,5,1,2,2,0,0,0,0,0,0,0,0,0,1,13,1,0,0,4,20,4,2,0,0,2,1,0,0,5,128,1,1,0,0,21,1,0,1,0,0,0,0,0,0,0,0,0,0,21,,,21,0,0,0,0,0,0,,0,0,0,0,0,5,0,54,211,3,2,0,1,0,2,2,0,189
2025,19,NE,POST,2025_19_LAC_NE,LAC,17,30,268,1,1,5,-33,2,1,265,136,12,-1.82567212385406,-5.26268162109234,0,9,8,4,2,29,146,0,0,0,7,-0.603850865038112,0,3,3,1,0,17,27,268,1,0,0,265,136,12,12.8697046251003,0,9,8,4,2,0,36,0,34,6,40,2,6,39,11,0,0,5,0,0,0,0,0,0,0,0,0,1,0,1,0,0,2,35,5,2,0,0,2,1,2,2,2,48,3,3,0,0,39,1,0,1,2,0,0,0,0,0,0,0,0,0,23;35;39,,,97,0,0,1,1,0,0,1,0,0,0,0,0,3,0,55,130,2,0,1,1,1,0,0,0,110
2025,19,PHI,POST,2025_19_SF_PHI,SF,20,35,168,1,0,1,-1,0,0,313,87,7,-3.24582384996296,-7.93618796502843,0,7,1,1,0,36,140,1,0,0,11,0.292278858599004,0,1,1,1,0,20,34,168,1,0,0,313,87,7,-2.13006615991884,0,7,1,1,0,0,34,1,21,3,7,1,1,5,2,2,3,5,0,0,0,0,0,0,0,0,0,0,0,0,0,0,7,48,5,0,0,0,0,0,0,0,2,61,2,2,0,0,41,1,0,0,1,1,0,0,0,0,0,0,0,0,41;33,,,74,0,0,1,2,1,0,0.5,0,0,0,0,0,4,0,58,208,1,0,0,1,1,2,12,0,176
2025,19,PIT,POST,2025_19_HOU_PIT,HOU,18,34,148,0,1,4,-36,2,1,290,75,7,-25.350196331923,-6.2141316552316,0,7,4,2,0,18,63,0,0,0,5,-5.11590623413213,0,3,2,0,0,18,31,148,0,0,0,290,75,7,-9.94092037150021,0,7,4,2,0,0,35,0,44,3,7,2,3,6,3,1,0,6,0,0,0,0,0,0,0,0,0,1,0,2,0,0,3,24,2,2,0,0,2,1,1,14,4,100,2,2,0,0,35,1,0,0,2,0,0,0,0,0,0,0,0,0,32;35,,,67,0,0,0,0,0,0,,0,0,0,0,0,6,0,56,273,4,0,1,0,2,3,22,0,251
2025,19,SF,POST,2025_19_SF_PHI,PHI,19,32,291,3,2,1,-5,0,0,266,136,13,7.95071287732571,-0.524425208568573,0,11,5,4,2,25,75,0,1,0,5,-2.2191920538184,0,1,0,0,0,19,30,291,3,0,0,266,136,13,9.08673208928667,0,11,5,4,2,0,47,0,24,7,11,0,1,1,1,0,0,3,0,1,0,0,0,0,0,0,0,1,0,0,0,0,1,15,4,1,1,1,2,0,2,12,5,106,1,1,0,0,36,1,0,0,1,0,0,0,0,0,0,0,0,0,36,,,36,0,0,2,3,1,0,0.666666666666667,0,0,0,0,0,3,0,43,103,1,1,2,0,0,0,0,0,103
2025,20,BUF,POST,2025_20_BUF_DEN,DEN,25,39,283,3,2,3,-17,1,1,360,188,14,4.95732551491451,2.3161028440182,0,12,4,4,1,36,183,0,3,2,13,1.58445500752963,0,6,4,2,0,25,39,283,3,0,0,360,188,14,12.4184571707584,0,12,4,4,1,0,37,0,26,5,8,0,0,0,3,1,3,7,0,0,0,0,0,0,0,0,0,2,0,0,0,0,5,68,8,4,1,0,5,3,0,0,6,152,3,3,0,0,50,1,0,0,2,0,1,0,0,0,0,0,0,0,33;31;50,,,114,0,0,3,3,0,0,1,0,0,0,0,0,0,0,,0,0,0,0,0,0,0,0,0,0
2025,20,CHI,POST,2025_20_LA_CHI,LA,23,42,257,2,3,0,0,0,0,384,134,11,1.64191282205892,-8.02750466834931,0,10,6,3,0,39,160,0,0,0,11,-4.54011678360985,0,4,4,1,0,23,42,257,2,0,0,384,134,11,1.64191282205892,0,10,6,3,0,0,42,0,32,6,33,2,4,29,4,0,0,7,0,1,0,0,0,0,0,0,0,1,0,0,0,0,3,24,3,0,1,0,1,0,3,33,2,58,1,1,0,0,48,1,0,0,0,1,0,0,0,0,0,0,0,0,48,,,48,0,0,2,2,0,0,1,0,0,0,0,0,3,0,51,141,1,1,0,0,2,0,0,0,141
2025,20,DEN,POST,2025_20_BUF_DEN,BUF,26,46,279,3,1,0,0,0,0,305,116,13,3.46261875937819,-4.67836814267295,0,12,6,5,0,22,70,0,0,0,6,-3.22327950378444,0,3,2,0,0,26,42,279,3,0,0,305,116,13,5.36786794963303,0,12,6,5,0,0,53,1,27,4,18,4,3,17,10,2,30,2,0,0,0,0,0,0,0,0,0,1,0,3,3,0,3,20,6,0,1,0,1,0,0,0,6,136,4,4,0,0,50,1,0,2,1,0,1,0,0,0,0,0,0,0,28;50;33;23,,,134,0,0,3,3,0,0,1,1,1,0,0,23,4,0,65,188,2,1,0,1,2,0,0,0,168
2025,20,HOU,POST,2025_20_HOU_NE,NE,20,47,212,1,4,3,-19,0,0,417,84,9,-23.5091897048967,-20.1505070924759,0,8,3,2,1,22,48,0,1,1,4,-5.77547533338657,0,1,0,0,0,20,45,212,1,0,0,417,84,9,-17.4126287599772,0,8,3,2,1,0,40,1,35,9,48,4,5,36,2,1,0,6,0,0,0,0,0,0,0,0,0,0,0,2,2,0,4,32,3,1,0,0,1,1,3,29,4,88,3,3,0,0,51,1,0,2,0,0,1,0,0,0,0,0,0,0,25;25;51,,,101,0,0,1,1,0,0,1,0,0,0,0,0,5,0,72,294,1,0,1,0,0,4,53,0,241
2025,20,LA,POST,2025_20_LA_CHI,CHI,20,42,258,0,0,4,-29,2,0,420,133,14,1.49009179305309,-11.0736945271492,0,12,5,3,0,31,111,2,0,0,6,1.41571760567604,0,2,0,0,0,20,40,258,0,0,0,420,133,14,7.07406185077068,0,12,5,3,0,0,41,1,47,4,8,0,0,0,4,3,14,9,0,0,0,0,0,0,0,0,0,2,0,0,0,0,1,5,6,2,0,0,2,0,0,0,4,88,2,2,0,0,42,1,0,0,1,1,0,0,0,0,0,0,0,0,32;42,,,74,0,0,2,2,0,0,1,1,1,0,0,42,8,0,61,380,3,1,1,1,2,3,33,0,327
2025,20,NE,POST,2025_20_HOU_NE,HOU,16,27,179,3,1,5,-36,3,1,267,106,7,-7.95896602456924,-5.40897777447334,0,7,4,3,0,32,105,0,1,1,5,-10.7477227798081,0,1,1,1,0,16,26,179,3,0,0,267,106,7,3.32105336198583,0,7,4,3,0,0,37,1,29,6,25,1,3,19,9,4,26,14,1,0,0,0,0,0,0,0,0,2,0,1,0,0,3,48,4,4,0,0,4,2,4,53,4,89,0,0,0,0,,,0,0,0,0,0,0,0,0,0,0,0,0,,,,0,0,0,4,4,0,0,1,0,0,0,0,0,8,0,55,333,3,0,0,0,5,3,29,0,304
2025,20,SEA,POST,2025_20_SF_SEA,SF,12,17,124,1,0,2,-18,0,0,154,54,7,5.2646704586701,11.5253744646907,0,6,2,1,0,33,175,3,0,0,10,5.76833651088402,0,5,5,1,0,12,16,124,1,0,0,154,54,7,8.72463817101796,0,6,2,1,0,1,38,0,28,4,21,3,2,16,5,1,0,7,0,0,0,0,0,0,0,0,0,0,0,2,1,0,2,5,5,0,0,0,0,0,0,0,2,126,2,2,0,0,31,1,0,1,1,0,0,0,0,0,0,0,0,0,31;24,,,55,0,0,5,5,0,0,1,0,0,0,0,0,3,0,54,149,2,0,1,0,0,2,4,0,145
2025,20,SF,POST,2025_20_SF_SEA,SEA,17,31,144,0,1,2,-16,1,1,248,89,10,-14.1598303811791,-5.21716111236148,0,7,2,0,0,27,108,0,1,0,5,-7.63840003075893,0,1,1,0,0,17,27,144,0,1,1,248,89,10,-8.93187593315292,0,7,2,0,0,0,30,3,27,6,27,0,2,18,3,0,0,0,0,0,0,0,0,0,0,0,0,0,0,0,0,0,3,36,3,3,0,1,3,2,2,4,5,114,2,2,0,0,56,1,0,0,0,1,1,0,0,0,0,0,0,0,40;56,,,96,0,0,0,0,0,0,,0,0,0,0,0,1,0,51,51,1,0,0,0,1,0,0,0,51
2025,21,DEN,POST,2025_21_NE_DEN,NE,17,31,133,1,1,3,-31,1,1,182,72,8,-15.5339691230452,-5.82333251282021,0,4,1,1,1,24,79,0,0,0,3,-2.60688656625797,0,0,0,0,0,17,27,133,1,0,0,182,72,8,-6.02757245098474,0,4,1,1,1,0,29,3,45,8,25,0,5,21,7,0,0,3,0,0,0,0,0,0,0,0,0,0,0,0,0,0,2,5,6,1,0,0,1,1,3,8,1,20,0,2,1,1,,0,0,0,0,0,0,0,0,0,0,0,1,0,,54,45,0,54,45,1,1,0,0,1,0,0,0,0,0,6,0,60,309,3,2,0,2,1,1,2,0,267
2025,21,LA,POST,2025_21_LA_SEA,SEA,22,35,374,3,0,1,-9,1,0,430,124,17,16.1683821649396,6.22424807618646,0,13,10,9,2,22,114,0,0,0,7,1.98825635731919,0,4,2,0,0,22,34,374,3,1,0,430,124,17,18.2256840336926,0,13,10,9,2,0,35,3,27,8,39,1,3,25,7,0,0,5,0,2,0,0,0,0,0,0,0,2,0,0,0,0,4,30,6,2,2,1,4,1,2,0,6,145,2,2,0,0,50,1,0,0,0,1,1,0,0,0,0,0,0,0,44;50,,,94,0,0,3,3,0,0,1,0,0,0,0,0,2,0,43,84,1,0,0,0,2,0,0,0,84
2025,21,NE,POST,2025_21_NE_DEN,DEN,10,21,86,0,0,5,-21,0,0,252,37,2,-10.9089021706878,-12.9738875478506,0,2,2,2,0,38,141,1,0,0,10,1.08995425711354,0,5,4,1,0,10,20,86,0,0,0,252,37,2,-2.25367343431572,0,2,2,2,0,0,35,0,24,4,34,1,3,31,7,1,0,3,0,0,0,0,0,1,0,0,0,0,0,1,0,0,1,5,4,0,0,0,0,0,1,2,2,59,1,3,2,0,23,0.333333333333333,0,1,0,0,0,0,0,0,0,1,0,1,23,63;46,,23,109,0,1,1,0,0,1,0,0,0,0,0,8,0,45,303,1,3,1,0,1,3,8,0,295
2025,21,SEA,POST,2025_21_LA_SEA,LA,25,36,346,3,0,3,-25,0,0,296,146,19,18.021385534645,8.66047231590047,0,17,5,2,2,26,75,1,1,0,4,-5.14410261530429,0,2,1,0,0,25,34,346,3,1,0,296,146,19,23.7448891259049,0,17,5,2,2,0,36,0,24,1,9,2,1,9,3,0,0,7,0,0,0,0,0,0,0,0,0,1,-9,1,0,0,6,50,6,1,1,1,2,0,0,0,1,21,1,1,0,0,27,1,0,1,0,0,0,0,0,0,0,0,0,0,27,,,27,0,0,4,4,0,0,1,0,0,0,0,0,5,0,56,226,5,0,0,0,3,2,0,0,226
2025,22,NE,POST,2025_22_SEA_NE,SEA,27,43,295,2,2,6,-43,1,1,460,129,14,-21.4790186045137,1.96704788178932,0,10,6,5,0,18,79,0,0,0,2,0.753927057841793,0,2,1,0,0,27,41,295,2,0,0,460,129,14,-7.96778733901726,0,10,6,5,0,0,45,1,19,7,26,0,1,8,6,0,0,7,0,0,0,0,0,0,0,0,0,0,0,0,0,0,3,25,4,1,0,0,1,1,2,4,5,141,0,0,0,0,,,0,0,0,0,0,0,0,0,0,0,0,0,,,,0,0,0,1,1,0,0,1,0,0,0,0,0,8,0,55,356,4,0,0,0,6,2,16,0,340
2025,22,SEA,POST,2025_22_SEA_NE,NE,19,38,202,1,0,1,-8,0,0,362,87,11,0.420156970568252,-8.28198426299625,0,9,5,2,0,32,141,0,0,0,9,-3.94291347293754,0,6,3,2,0,19,36,202,1,0,0,362,87,11,3.15947055334157,0,9,5,2,0,0,47,0,16,8,48,1,6,43,11,2,80,6,1,0,0,0,0,0,0,0,0,0,0,1,0,0,4,25,6,0,0,0,0,0,2,16,1,20,5,5,0,0,41,1,0,1,2,2,0,0,0,0,0,0,0,0,33;39;41;41;26,,,180,0,0,2,2,0,0,1,0,0,0,0,0,7,0,55,335,3,1,3,0,1,2,4,0,331
