name,team,position,games,attempts,completions,passing yards,passing touchdowns,interceptions,carries,rushing yards,rushing touchdowns,targets,receptions,receiving yards,receiving touchdowns,tackles,sacks,field goals,extra points,punts,punt yards
Andrew Wingard,ARI,DB,3,,,,,,,,,,,,,22,0,,,,
Budda Baker,ARI,DB,19,,,,,,,,,,,,,137,2,,,,
Dadrion Taylor-Demerson,ARI,DB,12,,,,,,,,,,,,,58,0,,,,
Darren Hall,ARI,DB,8,,,,,,,,,,,,,21,0,,,,
Denzel Burke,ARI,DB,17,,,,,,,,,,,,,55,0,,,,
Elijah Jones,ARI,DB,1,,,,,,,,,,,,,3,0,,,,
Garrett Williams,ARI,DB,11,,,,,,,,,,,,,47,0,,,,
Jaden Davis,ARI,DB,2,,,,,,,,,,,,,3,0,,,,
Jalen Thompson,ARI,DB,15,,,,,,,,,,,,,94,1,,,,
Kalen King,ARI,DB,1,,,,,,,,,,,,,1,0,,,,
Kei'Trel Clark,ARI,DB,14,,,,,,,,,,,,,27,0,,,,
Kitan Crawford,ARI,DB,12,,,,,,,,,,,,,23,0,,,,
Max Melton,ARI,DB,12,,,,,,,,,,,,,37,0,,,,
Will Johnson,ARI,DB,13,,,,,,,,,,,,,42,0,,,,
Wydett Williams Jr.,ARI,DB,2,,,,,,,,,,,,,2,0,,,,
Anthony Goodlow,ARI,DL,3,,,,,,,,,,,,,3,0,,,,
Bilal Nichols,ARI,DL,3,,,,,,,,,,,,,3,0,,,,
Calais Campbell,ARI,DL,17,,,,,,,,,,,,,41,6.5,,,,
Dalvin Tomlinson,ARI,DL,14,,,,,,,,,,,,,25,1,,,,
Dante Stills,ARI,DL,18,,,,,,,,,,,,,43,1,,,,
Darius Robinson,ARI,DL,18,,,,,,,,,,,,,49,1,,,,
L.J. Collier,ARI,DL,5,,,,,,,,,,,,,9,0,,,,
PJ Mustipher,ARI,DL,13,,,,,,,,,,,,,32,0,,,,
Roy Lopez,ARI,DL,2,,,,,,,,,,,,,8,0,,,,
Walter Nolen,ARI,DL,9,,,,,,,,,,,,,14,2,,,,
Zachary Carter,ARI,DL,4,,,,,,,,,,,,,13,0,,,,
Chad Ryland,ARI,K,20,,,,,,,,,,,,,,,32,42,,
Akeem Davis-Gaither,ARI,LB,16,,,,,,,,,,,,,116,0,,,,
BJ Ojulari,ARI,LB,6,,,,,,,,,,,,,9,1,,,,
Baron Browning,ARI,LB,17,,,,,,,,,,,,,36,2,,,,
Channing Tindall,ARI,LB,4,,,,,,,,,,,,,8,0,,,,
Cody Simon,ARI,LB,16,,,,,,,,,,,,,78,0.5,,,,
Eku Leota,ARI,LB,2,,,,,,,,,,,,,3,0,,,,
Jack Gibbens,ARI,LB,3,,,,,,,,,,,,,24,0.5,,,,
Jordan Burch,ARI,LB,15,,,,,,,,,,,,,30,2,,,,
Josh Sweat,ARI,LB,19,,,,,,,,,,,,,31,12,,,,
Karson Sharar,ARI,LB,3,,,,,,,,,,,,,4,0,,,,
Mack Wilson,ARI,LB,11,,,,,,,,,,,,,78,0,,,,
Owen Pappoe,ARI,LB,13,,,,,,,,,,,,,27,0,,,,
Zaven Collins,ARI,LB,20,,,,,,,,,,,,,51,1.5,,,,
Aaron Brewer,ARI,LS,1,,,,,,,,,,,,,,,,,,
Elijah Wilkinson,ARI,OL,2,,,,,,,,,,,,,,,,,,
Evan Brown,ARI,OL,4,,,,,,,,,,,,,,,,,,
Hjalte Froholdt,ARI,OL,6,,,,,,,,,,,,,,,,,,
Isaiah Adams,ARI,OL,6,,,,,,,,,,,,,,,,,,
Jon Gaines II,ARI,OL,2,,,,,,,,,,,,,,,,,,
Jonah Williams,ARI,OL,4,,,,,,,,,,,,,,,,,,
Josh Fryar,ARI,OL,4,,,,,,,,,,,,,,,,,,
Kelvin Beachum,ARI,OL,6,,,,,,,,,,,,,,,,,,
Paris Johnson Jr.,ARI,OL,7,,,,,,,,,,,,,,,,,,
Will Hernandez,ARI,OL,2,,,,,,,,,,,,,,,,,,
Blake Gillikin,ARI,P,8,,,,,,,,,,,,,,,,,36,1786
Matt Haack,ARI,P,7,,,,,,,,,,,,,,,,,25,1283
Pat O'Donnell,ARI,P,5,,,,,,,,,,,,,,,,,12,506
Jacoby Brissett,ARI,QB,17,602,397,4018,27,9,49,193,2,,,,,,,,,,
Kedon Slovis,ARI,QB,2,2,1,-2,0,0,0,0,0,,,,,,,,,,
Kyler Murray,ARI,QB,5,161,110,962,6,3,29,173,1,,,,,,,,,,
Bam Knight,ARI,RB,13,,,,,,84,293,4,31,22,160,1,,,,,,
Corey Kiner,ARI,RB,4,,,,,,12,58,0,3,2,15,0,,,,,,
D'Ernest Johnson,ARI,RB,1,,,,,,1,0,0,0,0,0,0,,,,,,
Emari Demercado,ARI,RB,12,,,,,,44,312,0,20,13,101,1,,,,,,
James Conner,ARI,RB,3,,,,,,32,95,1,9,8,38,1,,,,,,
Jeremiyah Love,ARI,RB,3,,,,,,41,160,1,12,10,44,1,,,,,,
Michael Carter,ARI,RB,13,,,,,,92,333,1,45,33,267,0,,,,,,
Trey Benson,ARI,RB,4,,,,,,29,160,0,16,13,64,0,,,,,,
Tyler Allgeier,ARI,RB,3,,,,,,24,70,0,8,8,28,0,,,,,,
Elijah Higgins,ARI,TE,19,,,,,,0,0,0,40,33,321,0,,,,,,
Hunter Long,ARI,TE,3,,,,,,0,0,0,1,1,5,0,,,,,,
Josiah Deguara,ARI,TE,7,,,,,,0,0,0,5,3,21,1,,,,,,
Pharaoh Brown,ARI,TE,5,,,,,,0,0,0,2,2,1,0,,,,,,
Tip Reiman,ARI,TE,3,,,,,,0,0,0,5,3,18,0,,,,,,
Travis Vokolek,ARI,TE,1,,,,,,0,0,0,0,0,0,0,,,,,,
Trey McBride,ARI,TE,20,,,,,,0,0,0,203,152,1450,13,,,,,,
Andre Baccellia,ARI,WR,4,,,,,,0,0,0,4,2,8,0,,,,,,
Devin Duvernay,ARI,WR,3,,,,,,0,0,0,0,0,0,0,,,,,,
Greg Dortch,ARI,WR,12,,,,,,7,15,1,33,29,206,3,,,,,,
Jalen Brooks,ARI,WR,6,,,,,,0,0,0,7,3,51,0,,,,,,
Kendrick Bourne,ARI,WR,3,,,,,,0,0,0,14,12,108,0,,,,,,
Marvin Harrison Jr.,ARI,WR,15,,,,,,0,0,0,82,45,681,4,,,,,,
Michael Wilson,ARI,WR,20,,,,,,0,0,0,157,96,1169,8,,,,,,
Simi Fehoko,ARI,WR,9,,,,,,0,0,0,0,0,0,0,,,,,,
Steven Sims,ARI,WR,3,,,,,,0,0,0,1,0,0,0,,,,,,
Trent Sherfield,ARI,WR,1,,,,,,0,0,0,1,0,0,0,,,,,,
Xavier Weaver,ARI,WR,7,,,,,,0,0,0,13,7,67,0,,,,,,
Zay Jones,ARI,WR,6,,,,,,0,0,0,18,12,183,0,,,,,,
A.J. Terrell,ATL,DB,17,,,,,,,,,,,,,74,0,,,,
Avieon Terrell,ATL,DB,3,,,,,,,,,,,,,3,0,,,,
Billy Bowman Jr.,ATL,DB,7,,,,,,,,,,,,,27,1.5,,,,
C.J. Henderson,ATL,DB,6,,,,,,,,,,,,,26,0,,,,
Clark Phillips III,ATL,DB,1,,,,,,,,,,,,,1,0,,,,
Cobee Bryant,ATL,DB,6,,,,,,,,,,,,,10,0,,,,
DeMarcco Hellams,ATL,DB,8,,,,,,,,,,,,,11,0,,,,
Dee Alford,ATL,DB,15,,,,,,,,,,,,,67,2,,,,
Jammie Robinson,ATL,DB,1,,,,,,,,,,,,,1,0,,,,
Jessie Bates,ATL,DB,20,,,,,,,,,,,,,113,0,,,,
Jordan Fuller,ATL,DB,2,,,,,,,,,,,,,2,0,,,,
Keith Taylor,ATL,DB,1,,,,,,,,,,,,,6,0,,,,
Mike Ford,ATL,DB,11,,,,,,,,,,,,,21,0,,,,
Mike Hughes,ATL,DB,14,,,,,,,,,,,,,63,0,,,,
Natrone Brooks,ATL,DB,10,,,,,,,,,,,,,10,0,,,,
Sydney Brown,ATL,DB,3,,,,,,,,,,,,,11,0,,,,
Xavier Watts,ATL,DB,20,,,,,,,,,,,,,110,0,,,,
Brandon Dorlus,ATL,DL,17,,,,,,,,,,,,,28,8.5,,,,
Cameron Thomas,ATL,DL,3,,,,,,,,,,,,,7,1.5,,,,
David Onyemata,ATL,DL,16,,,,,,,,,,,,,61,1,,,,
Elijah Garcia,ATL,DL,3,,,,,,,,,,,,,5,0,,,,
Gervon Dexter Sr.,ATL,DL,3,,,,,,,,,,,,,7,0.5,,,,
James Pearce Jr.,ATL,DL,15,,,,,,,,,,,,,26,10.5,,,,
Kentavius Street,ATL,DL,7,,,,,,,,,,,,,21,2,,,,
LaCale London,ATL,DL,13,,,,,,,,,,,,,39,5,,,,
Leonard Floyd,ATL,DL,12,,,,,,,,,,,,,18,3.5,,,,
Maason Smith,ATL,DL,3,,,,,,,,,,,,,3,0,,,,
Ruke Orhorhoro,ATL,DL,16,,,,,,,,,,,,,24,3.5,,,,
Sam Roberts,ATL,DL,5,,,,,,,,,,,,,18,1,,,,
Samson Ebukam,ATL,DL,2,,,,,,,,,,,,,3,0.5,,,,
Ta'Quon Graham,ATL,DL,1,,,,,,,,,,,,,4,0,,,,
Za'Darius Smith,ATL,DL,3,,,,,,,,,,,,,5,2.5,,,,
Zach Harrison,ATL,DL,9,,,,,,,,,,,,,24,4.5,,,,
John Parker Romo,ATL,K,7,,,,,,,,,,,,,,,11,12,,
Nick Folk,ATL,K,3,,,,,,,,,,,,,,,5,4,,
Younghoe Koo,ATL,K,1,,,,,,,,,,,,,,,2,2,,
Zane Gonzalez,ATL,K,9,,,,,,,,,,,,,,,19,17,,
Arnold Ebiketie,ATL,LB,15,,,,,,,,,,,,,35,2,,,,
Bralen Trice,ATL,LB,2,,,,,,,,,,,,,1,0,,,,
Christian Harris,ATL,LB,2,,,,,,,,,,,,,2,0,,,,
DeAngelo Malone,ATL,LB,7,,,,,,,,,,,,,8,0,,,,
Divine Deablo,ATL,LB,16,,,,,,,,,,,,,82,1,,,,
Harold Perkins Jr.,ATL,LB,3,,,,,,,,,,,,,6,0,,,,
JD Bertrand,ATL,LB,9,,,,,,,,,,,,,35,0,,,,
Jalon Walker,ATL,LB,14,,,,,,,,,,,,,35,5.5,,,,
Jared Ivey,ATL,LB,1,,,,,,,,,,,,,2,0,,,,
Josh Woods,ATL,LB,10,,,,,,,,,,,,,17,0,,,,
Kaden Elliss,ATL,LB,17,,,,,,,,,,,,,105,3.5,,,,
Kendal Daniels,ATL,LB,3,,,,,,,,,,,,,9,0,,,,
Khalid Kareem,ATL,LB,4,,,,,,,,,,,,,7,0,,,,
Ronnie Harrison,ATL,LB,9,,,,,,,,,,,,,29,2,,,,
Yasir Abdullah,ATL,LB,1,,,,,,,,,,,,,2,0,,,,
Liam McCullough,ATL,LS,1,,,,,,,,,,,,,,,,,,
Chris Lindstrom,ATL,OL,6,,,,,,,,,,,,,,,,,,
Elijah Wilkinson,ATL,OL,10,,,,,,,,,,,,,,,,,,
Jack Nelson,ATL,OL,1,,,,,,,,,,,,,,,,,,
Jake Matthews,ATL,OL,8,,,,,,,,,,,,,,,,,,
Jawaan Taylor,ATL,OL,1,,,,,,,,,,,,,,,,,,
Matthew Bergeron,ATL,OL,5,,,,,,,,,,,,,,,,,,
Michael Jerrell,ATL,OL,1,,,,,,,,,,,,,,,,,,
Ryan Neuzil,ATL,OL,6,,,,,,,,,,,,,,,,,,
Bradley Pinion,ATL,P,16,,,,,,,,,,,,,,,,,64,2889
Jake Bailey,ATL,P,3,,,,,,,,,,,,,,,,,11,531
Cooper Rush,ATL,QB,2,39,22,229,1,4,2,20,0,,,,,,,,,,
Jack Strand,ATL,QB,1,15,8,59,0,1,2,16,0,,,,,,,,,,
Kirk Cousins,ATL,QB,10,269,166,1721,10,5,14,7,1,,,,,,,,,,
Michael Penix Jr.,ATL,QB,10,301,184,2238,10,4,23,68,1,,,,,,,,,,
Bijan Robinson,ATL,RB,20,,,,,,353,1827,9,119,92,938,5,,,,,,
Brian Robinson,ATL,RB,3,,,,,,30,132,1,2,2,16,0,,,,,,
Nate Carter,ATL,RB,2,,,,,,9,60,0,0,0,0,0,,,,,,
Tyler Allgeier,ATL,RB,17,,,,,,143,514,8,16,14,96,0,,,,,,
Austin Hooper,ATL,TE,2,,,,,,0,0,0,6,4,31,1,,,,,,
Charlie Woerner,ATL,TE,8,,,,,,0,0,0,10,8,48,0,,,,,,
Feleipe Franks,ATL,TE,10,,,,,,2,4,0,0,0,0,0,,,,,,
Kyle Pitts,ATL,TE,20,,,,,,0,0,0,124,90,948,5,,,,,,
Nick Muse,ATL,TE,2,,,,,,0,0,0,0,0,0,0,,,,,,
Teagan Quitoriano,ATL,TE,2,,,,,,0,0,0,0,0,0,0,,,,,,
Casey Washington,ATL,WR,5,,,,,,0,0,0,14,6,94,0,,,,,,
Chris Blair,ATL,WR,4,,,,,,0,0,0,3,1,6,0,,,,,,
Darnell Mooney,ATL,WR,15,,,,,,0,0,0,72,32,443,1,,,,,,
David Sills,ATL,WR,12,,,,,,0,0,0,36,18,191,2,,,,,,
Deven Thompkins,ATL,WR,7,,,,,,1,5,0,3,3,27,0,,,,,,
Drake London,ATL,WR,15,,,,,,2,4,0,131,83,1193,7,,,,,,
Dylan Drummond,ATL,WR,6,,,,,,0,0,0,11,7,42,0,,,,,,
Jahan Dotson,ATL,WR,3,,,,,,0,0,0,10,4,41,0,,,,,,
Jamal Agnew,ATL,WR,11,,,,,,0,0,0,0,0,0,0,,,,,,
KhaDarel Hodge,ATL,WR,8,,,,,,0,0,0,10,3,31,0,,,,,,
Olamide Zaccheaus,ATL,WR,3,,,,,,0,0,0,6,4,17,0,,,,,,
Ray-Ray McCloud,ATL,WR,4,,,,,,0,0,0,14,6,64,0,,,,,,
Zachariah Branch,ATL,WR,3,,,,,,0,0,0,4,3,21,0,,,,,,
Alohi Gilman,BAL,DB,12,,,,,,,,,,,,,67,0,,,,
Amani Oruwariye,BAL,DB,1,,,,,,,,,,,,,1,0,,,,
Ar'Darius Washington,BAL,DB,4,,,,,,,,,,,,,7,1,,,,
Chandler Rivers,BAL,DB,2,,,,,,,,,,,,,4,0,,,,
Chidobe Awuzie,BAL,DB,15,,,,,,,,,,,,,44,0,,,,
Jaire Alexander,BAL,DB,2,,,,,,,,,,,,,5,0,,,,
Jaylinn Hawkins,BAL,DB,3,,,,,,,,,,,,,15,0,,,,
Keondre Jackson,BAL,DB,12,,,,,,,,,,,,,16,0,,,,
Keyon Martin,BAL,DB,9,,,,,,,,,,,,,24,1,,,,
Kyle Hamilton,BAL,DB,19,,,,,,,,,,,,,130,1,,,,
Malaki Starks,BAL,DB,20,,,,,,,,,,,,,100,1,,,,
Marlon Humphrey,BAL,DB,18,,,,,,,,,,,,,81,1,,,,
Nate Wiggins,BAL,DB,20,,,,,,,,,,,,,90,0,,,,
Reuben Lowery,BAL,DB,1,,,,,,,,,,,,,5,0,,,,
Sanoussi Kane,BAL,DB,2,,,,,,,,,,,,,1,0,,,,
T.J. Tampa,BAL,DB,17,,,,,,,,,,,,,30,0,,,,
Aeneas Peebles,BAL,DL,5,,,,,,,,,,,,,3,0,,,,
Basil Okoye,BAL,DL,9,,,,,,,,,,,,,15,0,,,,
Brent Urban,BAL,DL,9,,,,,,,,,,,,,19,0.5,,,,
Broderick Washington,BAL,DL,4,,,,,,,,,,,,,8,0,,,,
Calais Campbell,BAL,DL,3,,,,,,,,,,,,,6,0,,,,
Carl Lawson,BAL,DL,1,,,,,,,,,,,,,1,0,,,,
John Jenkins,BAL,DL,18,,,,,,,,,,,,,41,1,,,,
Josh Tupou,BAL,DL,2,,,,,,,,,,,,,5,0,,,,
Nnamdi Madubuike,BAL,DL,3,,,,,,,,,,,,,10,2,,,,
Taven Bryan,BAL,DL,2,,,,,,,,,,,,,1,0.5,,,,
Travis Jones,BAL,DL,19,,,,,,,,,,,,,52,5,,,,
Tyler Loop,BAL,K,20,,,,,,,,,,,,,,,35,55,,
Carl Jones,BAL,LB,2,,,,,,,,,,,,,3,0,,,,
Chandler Martin,BAL,LB,2,,,,,,,,,,,,,5,0,,,,
David Ojabo,BAL,LB,12,,,,,,,,,,,,,16,0.5,,,,
Dre'Mont Jones,BAL,LB,8,,,,,,,,,,,,,17,2.5,,,,
Ethan Burke,BAL,LB,2,,,,,,,,,,,,,1,0,,,,
Jacob Hummel,BAL,LB,14,,,,,,,,,,,,,17,0,,,,
Jay Higgins,BAL,LB,10,,,,,,,,,,,,,13,0,,,,
Kyle Van Noy,BAL,LB,14,,,,,,,,,,,,,20,2,,,,
Mike Green,BAL,LB,19,,,,,,,,,,,,,44,4.5,,,,
Odafe Oweh,BAL,LB,5,,,,,,,,,,,,,10,0,,,,
Roquan Smith,BAL,LB,18,,,,,,,,,,,,,156,1,,,,
Tavius Robinson,BAL,LB,12,,,,,,,,,,,,,35,6.5,,,,
Teddye Buchanan,BAL,LB,14,,,,,,,,,,,,,88,0.5,,,,
Trenton Simpson,BAL,LB,18,,,,,,,,,,,,,80,2.5,,,,
Trey Hendrickson,BAL,LB,3,,,,,,,,,,,,,4,1,,,,
Zion Young,BAL,LB,2,,,,,,,,,,,,,6,0,,,,
Nick Moore,BAL,LS,1,,,,,,,,,,,,,,,,,,
Andrew Vorhees,BAL,OL,3,,,,,,,,,,,,,,,,,,
Carson Vinson,BAL,OL,1,,,,,,,,,,,,,,,,,,
Daniel Faalele,BAL,OL,2,,,,,,,,,,,,,,,,,,
Emery Jones Jr.,BAL,OL,1,,,,,,,,,,,,,,,,,,
Joe Noteboom,BAL,OL,1,,,,,,,,,,,,,,,,,,
John Simpson,BAL,OL,1,,,,,,,,,,,,,,,,,,
Jovaughn Gwyn,BAL,OL,2,,,,,,,,,,,,,,,,,,
Olaivavega Ioane,BAL,OL,1,,,,,,,,,,,,,,,,,,
Roger Rosengarten,BAL,OL,5,,,,,,,,,,,,,,,,,,
Ronnie Stanley,BAL,OL,5,,,,,,,,,,,,,,,,,,
Tyler Linderbaum,BAL,OL,4,,,,,,,,,,,,,,,,,,
Jordan Stout,BAL,P,17,,,,,,,,,,,,,,,,,53,2657
Ryan Eckley,BAL,P,3,,,,,,,,,,,,,,,,,9,413
Cooper Rush,BAL,QB,4,52,34,303,0,4,4,-4,0,,,,,,,,,,
Lamar Jackson,BAL,QB,16,378,245,3294,25,8,84,473,3,,,,,,,,,,
Tyler Huntley,BAL,QB,5,67,52,426,2,0,24,151,0,,,,,,,,,,
Derrick Henry,BAL,RB,20,,,,,,373,1896,22,26,20,188,0,,,,,,
Justice Hill,BAL,RB,13,,,,,,31,150,2,30,24,191,1,,,,,,
Keaton Mitchell,BAL,RB,13,,,,,,59,341,1,12,9,63,0,,,,,,
Patrick Ricard,BAL,RB,5,,,,,,1,3,0,2,1,8,0,,,,,,
Rasheen Ali,BAL,RB,18,,,,,,7,24,0,11,9,68,1,,,,,,
Charlie Kolar,BAL,TE,13,,,,,,0,0,0,15,10,142,2,,,,,,
Durham Smythe,BAL,TE,2,,,,,,0,0,0,2,1,4,0,,,,,,
Isaiah Likely,BAL,TE,12,,,,,,0,0,0,36,27,307,1,,,,,,
Josh Cuevas,BAL,TE,1,,,,,,0,0,0,1,1,14,0,,,,,,
Mark Andrews,BAL,TE,20,,,,,,10,48,1,88,61,544,5,,,,,,
Matthew Hibner,BAL,TE,2,,,,,,0,0,0,3,3,36,1,,,,,,
Zaire Mitchell-Paden,BAL,TE,2,,,,,,0,0,0,2,1,3,0,,,,,,
Chris Moore,BAL,WR,3,,,,,,0,0,0,6,3,63,1,,,,,,
DeAndre Hopkins,BAL,WR,17,,,,,,0,0,0,39,22,330,2,,,,,,
Devontez Walker,BAL,WR,10,,,,,,0,0,0,11,7,183,3,,,,,,
Ja'Kobi Lane,BAL,WR,1,,,,,,0,0,0,3,1,11,0,,,,,,
LaJohntay Wester,BAL,WR,17,,,,,,0,0,0,4,3,29,0,,,,,,
Rashod Bateman,BAL,WR,16,,,,,,0,0,0,51,28,349,3,,,,,,
Tylan Wallace,BAL,WR,11,,,,,,0,0,0,8,4,45,1,,,,,,
Zay Flowers,BAL,WR,19,,,,,,11,82,1,130,96,1445,6,,,,,,
Brandon Codrington,BUF,DB,4,,,,,,,,,,,,,0,0,,,,
C.J. Gardner-Johnson,BUF,DB,3,,,,,,,,,,,,,14,0,,,,
Cam Lewis,BUF,DB,17,,,,,,,,,,,,,53,0,,,,
Christian Benford,BUF,DB,19,,,,,,,,,,,,,63,2,,,,
Cole Bishop,BUF,DB,21,,,,,,,,,,,,,116,2,,,,
Damar Hamlin,BUF,DB,4,,,,,,,,,,,,,7,0,,,,
Dane Jackson,BUF,DB,2,,,,,,,,,,,,,4,0,,,,
Darnell Savage,BUF,DB,2,,,,,,,,,,,,,5,0,,,,
Davison Igbinosun,BUF,DB,3,,,,,,,,,,,,,13,0,,,,
Dee Alford,BUF,DB,3,,,,,,,,,,,,,11,0,,,,
Dorian Strong,BUF,DB,4,,,,,,,,,,,,,10,0,,,,
Ja'Marcus Ingram,BUF,DB,5,,,,,,,,,,,,,6,0,,,,
Jordan Hancock,BUF,DB,12,,,,,,,,,,,,,34,0,,,,
Jordan Poyer,BUF,DB,11,,,,,,,,,,,,,72,0.5,,,,
Maxwell Hairston,BUF,DB,11,,,,,,,,,,,,,24,0,,,,
Sam Franklin Jr.,BUF,DB,16,,,,,,,,,,,,,17,0,,,,
Taron Johnson,BUF,DB,15,,,,,,,,,,,,,65,0,,,,
Taylor Rapp,BUF,DB,6,,,,,,,,,,,,,26,0,,,,
Te'Cory Couch,BUF,DB,1,,,,,,,,,,,,,1,0,,,,
Tre'Davious White,BUF,DB,18,,,,,,,,,,,,,45,0,,,,
DaQuan Jones,BUF,DL,14,,,,,,,,,,,,,24,3,,,,
DeWayne Carter,BUF,DL,3,,,,,,,,,,,,,6,0,,,,
Deone Walker,BUF,DL,20,,,,,,,,,,,,,53,2,,,,
Ed Oliver,BUF,DL,5,,,,,,,,,,,,,17,3,,,,
Greg Gaines,BUF,DL,3,,,,,,,,,,,,,5,0,,,,
Joey Bosa,BUF,DL,17,,,,,,,,,,,,,32,5,,,,
Jordan Phillips,BUF,DL,8,,,,,,,,,,,,,9,1,,,,
Landon Jackson,BUF,DL,3,,,,,,,,,,,,,7,0,,,,
Larry Ogunjobi,BUF,DL,9,,,,,,,,,,,,,19,0,,,,
Phidarian Mathis,BUF,DL,5,,,,,,,,,,,,,13,0,,,,
T.J. Sanders,BUF,DL,10,,,,,,,,,,,,,16,1,,,,
Zion Logue,BUF,DL,2,,,,,,,,,,,,,2,0.5,,,,
Matt Prater,BUF,K,17,,,,,,,,,,,,,,,23,52,,
Mike Badgley,BUF,K,2,,,,,,,,,,,,,,,1,2,,
Tyler Bass,BUF,K,3,,,,,,,,,,,,,,,4,11,,
A.J. Epenesa,BUF,LB,17,,,,,,,,,,,,,34,2.5,,,,
Andre Jones Jr.,BUF,LB,3,,,,,,,,,,,,,6,0,,,,
Baylon Spector,BUF,LB,4,,,,,,,,,,,,,4,0,,,,
Bradley Chubb,BUF,LB,3,,,,,,,,,,,,,11,1.5,,,,
Dorian Williams,BUF,LB,21,,,,,,,,,,,,,88,0,,,,
Greg Rousseau,BUF,LB,21,,,,,,,,,,,,,67,14,,,,
Javon Solomon,BUF,LB,16,,,,,,,,,,,,,23,1,,,,
Joe Andreessen,BUF,LB,18,,,,,,,,,,,,,40,0,,,,
Kaleb Elarms-Orr,BUF,LB,3,,,,,,,,,,,,,6,0,,,,
Keonta Jenkins,BUF,LB,3,,,,,,,,,,,,,9,0,,,,
Matt Milano,BUF,LB,14,,,,,,,,,,,,,73,3.5,,,,
Michael Danna,BUF,LB,1,,,,,,,,,,,,,0,0,,,,
Michael Hoecht,BUF,LB,4,,,,,,,,,,,,,11,2.5,,,,
Shaq Thompson,BUF,LB,14,,,,,,,,,,,,,69,1,,,,
TJ Parker,BUF,LB,2,,,,,,,,,,,,,3,0,,,,
Terrel Bernard,BUF,LB,15,,,,,,,,,,,,,81,0,,,,
Reid Ferguson,BUF,LS,1,,,,,,,,,,,,,,,,,,
Alec Anderson,BUF,OL,5,,,,,,,,,,,,,,,,,,
Connor McGovern,BUF,OL,2,,,,,,,,,,,,,,,,,,
David Edwards,BUF,OL,2,,,,,,,,,,,,,,,,,,
Dion Dawkins,BUF,OL,9,,,,,,,,,,,,,,,,,,
O'Cyrus Torrence,BUF,OL,2,,,,,,,,,,,,,,,,,,
Ryan Van Demark,BUF,OL,2,,,,,,,,,,,,,,,,,,
Sedrick Van Pran-Granger,BUF,OL,1,,,,,,,,,,,,,,,,,,
Spencer Brown,BUF,OL,7,,,,,,,,,,,,,,,,,,
Brad Robbins,BUF,P,1,,,,,,,,,,,,,,,,,4,158
Cameron Johnston,BUF,P,3,,,,,,,,,,,,,,,,,7,308
Mitch Wishnowsky,BUF,P,14,,,,,,,,,,,,,,,,,41,1853
Tommy Doman Jr.,BUF,P,3,,,,,,,,,,,,,,,,,5,243
Josh Allen,BUF,QB,21,620,428,5010,34,14,163,792,22,,,,,,,,,,
Mitchell Trubisky,BUF,QB,4,35,25,313,4,0,9,6,0,,,,,,,,,,
Frank Gore Jr.,BUF,RB,3,,,,,,1,3,0,1,1,6,0,,,,,,
James Cook,BUF,RB,22,,,,,,406,2130,14,54,41,336,2,,,,,,
Ray Davis,BUF,RB,21,,,,,,59,278,0,15,12,119,2,,,,,,
Reggie Gilliam,BUF,RB,11,,,,,,2,4,0,2,2,24,0,,,,,,
Ty Johnson,BUF,RB,18,,,,,,50,200,3,37,28,313,2,,,,,,
Dalton Kincaid,BUF,TE,17,,,,,,0,0,0,77,62,945,8,,,,,,
Dawson Knox,BUF,TE,21,,,,,,1,0,0,61,46,496,5,,,,,,
Jackson Hawes,BUF,TE,15,,,,,,0,0,0,20,16,187,3,,,,,,
Keleki Latu,BUF,TE,5,,,,,,0,0,0,4,4,35,0,,,,,,
Brandin Cooks,BUF,WR,6,,,,,,0,0,0,22,10,192,0,,,,,,
Curtis Samuel,BUF,WR,7,,,,,,0,0,0,12,8,83,1,,,,,,
DJ Moore,BUF,WR,3,,,,,,1,-1,0,18,11,167,1,,,,,,
Elijah Moore,BUF,WR,9,,,,,,6,24,1,17,9,112,0,,,,,,
Gabe Davis,BUF,WR,7,,,,,,0,0,0,21,14,143,1,,,,,,
Greg Dortch,BUF,WR,3,,,,,,0,0,0,0,0,0,0,,,,,,
Josh Palmer,BUF,WR,14,,,,,,0,0,0,42,24,380,2,,,,,,
Keon Coleman,BUF,WR,17,,,,,,0,0,0,72,48,551,5,,,,,,
Khalil Shakir,BUF,WR,21,,,,,,1,5,0,131,99,970,4,,,,,,
Mecole Hardman,BUF,WR,3,,,,,,0,0,0,3,1,4,1,,,,,,
Tyrell Shavers,BUF,WR,12,,,,,,0,0,0,25,16,259,1,,,,,,
Akayleb Evans,CAR,DB,9,,,,,,,,,,,,,19,0,,,,
Chau Smith-Wade,CAR,DB,19,,,,,,,,,,,,,62,0,,,,
Corey Thornton,CAR,DB,7,,,,,,,,,,,,,14,0,,,,
Demani Richardson,CAR,DB,6,,,,,,,,,,,,,7,0,,,,
Isaiah Simmons,CAR,DB,5,,,,,,,,,,,,,4,0,,,,
Israel Mukuamu,CAR,DB,1,,,,,,,,,,,,,0,0,,,,
Jaycee Horn,CAR,DB,19,,,,,,,,,,,,,46,0,,,,
Lathan Ransom,CAR,DB,19,,,,,,,,,,,,,67,1,,,,
Mike Jackson,CAR,DB,21,,,,,,,,,,,,,75,0,,,,
Nick Scott,CAR,DB,20,,,,,,,,,,,,,127,0,,,,
Robert Rochell,CAR,DB,3,,,,,,,,,,,,,4,0,,,,
Tre'von Moehrig,CAR,DB,20,,,,,,,,,,,,,113,3,,,,
Trevian Thomas,CAR,DB,1,,,,,,,,,,,,,1,0,,,,
Will Lee III,CAR,DB,3,,,,,,,,,,,,,13,0,,,,
Zakee Wheatley,CAR,DB,2,,,,,,,,,,,,,10,0,,,,
A'Shawn Robinson,CAR,DL,18,,,,,,,,,,,,,68,2.5,,,,
Aaron Hall,CAR,DL,3,,,,,,,,,,,,,8,0,,,,
Bobby Brown III,CAR,DL,15,,,,,,,,,,,,,36,0.5,,,,
Cam Jackson,CAR,DL,5,,,,,,,,,,,,,11,0,,,,
DJ Johnson,CAR,DL,2,,,,,,,,,,,,,2,0,,,,
Derrick Brown,CAR,DL,20,,,,,,,,,,,,,87,5,,,,
Jaden Crumedy,CAR,DL,1,,,,,,,,,,,,,2,0,,,,
LaBryan Ray,CAR,DL,9,,,,,,,,,,,,,13,0,,,,
Lee Hunter,CAR,DL,2,,,,,,,,,,,,,10,0,,,,
TeRah Edwards,CAR,DL,3,,,,,,,,,,,,,7,0,,,,
Tershawn Wharton,CAR,DL,10,,,,,,,,,,,,,36,2,,,,
Ryan Fitzgerald,CAR,K,21,,,,,,,,,,,,,,,32,39,,
Bam Martin-Scott,CAR,LB,12,,,,,,,,,,,,,23,0,,,,
Bobby Okereke,CAR,LB,3,,,,,,,,,,,,,19,0,,,,
Carlos Basham,CAR,LB,2,,,,,,,,,,,,,4,0,,,,
Christian Rozeboom,CAR,LB,16,,,,,,,,,,,,,128,2,,,,
Claudin Cherelus,CAR,LB,11,,,,,,,,,,,,,42,0,,,,
D.J. Wonnum,CAR,LB,17,,,,,,,,,,,,,47,3,,,,
Devin Lloyd,CAR,LB,2,,,,,,,,,,,,,21,1,,,,
Jackson Kuwatch,CAR,LB,1,,,,,,,,,,,,,1,0,,,,
Jaelan Phillips,CAR,LB,3,,,,,,,,,,,,,7,2,,,,
Jeremiah Moon,CAR,LB,2,,,,,,,,,,,,,7,0,,,,
Krys Barnes,CAR,LB,5,,,,,,,,,,,,,22,0.5,,,,
Maema Njongmeta,CAR,LB,11,,,,,,,,,,,,,14,0,,,,
Nic Scourton,CAR,LB,16,,,,,,,,,,,,,47,5,,,,
Patrick Jones II,CAR,LB,5,,,,,,,,,,,,,12,1,,,,
Princely Umanmielen,CAR,LB,17,,,,,,,,,,,,,32,3.5,,,,
Thomas Incoom,CAR,LB,18,,,,,,,,,,,,,21,0,,,,
Trevin Wallace,CAR,LB,12,,,,,,,,,,,,,61,2,,,,
Trevis Gipson,CAR,LB,11,,,,,,,,,,,,,18,3,,,,
Tyrel Dodson,CAR,LB,1,,,,,,,,,,,,,6,0,,,,
Austin Corbett,CAR,OL,2,,,,,,,,,,,,,,,,,,
Brady Christensen,CAR,OL,2,,,,,,,,,,,,,,,,,,
Brandon Walton,CAR,OL,1,,,,,,,,,,,,,,,,,,
Cade Mays,CAR,OL,3,,,,,,,,,,,,,,,,,,
Chandler Zavala,CAR,OL,3,,,,,,,,,,,,,,,,,,
Damien Lewis,CAR,OL,5,,,,,,,,,,,,,,,,,,
Ikem Ekwonu,CAR,OL,6,,,,,,,,,,,,,,,,,,
Luke Fortner,CAR,OL,1,,,,,,,,,,,,,,,,,,
Monroe Freeling,CAR,OL,2,,,,,,,,,,,,,,,,,,
Rasheed Walker,CAR,OL,3,,,,,,,,,,,,,,,,,,
Robert Hunt,CAR,OL,3,,,,,,,,,,,,,,,,,,
Taylor Moton,CAR,OL,5,,,,,,,,,,,,,,,,,,
Yosh Nijman,CAR,OL,1,,,,,,,,,,,,,,,,,,
Sam Martin,CAR,P,21,,,,,,,,,,,,,,,,,69,3284
Andy Dalton,CAR,QB,4,37,25,293,1,1,5,-2,0,,,,,,,,,,
Bryce Young,CAR,QB,20,639,397,4214,31,14,60,256,4,,,,,,,,,,
Kenny Pickett,CAR,QB,2,1,0,0,0,0,2,20,0,,,,,,,,,,
AJ Dillon,CAR,RB,3,,,,,,12,41,0,1,1,-2,0,,,,,,
Anthony Tyus III,CAR,RB,1,,,,,,0,0,0,0,0,0,0,,,,,,
Chuba Hubbard,CAR,RB,19,,,,,,188,741,4,52,41,313,5,,,,,,
DeeJay Dallas,CAR,RB,2,,,,,,1,0,0,0,0,0,0,,,,,,
Jonathon Brooks,CAR,RB,2,,,,,,9,30,0,3,2,43,0,,,,,,
Rico Dowdle,CAR,RB,18,,,,,,241,1085,6,52,40,303,1,,,,,,
Trevor Etienne,CAR,RB,18,,,,,,21,98,0,3,3,13,0,,,,,,
Darren Waller,CAR,TE,3,,,,,,0,0,0,13,10,112,2,,,,,,
Feleipe Franks,CAR,TE,3,,,,,,0,0,0,0,0,0,0,,,,,,
Ja'Tavion Sanders,CAR,TE,12,,,,,,0,0,0,34,29,190,1,,,,,,
James Mitchell,CAR,TE,3,,,,,,0,0,0,4,3,28,0,,,,,,
Mitchell Evans,CAR,TE,18,,,,,,1,1,0,32,24,229,2,,,,,,
Tommy Tremble,CAR,TE,19,,,,,,0,0,0,51,37,341,2,,,,,,
Brycen Tremayne,CAR,WR,19,,,,,,0,0,0,25,18,243,0,,,,,,
Dalevon Campbell,CAR,WR,1,,,,,,0,0,0,0,0,0,0,,,,,,
David Moore,CAR,WR,4,,,,,,1,12,0,3,1,5,0,,,,,,
Hunter Renfrow,CAR,WR,6,,,,,,0,0,0,26,15,89,2,,,,,,
Jalen Coker,CAR,WR,15,,,,,,0,0,0,77,60,750,6,,,,,,
Jimmy Horn Jr.,CAR,WR,12,,,,,,8,69,0,18,11,108,0,,,,,,
John Metchie III,CAR,WR,2,,,,,,0,0,0,5,2,19,1,,,,,,
Tetairoa McMillan,CAR,WR,21,,,,,,0,0,0,152,87,1288,7,,,,,,
Xavier Legette,CAR,WR,18,,,,,,1,0,0,74,38,435,3,,,,,,
C.J. Gardner-Johnson,CHI,DB,11,,,,,,,,,,,,,55,3,,,,
Cam Lewis,CHI,DB,3,,,,,,,,,,,,,14,0,,,,
Dallis Flowers,CHI,DB,1,,,,,,,,,,,,,1,0,,,,
Dillon Thieneman,CHI,DB,3,,,,,,,,,,,,,23,0,,,,
Elijah Hicks,CHI,DB,18,,,,,,,,,,,,,27,0,,,,
Jaquan Brisker,CHI,DB,19,,,,,,,,,,,,,114,2,,,,
Jaylon Johnson,CHI,DB,12,,,,,,,,,,,,,34,0,,,,
Jaylon Jones,CHI,DB,12,,,,,,,,,,,,,17,0,,,,
Jonathan Owens,CHI,DB,14,,,,,,,,,,,,,20,0,,,,
Josh Blackwell,CHI,DB,16,,,,,,,,,,,,,12,0,,,,
Kevin Byard,CHI,DB,19,,,,,,,,,,,,,100,0,,,,
Kyler Gordon,CHI,DB,5,,,,,,,,,,,,,17,2,,,,
Malik Muhammad,CHI,DB,3,,,,,,,,,,,,,11,1,,,,
Nahshon Wright,CHI,DB,19,,,,,,,,,,,,,82,0,,,,
Nick McCloud,CHI,DB,10,,,,,,,,,,,,,27,0,,,,
Skyler Thomas,CHI,DB,2,,,,,,,,,,,,,2,0,,,,
Tyrique Stevenson,CHI,DB,16,,,,,,,,,,,,,66,0,,,,
Xavier Woods,CHI,DB,2,,,,,,,,,,,,,7,0,,,,
Andrew Billings,CHI,DL,16,,,,,,,,,,,,,31,1,,,,
Austin Booker,CHI,DL,15,,,,,,,,,,,,,51,6.5,,,,
Chris Williams,CHI,DL,10,,,,,,,,,,,,,14,1,,,,
Daniel Hardy,CHI,DL,15,,,,,,,,,,,,,24,0,,,,
Dayo Odeyingbo,CHI,DL,11,,,,,,,,,,,,,26,3,,,,
Dominique Robinson,CHI,DL,12,,,,,,,,,,,,,23,2.5,,,,
Gervon Dexter Sr.,CHI,DL,18,,,,,,,,,,,,,47,6,,,,
Grady Jarrett,CHI,DL,18,,,,,,,,,,,,,51,1.5,,,,
James Lynch,CHI,DL,3,,,,,,,,,,,,,11,0,,,,
Joe Tryon-Shoyinka,CHI,DL,5,,,,,,,,,,,,,13,0,,,,
Jonathan Ford,CHI,DL,3,,,,,,,,,,,,,4,0,,,,
Jordan van den Berg,CHI,DL,1,,,,,,,,,,,,,1,0,,,,
Kentavius Street,CHI,DL,2,,,,,,,,,,,,,4,1,,,,
Montez Sweat,CHI,DL,22,,,,,,,,,,,,,59,13,,,,
Neville Gallimore,CHI,DL,3,,,,,,,,,,,,,4,0,,,,
Shemar Turner,CHI,DL,2,,,,,,,,,,,,,5,0,,,,
Tanoh Kpassagnon,CHI,DL,4,,,,,,,,,,,,,5,1,,,,
Cairo Santos,CHI,K,20,,,,,,,,,,,,,,,33,54,,
Jake Moody,CHI,K,2,,,,,,,,,,,,,,,8,3,,
Amen Ogbongbemiga,CHI,LB,4,,,,,,,,,,,,,18,0,,,,
Carl Jones,CHI,LB,8,,,,,,,,,,,,,11,0,,,,
D'Marco Jackson,CHI,LB,18,,,,,,,,,,,,,61,1,,,,
Devin Bush,CHI,LB,3,,,,,,,,,,,,,15,0,,,,
Jack Sanborn,CHI,LB,1,,,,,,,,,,,,,2,0,,,,
Jalen Reeves-Maybin,CHI,LB,2,,,,,,,,,,,,,4,0,,,,
Noah Sewell,CHI,LB,13,,,,,,,,,,,,,58,0,,,,
Ruben Hyppolite II,CHI,LB,3,,,,,,,,,,,,,6,0,,,,
T.J. Edwards,CHI,LB,13,,,,,,,,,,,,,74,0.5,,,,
Tremaine Edmunds,CHI,LB,15,,,,,,,,,,,,,121,1,,,,
Beau Gardner,CHI,LS,1,,,,,,,,,,,,,,,,,,
Scott Daly,CHI,LS,3,,,,,,,,,,,,,,,,,,
Braxton Jones,CHI,OL,2,,,,,,,,,,,,,,,,,,
Darnell Wright,CHI,OL,9,,,,,,,,,,,,,,,,,,
Drew Dalman,CHI,OL,4,,,,,,,,,,,,,,,,,,
Garrett Bradbury,CHI,OL,2,,,,,,,,,,,,,,,,,,
Joe Thuney,CHI,OL,2,,,,,,,,,,,,,,,,,,
Jonah Jackson,CHI,OL,5,,,,,,,,,,,,,,,,,,
Ozzy Trapilo,CHI,OL,3,,,,,,,,,,,,,,,,,,
Theo Benedet,CHI,OL,6,,,,,,,,,,,,,,,,,,
Tory Taylor,CHI,P,21,,,,,,,,,,,,,,,,,71,3413
Caleb Williams,CHI,QB,21,713,413,4967,33,13,101,555,5,,,,,,,,,,
Case Keenum,CHI,QB,1,34,24,247,2,0,4,6,1,,,,,,,,,,
Tyson Bagent,CHI,QB,3,13,8,101,0,0,2,7,0,,,,,,,,,,
Brittain Brown,CHI,RB,2,,,,,,5,37,1,1,0,0,0,,,,,,
D'Andre Swift,CHI,RB,21,,,,,,309,1470,13,59,44,405,1,,,,,,
Kyle Monangai,CHI,RB,22,,,,,,220,1024,6,41,27,257,0,,,,,,
Roschon Johnson,CHI,RB,7,,,,,,2,17,0,0,0,0,0,,,,,,
Travis Homer,CHI,RB,8,,,,,,1,-2,0,0,0,0,0,,,,,,
Cole Kmet,CHI,TE,21,,,,,,1,1,0,58,35,413,4,,,,,,
Colston Loveland,CHI,TE,21,,,,,,1,-2,0,116,75,940,6,,,,,,
Durham Smythe,CHI,TE,9,,,,,,0,0,0,9,6,36,0,,,,,,
Nikola Kalinic,CHI,TE,2,,,,,,0,0,0,0,0,0,0,,,,,,
Sam Roush,CHI,TE,2,,,,,,0,0,0,4,2,25,0,,,,,,
DJ Moore,CHI,WR,19,,,,,,17,82,1,100,61,798,8,,,,,,
Devin Duvernay,CHI,WR,19,,,,,,0,0,0,5,2,26,0,,,,,,
Jahdae Walker,CHI,WR,7,,,,,,0,0,0,11,7,88,3,,,,,,
Kaden Davis,CHI,WR,1,,,,,,0,0,0,0,0,0,0,,,,,,
Kalif Raymond,CHI,WR,3,,,,,,0,0,0,21,19,214,1,,,,,,
Luther Burden III,CHI,WR,20,,,,,,10,42,0,97,68,874,3,,,,,,
Olamide Zaccheaus,CHI,WR,16,,,,,,4,25,0,69,41,330,3,,,,,,
Rome Odunze,CHI,WR,17,,,,,,0,0,0,115,56,888,6,,,,,,
Zavion Thomas,CHI,WR,2,,,,,,0,0,0,1,1,1,0,,,,,,
Bralyn Lux,CIN,DB,1,,,,,,,,,,,,,3,0,,,,
Bryan Cook,CIN,DB,3,,,,,,,,,,,,,12,0,,,,
Cam Taylor-Britt,CIN,DB,8,,,,,,,,,,,,,21,0,,,,
D.J. Ivey,CIN,DB,12,,,,,,,,,,,,,20,0,,,,
DJ Turner II,CIN,DB,19,,,,,,,,,,,,,48,0,,,,
Daijahn Anthony,CIN,DB,3,,,,,,,,,,,,,4,0,,,,
Daxton Hill,CIN,DB,19,,,,,,,,,,,,,108,0,,,,
Geno Stone,CIN,DB,16,,,,,,,,,,,,,103,2,,,,
Jalen Davis,CIN,DB,9,,,,,,,,,,,,,30,1,,,,
Jordan Battle,CIN,DB,20,,,,,,,,,,,,,144,0,,,,
Josh Newton,CIN,DB,11,,,,,,,,,,,,,15,0,,,,
Kyle Dugger,CIN,DB,3,,,,,,,,,,,,,10,0,,,,
Marco Wilson,CIN,DB,2,,,,,,,,,,,,,3,0,,,,
PJ Jules,CIN,DB,11,,,,,,,,,,,,,20,0,,,,
Tacario Davis,CIN,DB,3,,,,,,,,,,,,,8,0,,,,
Tycen Anderson,CIN,DB,14,,,,,,,,,,,,,23,0,,,,
B.J. Hill,CIN,DL,18,,,,,,,,,,,,,66,4,,,,
Boye Mafe,CIN,DL,3,,,,,,,,,,,,,4,1,,,,
Cameron Sample,CIN,DL,10,,,,,,,,,,,,,17,2,,,,
Cashius Howell,CIN,DL,2,,,,,,,,,,,,,3,0,,,,
Cedric Johnson,CIN,DL,11,,,,,,,,,,,,,26,4,,,,
Dexter Lawrence,CIN,DL,3,,,,,,,,,,,,,7,2,,,,
Howard Cross III,CIN,DL,3,,,,,,,,,,,,,4,0,,,,
Isaiah Foskey,CIN,DL,3,,,,,,,,,,,,,4,0,,,,
Jonathan Allen,CIN,DL,3,,,,,,,,,,,,,6,2,,,,
Jordan Jefferson,CIN,DL,1,,,,,,,,,,,,,0,0,,,,
Joseph Ossai,CIN,DL,14,,,,,,,,,,,,,41,5,,,,
Kris Jenkins,CIN,DL,15,,,,,,,,,,,,,39,2.5,,,,
McKinnley Jackson,CIN,DL,4,,,,,,,,,,,,,7,0,,,,
Mike Pennel,CIN,DL,7,,,,,,,,,,,,,14,0,,,,
Myles Murphy,CIN,DL,18,,,,,,,,,,,,,54,6,,,,
Shemar Stewart,CIN,DL,7,,,,,,,,,,,,,13,2,,,,
Tedarrell Slaton,CIN,DL,18,,,,,,,,,,,,,56,3,,,,
Evan McPherson,CIN,K,20,,,,,,,,,,,,,,,33,49,,
Barrett Carter,CIN,LB,19,,,,,,,,,,,,,123,0.5,,,,
Demetrius Knight Jr.,CIN,LB,20,,,,,,,,,,,,,131,3,,,,
Joe Giles-Harris,CIN,LB,11,,,,,,,,,,,,,30,0,,,,
Logan Wilson,CIN,LB,8,,,,,,,,,,,,,45,0,,,,
Oren Burks,CIN,LB,20,,,,,,,,,,,,,52,0,,,,
Shaka Heyward,CIN,LB,9,,,,,,,,,,,,,16,0,,,,
Swayze Bozeman,CIN,LB,2,,,,,,,,,,,,,3,0,,,,
Trey Hendrickson,CIN,LB,7,,,,,,,,,,,,,16,4,,,,
William Wagner,CIN,LS,2,,,,,,,,,,,,,,,,,,
Amarius Mims,CIN,OL,6,,,,,,,,,,,,,,,,,,
Cody Ford,CIN,OL,1,,,,,,,,,,,,,,,,,,
Dalton Risner,CIN,OL,6,,,,,,,,,,,,,,,,,,
Dylan Fairchild,CIN,OL,7,,,,,,,,,,,,,,,,,,
Jalen Rivers,CIN,OL,2,,,,,,,,,,,,,,,,,,
Orlando Brown,CIN,OL,7,,,,,,,,,,,,,,,,,,
Ted Karras,CIN,OL,5,,,,,,,,,,,,,,,,,,
Ryan Rehkow,CIN,P,20,,,,,,,,,,,,,,,,,76,3765
Brett Rypien,CIN,QB,1,0,0,0,0,0,0,0,0,,,,,,,,,,
Jake Browning,CIN,QB,5,125,81,771,6,8,9,39,1,,,,,,,,,,
Joe Burrow,CIN,QB,11,362,246,2552,23,6,22,73,0,,,,,,,,,,
Joe Flacco,CIN,QB,9,256,158,1664,13,4,15,22,1,,,,,,,,,,
Chase Brown,CIN,RB,20,,,,,,281,1216,7,101,79,469,5,,,,,,
Gary Brightwell,CIN,RB,2,,,,,,0,0,0,0,0,0,0,,,,,,
Kendall Milton,CIN,RB,1,,,,,,2,2,0,0,0,0,0,,,,,,
Samaje Perine,CIN,RB,18,,,,,,94,417,3,28,22,138,0,,,,,,
Tahj Brooks,CIN,RB,14,,,,,,16,45,0,2,1,9,0,,,,,,
Cam Grandy,CIN,TE,2,,,,,,0,0,0,2,2,7,0,,,,,,
Drew Sample,CIN,TE,14,,,,,,1,3,0,25,19,125,1,,,,,,
Erick All,CIN,TE,1,,,,,,0,0,0,3,2,5,0,,,,,,
Mike Gesicki,CIN,TE,14,,,,,,0,0,0,52,36,422,4,,,,,,
Noah Fant,CIN,TE,13,,,,,,0,0,0,41,34,288,3,,,,,,
Tanner Hudson,CIN,TE,12,,,,,,0,0,0,27,22,185,2,,,,,,
Andrei Iosivas,CIN,WR,17,,,,,,3,14,0,62,36,454,2,,,,,,
Charlie Jones,CIN,WR,14,,,,,,0,0,0,1,0,0,0,,,,,,
Colbie Young,CIN,WR,2,,,,,,0,0,0,2,2,9,0,,,,,,
Dohnte Meyers,CIN,WR,3,,,,,,1,10,0,7,4,47,0,,,,,,
Ja'Marr Chase,CIN,WR,19,,,,,,3,14,0,210,143,1597,11,,,,,,
Ke'Shawn Williams,CIN,WR,4,,,,,,2,10,0,1,1,5,0,,,,,,
Mitchell Tinsley,CIN,WR,8,,,,,,0,0,0,24,8,116,2,,,,,,
Tee Higgins,CIN,WR,18,,,,,,0,0,0,121,73,1090,12,,,,,,
Cameron Mitchell,CLE,DB,1,,,,,,,,,,,,,1,0,,,,
Chris Edmonds,CLE,DB,5,,,,,,,,,,,,,7,0,,,,
D'Angelo Ross,CLE,DB,3,,,,,,,,,,,,,9,0,,,,
Daniel Thomas,CLE,DB,1,,,,,,,,,,,,,1,0,,,,
Denzel Ward,CLE,DB,17,,,,,,,,,,,,,50,0,,,,
Dom Jones,CLE,DB,2,,,,,,,,,,,,,5,0,,,,
Donovan McMillon,CLE,DB,14,,,,,,,,,,,,,18,1,,,,
Emmanuel McNeil-Warren,CLE,DB,3,,,,,,,,,,,,,11,0,,,,
Grant Delpit,CLE,DB,20,,,,,,,,,,,,,98,4,,,,
Greg Newsome II,CLE,DB,5,,,,,,,,,,,,,20,0,,,,
Mekhi Blackmon,CLE,DB,2,,,,,,,,,,,,,10,0,,,,
Myles Harden,CLE,DB,19,,,,,,,,,,,,,55,0,,,,
Noah Igbinoghene,CLE,DB,1,,,,,,,,,,,,,2,0,,,,
Rayshawn Jenkins,CLE,DB,16,,,,,,,,,,,,,45,0,,,,
Ronnie Hickman Jr.,CLE,DB,20,,,,,,,,,,,,,122,1,,,,
Sam Webb,CLE,DB,3,,,,,,,,,,,,,8,0,,,,
Toriano Pride Jr.,CLE,DB,1,,,,,,,,,,,,,0,0,,,,
Tre Avery,CLE,DB,8,,,,,,,,,,,,,13,0,,,,
Tyson Campbell,CLE,DB,14,,,,,,,,,,,,,64,0,,,,
Adin Huntington,CLE,DL,12,,,,,,,,,,,,,20,0.5,,,,
Alex Wright,CLE,DL,13,,,,,,,,,,,,,34,5.5,,,,
Cameron Thomas,CLE,DL,12,,,,,,,,,,,,,28,2.5,,,,
Derek Barnett,CLE,DL,2,,,,,,,,,,,,,2,0,,,,
Isaiah McGuire,CLE,DL,18,,,,,,,,,,,,,34,3,,,,
Jared Verse,CLE,DL,3,,,,,,,,,,,,,8,0,,,,
Joe Tryon-Shoyinka,CLE,DL,5,,,,,,,,,,,,,9,0,,,,
Maliek Collins,CLE,DL,14,,,,,,,,,,,,,29,6.5,,,,
Mason Graham,CLE,DL,20,,,,,,,,,,,,,61,4.5,,,,
Maurice Hurst,CLE,DL,2,,,,,,,,,,,,,1,0,,,,
Mike Hall Jr.,CLE,DL,8,,,,,,,,,,,,,14,1.5,,,,
Myles Garrett,CLE,DL,17,,,,,,,,,,,,,57,23,,,,
Sam Kamara,CLE,DL,3,,,,,,,,,,,,,4,0,,,,
Sam Williams,CLE,DL,3,,,,,,,,,,,,,9,0,,,,
Shelby Harris,CLE,DL,17,,,,,,,,,,,,,29,1,,,,
Andre Szmyt,CLE,K,20,,,,,,,,,,,,,,,30,29,,
Carson Schwesinger,CLE,LB,19,,,,,,,,,,,,,172,2.5,,,,
Devin Bush,CLE,LB,17,,,,,,,,,,,,,123,2,,,,
Easton Mascarenas-Arnold,CLE,LB,9,,,,,,,,,,,,,15,0,,,,
Jerome Baker,CLE,LB,16,,,,,,,,,,,,,39,1.5,,,,
Mohamoud Diabate,CLE,LB,15,,,,,,,,,,,,,49,0,,,,
Nathaniel Watson,CLE,LB,2,,,,,,,,,,,,,1,0,,,,
Quincy Williams,CLE,LB,3,,,,,,,,,,,,,18,0,,,,
Winston Reid,CLE,LB,1,,,,,,,,,,,,,1,0,,,,
Rex Sunahara,CLE,LS,7,,,,,,,,,,,,,,,,,,
Austin Barber,CLE,OL,2,,,,,,,,,,,,,,,,,,
Cam Robinson,CLE,OL,6,,,,,,,,,,,,,,,,,,
Cornelius Lucas,CLE,OL,2,,,,,,,,,,,,,,,,,,
Dawand Jones,CLE,OL,2,,,,,,,,,,,,,,,,,,
Elgton Jenkins,CLE,OL,1,,,,,,,,,,,,,,,,,,
Ethan Pocic,CLE,OL,2,,,,,,,,,,,,,,,,,,
Jack Conklin,CLE,OL,3,,,,,,,,,,,,,,,,,,
Joel Bitonio,CLE,OL,2,,,,,,,,,,,,,,,,,,
KT Leveston,CLE,OL,6,,,,,,,,,,,,,,,,,,
Luke Wypler,CLE,OL,5,,,,,,,,,,,,,,,,,,
Spencer Fano,CLE,OL,1,,,,,,,,,,,,,,,,,,
Teven Jenkins,CLE,OL,1,,,,,,,,,,,,,,,,,,
Tytus Howard,CLE,OL,3,,,,,,,,,,,,,,,,,,
Wyatt Teller,CLE,OL,4,,,,,,,,,,,,,,,,,,
Zion Johnson,CLE,OL,1,,,,,,,,,,,,,,,,,,
Corey Bojorquez,CLE,P,20,,,,,,,,,,,,,,,,,103,4736
Deshaun Watson,CLE,QB,3,82,56,587,5,1,24,105,0,,,,,,,,,,
Dillon Gabriel,CLE,QB,10,185,110,937,7,2,14,86,0,,,,,,,,,,
Joe Flacco,CLE,QB,4,160,93,815,2,6,6,13,0,,,,,,,,,,
Shedeur Sanders,CLE,QB,9,213,121,1400,7,10,21,169,1,,,,,,,,,,
Dylan Sampson,CLE,RB,16,,,,,,65,175,0,40,33,271,2,,,,,,
Jaleel McLaughlin,CLE,RB,1,,,,,,1,3,0,1,0,0,0,,,,,,
Jerome Ford,CLE,RB,13,,,,,,24,73,0,32,26,103,0,,,,,,
Michael Burton,CLE,RB,1,,,,,,0,0,0,1,0,0,0,,,,,,
Quinshon Judkins,CLE,RB,17,,,,,,272,951,7,45,35,224,0,,,,,,
Raheim Sanders,CLE,RB,7,,,,,,31,114,1,13,11,87,0,,,,,,
Trayveon Williams,CLE,RB,4,,,,,,7,37,0,8,7,55,0,,,,,,
Blake Whiteheart,CLE,TE,11,,,,,,0,0,0,9,4,35,1,,,,,,
Brenden Bates,CLE,TE,4,,,,,,0,0,0,3,2,25,0,,,,,,
Carsen Ryan,CLE,TE,2,,,,,,0,0,0,0,0,0,0,,,,,,
David Njoku,CLE,TE,11,,,,,,0,0,0,48,33,293,4,,,,,,
Harold Fannin Jr.,CLE,TE,19,,,,,,7,13,1,125,86,857,8,,,,,,
Sal Cannella,CLE,TE,2,,,,,,0,0,0,5,2,11,0,,,,,,
Cedric Tillman,CLE,WR,12,,,,,,0,0,0,39,21,270,2,,,,,,
DeAndre Carter,CLE,WR,4,,,,,,0,0,0,0,0,0,0,,,,,,
Denzel Boston,CLE,WR,3,,,,,,0,0,0,15,9,195,2,,,,,,
Gage Larvadain,CLE,WR,13,,,,,,1,3,0,14,7,71,0,,,,,,
Isaiah Bond,CLE,WR,16,,,,,,5,29,0,45,19,348,0,,,,,,
Jamari Thrash,CLE,WR,8,,,,,,0,0,0,15,10,107,0,,,,,,
Jerry Jeudy,CLE,WR,19,,,,,,1,5,0,111,52,628,2,,,,,,
KC Concepcion,CLE,WR,3,,,,,,4,9,0,20,12,80,0,,,,,,
Kaden Davis,CLE,WR,1,,,,,,0,0,0,0,0,0,0,,,,,,
Malachi Corley,CLE,WR,15,,,,,,13,127,0,14,11,79,0,,,,,,
Tylan Wallace,CLE,WR,1,,,,,,0,0,0,0,0,0,0,,,,,,
Alijah Clark,DAL,DB,12,,,,,,,,,,,,,22,0,,,,
C.J. Goodwin,DAL,DB,13,,,,,,,,,,,,,18,0,,,,
Caelen Carson,DAL,DB,8,,,,,,,,,,,,,18,0,,,,
Caleb Downs,DAL,DB,3,,,,,,,,,,,,,20,1,,,,
Cobie Durant,DAL,DB,2,,,,,,,,,,,,,3,0,,,,
Corey Ballentine,DAL,DB,2,,,,,,,,,,,,,2,0,,,,
DaRon Bland,DAL,DB,15,,,,,,,,,,,,,86,0,,,,
Donovan Wilson,DAL,DB,15,,,,,,,,,,,,,71,0,,,,
Jalen Thompson,DAL,DB,3,,,,,,,,,,,,,17,0,,,,
Josh Butler,DAL,DB,1,,,,,,,,,,,,,5,0,,,,
Juanyeh Thomas,DAL,DB,6,,,,,,,,,,,,,26,0,,,,
Kaiir Elam,DAL,DB,9,,,,,,,,,,,,,28,0,,,,
Malik Hooker,DAL,DB,13,,,,,,,,,,,,,50,0,,,,
Markquese Bell,DAL,DB,18,,,,,,,,,,,,,55,0,,,,
P.J. Locke,DAL,DB,2,,,,,,,,,,,,,3,0,,,,
Reddy Steward,DAL,DB,17,,,,,,,,,,,,,64,1.5,,,,
Robert Rochell,DAL,DB,1,,,,,,,,,,,,,1,0,,,,
Shavon Revel Jr.,DAL,DB,10,,,,,,,,,,,,,43,0,,,,
Trevon Diggs,DAL,DB,8,,,,,,,,,,,,,25,0,,,,
Trikweze Bridges,DAL,DB,8,,,,,,,,,,,,,23,0,,,,
Zion Childress,DAL,DB,2,,,,,,,,,,,,,2,0,,,,
Dante Fowler Jr.,DAL,DL,13,,,,,,,,,,,,,15,3,,,,
Jadeveon Clowney,DAL,DL,12,,,,,,,,,,,,,38,8.5,,,,
Jay Toia,DAL,DL,3,,,,,,,,,,,,,3,0,,,,
Jonathan Bullard,DAL,DL,3,,,,,,,,,,,,,3,0.5,,,,
Kenny Clark,DAL,DL,19,,,,,,,,,,,,,43,3,,,,
LT Overton,DAL,DL,3,,,,,,,,,,,,,4,0,,,,
Marshawn Kneeland,DAL,DL,7,,,,,,,,,,,,,12,1,,,,
Mazi Smith,DAL,DL,3,,,,,,,,,,,,,3,0,,,,
Osa Odighizuwa,DAL,DL,17,,,,,,,,,,,,,43,3.5,,,,
Otito Ogbonnia,DAL,DL,3,,,,,,,,,,,,,10,0,,,,
Perrion Winfrey,DAL,DL,1,,,,,,,,,,,,,2,0,,,,
Quinnen Williams,DAL,DL,10,,,,,,,,,,,,,29,1.5,,,,
Solomon Thomas,DAL,DL,13,,,,,,,,,,,,,25,0,,,,
Brandon Aubrey,DAL,K,20,,,,,,,,,,,,,,,42,55,,
Curtis Robinson,DAL,LB,1,,,,,,,,,,,,,0,0,,,,
Damone Clark,DAL,LB,4,,,,,,,,,,,,,14,0,,,,
DeMarvion Overshown,DAL,LB,7,,,,,,,,,,,,,35,0,,,,
Dee Winters,DAL,LB,3,,,,,,,,,,,,,20,0,,,,
Donovan Ezeiruaku,DAL,LB,20,,,,,,,,,,,,,56,2.5,,,,
Jack Sanborn,DAL,LB,5,,,,,,,,,,,,,33,0,,,,
Jaishawn Barham,DAL,LB,3,,,,,,,,,,,,,20,0,,,,
James Houston,DAL,LB,18,,,,,,,,,,,,,37,5.5,,,,
"Kenneth Murray, Jr.",DAL,LB,17,,,,,,,,,,,,,81,1,,,,
Logan Wilson,DAL,LB,7,,,,,,,,,,,,,24,0,,,,
Malachi Lawrence,DAL,LB,3,,,,,,,,,,,,,9,0,,,,
Marist Liufau,DAL,LB,13,,,,,,,,,,,,,30,1,,,,
Rashan Gary,DAL,LB,3,,,,,,,,,,,,,6,0,,,,
Sam Williams,DAL,LB,16,,,,,,,,,,,,,35,1,,,,
Shemar James,DAL,LB,15,,,,,,,,,,,,,94,1.5,,,,
Tyrus Wheat,DAL,LB,1,,,,,,,,,,,,,2,0,,,,
Von Miller,DAL,LB,2,,,,,,,,,,,,,2,0,,,,
Trent Sieg,DAL,LS,2,,,,,,,,,,,,,,,,,,
Brock Hoffman,DAL,OL,1,,,,,,,,,,,,,,,,,,
Cooper Beebe,DAL,OL,1,,,,,,,,,,,,,,,,,,
Hakeem Adeniji,DAL,OL,1,,,,,,,,,,,,,,,,,,
Nathan Thomas,DAL,OL,4,,,,,,,,,,,,,,,,,,
TJ Bass,DAL,OL,2,,,,,,,,,,,,,,,,,,
Terence Steele,DAL,OL,5,,,,,,,,,,,,,,,,,,
Tyler Booker,DAL,OL,5,,,,,,,,,,,,,,,,,,
Tyler Guyton,DAL,OL,4,,,,,,,,,,,,,,,,,,
Tyler Smith,DAL,OL,8,,,,,,,,,,,,,,,,,,
Bryan Anger,DAL,P,20,,,,,,,,,,,,,,,,,46,2237
Dak Prescott,DAL,QB,20,705,477,5282,37,11,63,236,2,,,,,,,,,,
Joe Milton III,DAL,QB,4,24,15,183,1,2,5,50,0,,,,,,,,,,
Emari Demercado,DAL,RB,2,,,,,,5,15,0,0,0,0,0,,,,,,
Hunter Luepke,DAL,RB,16,,,,,,18,79,0,15,13,109,1,,,,,,
Javonte Williams,DAL,RB,19,,,,,,295,1370,13,63,45,193,3,,,,,,
Jaydon Blue,DAL,RB,5,,,,,,38,129,1,1,1,5,0,,,,,,
Malik Davis,DAL,RB,10,,,,,,52,250,2,5,2,16,0,,,,,,
Miles Sanders,DAL,RB,4,,,,,,20,117,1,8,8,30,0,,,,,,
Phil Mafah,DAL,RB,1,,,,,,5,18,1,2,2,11,0,,,,,,
Tyler Goodson,DAL,RB,1,,,,,,6,22,0,1,1,-5,0,,,,,,
Brevyn Spann-Ford,DAL,TE,19,,,,,,0,0,0,16,12,123,1,,,,,,
Jake Ferguson,DAL,TE,20,,,,,,1,1,0,113,91,672,11,,,,,,
Luke Schoonmaker,DAL,TE,16,,,,,,0,0,0,25,16,153,0,,,,,,
Princeton Fant,DAL,TE,1,,,,,,0,0,0,0,0,0,0,,,,,,
CeeDee Lamb,DAL,WR,16,,,,,,2,2,0,142,95,1386,6,,,,,,
George Pickens,DAL,WR,20,,,,,,0,0,0,162,109,1579,9,,,,,,
Jalen Brooks,DAL,WR,1,,,,,,0,0,0,0,0,0,0,,,,,,
Jalen Moreno-Cropper,DAL,WR,2,,,,,,0,0,0,0,0,0,0,,,,,,
Jalen Tolbert,DAL,WR,12,,,,,,0,0,0,34,18,203,1,,,,,,
Jonathan Mingo,DAL,WR,6,,,,,,0,0,0,6,2,35,0,,,,,,
KaVontae Turpin,DAL,WR,18,,,,,,19,99,1,41,28,413,2,,,,,,
Parris Campbell,DAL,WR,1,,,,,,0,0,0,0,0,0,0,,,,,,
Ryan Flournoy,DAL,WR,18,,,,,,4,25,0,74,49,542,4,,,,,,
Brandon Jones,DEN,DB,17,,,,,,,,,,,,,99,0.5,,,,
Delarrin Turner-Yell,DEN,DB,1,,,,,,,,,,,,,1,0,,,,
Devon Key,DEN,DB,20,,,,,,,,,,,,,38,0,,,,
JL Skinner,DEN,DB,16,,,,,,,,,,,,,17,0,,,,
Ja'Quan McMillian,DEN,DB,20,,,,,,,,,,,,,63,4,,,,
Jahdae Barron,DEN,DB,19,,,,,,,,,,,,,41,0,,,,
Kris Abrams-Draine,DEN,DB,15,,,,,,,,,,,,,32,0,,,,
P.J. Locke,DEN,DB,10,,,,,,,,,,,,,28,0,,,,
Pat Surtain II,DEN,DB,19,,,,,,,,,,,,,72,0,,,,
Reese Taylor,DEN,DB,2,,,,,,,,,,,,,2,0,,,,
Riley Moss,DEN,DB,22,,,,,,,,,,,,,99,1,,,,
Talanoa Hufanga,DEN,DB,22,,,,,,,,,,,,,139,3,,,,
Tycen Anderson,DEN,DB,2,,,,,,,,,,,,,2,0,,,,
D.J. Jones,DEN,DL,20,,,,,,,,,,,,,47,4.5,,,,
Eyioma Uwazurike,DEN,DL,21,,,,,,,,,,,,,53,4.5,,,,
John Franklin-Myers,DEN,DL,15,,,,,,,,,,,,,26,7.5,,,,
Jordan Jackson,DEN,DL,4,,,,,,,,,,,,,7,0,,,,
Malcolm Roach,DEN,DL,17,,,,,,,,,,,,,58,7,,,,
Sai'vion Jones,DEN,DL,1,,,,,,,,,,,,,0,0,,,,
Zach Allen,DEN,DL,22,,,,,,,,,,,,,54,11.5,,,,
Wil Lutz,DEN,K,22,,,,,,,,,,,,,,,35,48,,
Alex Singleton,DEN,LB,21,,,,,,,,,,,,,190,1,,,,
Dondrea Tillman,DEN,LB,22,,,,,,,,,,,,,59,4,,,,
Dre Greenlaw,DEN,LB,10,,,,,,,,,,,,,53,1,,,,
Garret Wallow,DEN,LB,4,,,,,,,,,,,,,5,0,,,,
Jonah Elliss,DEN,LB,16,,,,,,,,,,,,,38,2.5,,,,
Jonathon Cooper,DEN,LB,19,,,,,,,,,,,,,52,9,,,,
Jordan Turner,DEN,LB,8,,,,,,,,,,,,,11,0,,,,
Justin Strnad,DEN,LB,18,,,,,,,,,,,,,73,4.5,,,,
Karene Reid,DEN,LB,5,,,,,,,,,,,,,6,0,,,,
Nik Bonitto,DEN,LB,21,,,,,,,,,,,,,52,16,,,,
Que Robinson,DEN,LB,10,,,,,,,,,,,,,26,2.5,,,,
Mitchell Fraboni,DEN,LS,7,,,,,,,,,,,,,,,,,,
Alex Forsyth,DEN,OL,1,,,,,,,,,,,,,,,,,,
Alex Palczewski,DEN,OL,2,,,,,,,,,,,,,,,,,,
Ben Powers,DEN,OL,3,,,,,,,,,,,,,,,,,,
Frank Crum,DEN,OL,2,,,,,,,,,,,,,,,,,,
Garett Bolles,DEN,OL,7,,,,,,,,,,,,,,,,,,
Luke Wattenberg,DEN,OL,4,,,,,,,,,,,,,,,,,,
Matt Peart,DEN,OL,1,,,,,,,,,,,,,,,,,,
Mike McGlinchey,DEN,OL,8,,,,,,,,,,,,,,,,,,
Quinn Meinerz,DEN,OL,2,,,,,,,,,,,,,,,,,,
Jeremy Crawshaw,DEN,P,22,,,,,,,,,,,,,,,,,99,4707
Bo Nix,DEN,QB,21,751,470,4815,32,15,107,400,6,,,,,,,,,,
Jarrett Stidham,DEN,QB,2,31,17,133,1,1,5,22,0,,,,,,,,,,
Adam Prentice,DEN,RB,17,,,,,,11,47,0,10,7,55,0,,,,,,
J.K. Dobbins,DEN,RB,13,,,,,,188,893,4,16,12,41,0,,,,,,
Jaleel McLaughlin,DEN,RB,10,,,,,,45,219,1,9,5,29,0,,,,,,
Jonah Coleman,DEN,RB,2,,,,,,10,39,1,3,3,19,0,,,,,,
RJ Harvey,DEN,RB,21,,,,,,170,621,7,81,66,488,5,,,,,,
Tyler Badie,DEN,RB,20,,,,,,11,30,0,37,23,188,0,,,,,,
Adam Trautman,DEN,TE,15,,,,,,0,0,0,28,22,205,1,,,,,,
Evan Engram,DEN,TE,21,,,,,,1,7,0,90,58,547,2,,,,,,
Lucas Krull,DEN,TE,2,,,,,,0,0,0,4,2,15,0,,,,,,
Marcedes Lewis,DEN,TE,1,,,,,,0,0,0,0,0,0,0,,,,,,
Nate Adkins,DEN,TE,10,,,,,,1,6,0,17,11,89,3,,,,,,
Courtland Sutton,DEN,WR,22,,,,,,0,0,0,154,89,1169,8,,,,,,
Elijah Moore,DEN,WR,1,,,,,,0,0,0,1,1,4,0,,,,,,
Jaylen Waddle,DEN,WR,3,,,,,,1,14,0,20,11,150,0,,,,,,
Kolbe Katsis,DEN,WR,1,,,,,,0,0,0,0,0,0,0,,,,,,
Lil'Jordan Humphrey,DEN,WR,8,,,,,,0,0,0,24,12,139,2,,,,,,
Marvin Mims Jr.,DEN,WR,18,,,,,,12,78,1,65,49,477,2,,,,,,
Michael Bandy,DEN,WR,4,,,,,,0,0,0,4,4,50,1,,,,,,
Pat Bryant,DEN,WR,18,,,,,,2,17,0,62,41,498,2,,,,,,
Trent Sherfield,DEN,WR,3,,,,,,0,0,0,4,3,21,0,,,,,,
Troy Franklin,DEN,WR,20,,,,,,6,17,0,108,67,757,6,,,,,,
Amik Robertson,DET,DB,17,,,,,,,,,,,,,51,0,,,,
Arthur Maulet,DET,DB,5,,,,,,,,,,,,,14,0,,,,
Avonte Maddox,DET,DB,10,,,,,,,,,,,,,42,0,,,,
Brian Branch,DET,DB,12,,,,,,,,,,,,,73,2.5,,,,
Christian Izien,DET,DB,2,,,,,,,,,,,,,13,0,,,,
Chuck Clark,DET,DB,3,,,,,,,,,,,,,21,1,,,,
D.J. Reed,DET,DB,14,,,,,,,,,,,,,69,0,,,,
Daniel Thomas,DET,DB,9,,,,,,,,,,,,,23,0,,,,
Ennis Rakestraw Jr.,DET,DB,1,,,,,,,,,,,,,1,0,,,,
Erick Hallett,DET,DB,2,,,,,,,,,,,,,18,0,,,,
Jalen Mills,DET,DB,2,,,,,,,,,,,,,6,0,,,,
Keith Abney II,DET,DB,1,,,,,,,,,,,,,2,0,,,,
Kerby Joseph,DET,DB,6,,,,,,,,,,,,,18,0,,,,
Khalil Dorsey,DET,DB,10,,,,,,,,,,,,,12,0,,,,
Loren Strickland,DET,DB,1,,,,,,,,,,,,,2,0,,,,
Nick Whiteside,DET,DB,3,,,,,,,,,,,,,5,0,,,,
Rock Ya-Sin,DET,DB,18,,,,,,,,,,,,,61,0,,,,
Roger McCreary,DET,DB,3,,,,,,,,,,,,,11,1,,,,
Terrion Arnold,DET,DB,8,,,,,,,,,,,,,31,0,,,,
Thomas Harper,DET,DB,12,,,,,,,,,,,,,42,0,,,,
Aidan Hutchinson,DET,DL,20,,,,,,,,,,,,,63,18,,,,
Alim McNeill,DET,DL,11,,,,,,,,,,,,,19,3,,,,
D.J. Wonnum,DET,DL,3,,,,,,,,,,,,,7,2,,,,
DJ Reader,DET,DL,13,,,,,,,,,,,,,28,0,,,,
Eric O'Neill,DET,DL,3,,,,,,,,,,,,,6,0,,,,
Marcus Davenport,DET,DL,6,,,,,,,,,,,,,13,1,,,,
Mekhi Wingo,DET,DL,2,,,,,,,,,,,,,3,0,,,,
Pat O'Connor,DET,DL,7,,,,,,,,,,,,,10,0,,,,
Roy Lopez,DET,DL,14,,,,,,,,,,,,,30,2,,,,
Skyler Gill-Howard,DET,DL,3,,,,,,,,,,,,,5,0.5,,,,
Tyleik Williams,DET,DL,15,,,,,,,,,,,,,26,1,,,,
Tyler Lacy,DET,DL,11,,,,,,,,,,,,,24,1,,,,
Jake Bates,DET,K,20,,,,,,,,,,,,,,,30,66,,
Al-Quadin Muhammad,DET,LB,13,,,,,,,,,,,,,25,11,,,,
Alex Anzalone,DET,LB,16,,,,,,,,,,,,,95,2.5,,,,
Anthony Pittman,DET,LB,1,,,,,,,,,,,,,1,0,,,,
Derrick Barnes,DET,LB,20,,,,,,,,,,,,,99,6,,,,
Devin White,DET,LB,2,,,,,,,,,,,,,9,0,,,,
Grant Stuard,DET,LB,14,,,,,,,,,,,,,18,0,,,,
Jack Campbell,DET,LB,20,,,,,,,,,,,,,193,5,,,,
Jimmy Rolder,DET,LB,1,,,,,,,,,,,,,1,0,,,,
Malcolm Rodriguez,DET,LB,8,,,,,,,,,,,,,19,0,,,,
Monty Rice,DET,LB,1,,,,,,,,,,,,,2,0,,,,
Trevor Nowaske,DET,LB,16,,,,,,,,,,,,,31,1,,,,
Ty Summers,DET,LB,1,,,,,,,,,,,,,1,0,,,,
Tyrus Wheat,DET,LB,9,,,,,,,,,,,,,15,1.5,,,,
Zach Cunningham,DET,LB,4,,,,,,,,,,,,,7,0,,,,
Hogan Hatten,DET,LS,2,,,,,,,,,,,,,,,,,,
Ben Bartch,DET,OL,1,,,,,,,,,,,,,,,,,,
Blake Miller,DET,OL,1,,,,,,,,,,,,,,,,,,
Chris Hubbard,DET,OL,1,,,,,,,,,,,,,,,,,,
Christian Mahogany,DET,OL,2,,,,,,,,,,,,,,,,,,
Dan Skipper,DET,OL,1,,,,,,,,,,,,,,,,,,
Graham Glasgow,DET,OL,3,,,,,,,,,,,,,,,,,,
Juice Scruggs,DET,OL,1,,,,,,,,,,,,,,,,,,
Kingsley Eguakun,DET,OL,2,,,,,,,,,,,,,,,,,,
Larry Borom,DET,OL,1,,,,,,,,,,,,,,,,,,
Miles Frazier,DET,OL,1,,,,,,,,,,,,,,,,,,
Penei Sewell,DET,OL,4,,,,,,,,,,,,,,,,,,
Tate Ratledge,DET,OL,6,,,,,,,,,,,,,,,,,,
Taylor Decker,DET,OL,4,,,,,,,,,,,,,,,,,,
Jack Fox,DET,P,19,,,,,,,,,,,,,,,,,69,3238
Jared Goff,DET,QB,20,687,470,5366,42,8,28,60,0,,,,,,,,,,
Kyle Allen,DET,QB,2,2,0,0,0,0,3,-3,0,,,,,,,,,,
Craig Reynolds,DET,RB,5,,,,,,3,4,0,0,0,0,0,,,,,,
David Montgomery,DET,RB,17,,,,,,158,716,8,29,24,192,0,,,,,,
Jacob Saylors,DET,RB,14,,,,,,2,11,0,0,0,0,0,,,,,,
Jahmyr Gibbs,DET,RB,20,,,,,,308,1530,17,115,95,772,7,,,,,,
Sione Vaki,DET,RB,11,,,,,,10,44,0,3,3,35,0,,,,,,
Anthony Firkser,DET,TE,5,,,,,,0,0,0,10,8,53,0,,,,,,
Brock Wright,DET,TE,11,,,,,,0,0,0,25,17,120,2,,,,,,
Giovanni Ricci,DET,TE,2,,,,,,0,0,0,1,0,0,0,,,,,,
Ross Dwelley,DET,TE,4,,,,,,0,0,0,5,2,7,0,,,,,,
Sam LaPorta,DET,TE,12,,,,,,0,0,0,68,54,633,4,,,,,,
Shane Zylstra,DET,TE,1,,,,,,0,0,0,5,3,20,0,,,,,,
Amon-Ra St. Brown,DET,WR,20,,,,,,3,9,0,207,140,1629,16,,,,,,
Dominic Lovett,DET,WR,2,,,,,,0,0,0,0,0,0,0,,,,,,
Isaac TeSlaa,DET,WR,17,,,,,,0,0,0,36,21,331,6,,,,,,
Jackson Meeks,DET,WR,1,,,,,,0,0,0,1,1,8,0,,,,,,
Jameson Williams,DET,WR,20,,,,,,6,12,0,119,75,1244,7,,,,,,
Kalif Raymond,DET,WR,15,,,,,,2,19,0,30,24,289,1,,,,,,
Malik Cunningham,DET,WR,1,,,,,,1,1,0,0,0,0,0,,,,,,
Tay Martin,DET,WR,2,,,,,,0,0,0,0,0,0,0,,,,,,
Tom Kennedy,DET,WR,9,,,,,,0,0,0,4,4,36,0,,,,,,
Benjamin St-Juste,GB,DB,1,,,,,,,,,,,,,1,0,,,,
Brandon Cisse,GB,DB,3,,,,,,,,,,,,,13,0.5,,,,
Carrington Valentine,GB,DB,15,,,,,,,,,,,,,34,0,,,,
Evan Williams,GB,DB,20,,,,,,,,,,,,,131,0,,,,
Javon Bullard,GB,DB,21,,,,,,,,,,,,,97,0,,,,
Jaylin Simpson,GB,DB,1,,,,,,,,,,,,,8,0,,,,
Johnathan Baldwin,GB,DB,1,,,,,,,,,,,,,7,0,,,,
Kamal Hadden,GB,DB,5,,,,,,,,,,,,,8,0,,,,
Keisean Nixon,GB,DB,21,,,,,,,,,,,,,93,0.5,,,,
Kitan Oladapo,GB,DB,7,,,,,,,,,,,,,12,0,,,,
Nate Hobbs,GB,DB,8,,,,,,,,,,,,,27,0,,,,
Shemar Bartholomew,GB,DB,1,,,,,,,,,,,,,4,0,,,,
Trevon Diggs,GB,DB,2,,,,,,,,,,,,,3,0,,,,
Xavier McKinney,GB,DB,20,,,,,,,,,,,,,122,1,,,,
Zayne Anderson,GB,DB,12,,,,,,,,,,,,,15,0,,,,
Anthony Campbell,GB,DL,1,,,,,,,,,,,,,1,0,,,,
Arron Mosby,GB,DL,8,,,,,,,,,,,,,8,0,,,,
Barryn Sorrell,GB,DL,12,,,,,,,,,,,,,27,2,,,,
Brenton Cox Jr.,GB,DL,6,,,,,,,,,,,,,14,1,,,,
Chris McClellan,GB,DL,3,,,,,,,,,,,,,2,0,,,,
Colby Wooden,GB,DL,16,,,,,,,,,,,,,50,0,,,,
Devonte Wyatt,GB,DL,12,,,,,,,,,,,,,35,4,,,,
Javon Hargrave,GB,DL,2,,,,,,,,,,,,,4,0,,,,
Jonathan Ford,GB,DL,4,,,,,,,,,,,,,10,0.5,,,,
Jordon Riley,GB,DL,1,,,,,,,,,,,,,2,0,,,,
Karl Brooks,GB,DL,16,,,,,,,,,,,,,33,0.5,,,,
Nazir Stackhouse,GB,DL,7,,,,,,,,,,,,,12,0,,,,
Quinton Bohanna,GB,DL,1,,,,,,,,,,,,,2,0,,,,
Warren Brinson,GB,DL,9,,,,,,,,,,,,,14,0.5,,,,
Brandon McManus,GB,K,15,,,,,,,,,,,,,,,24,35,,
Lucas Havrisik,GB,K,3,,,,,,,,,,,,,,,4,7,,
Trey Smack,GB,K,3,,,,,,,,,,,,,,,5,5,,
Collin Oliver,GB,LB,1,,,,,,,,,,,,,1,0,,,,
Dani Dennis-Sutton,GB,LB,3,,,,,,,,,,,,,9,0.5,,,,
Edgerrin Cooper,GB,LB,20,,,,,,,,,,,,,142,2.5,,,,
Isaiah McDuffie,GB,LB,20,,,,,,,,,,,,,103,1,,,,
Jamon Johnson,GB,LB,1,,,,,,,,,,,,,10,0,,,,
Kingsley Enagbare,GB,LB,17,,,,,,,,,,,,,43,2,,,,
Kristian Welch,GB,LB,4,,,,,,,,,,,,,4,0,,,,
Lukas Van Ness,GB,LB,10,,,,,,,,,,,,,38,5,,,,
Micah Parsons,GB,LB,14,,,,,,,,,,,,,39,12.5,,,,
Nick Niemann,GB,LB,9,,,,,,,,,,,,,15,0,,,,
Quay Walker,GB,LB,15,,,,,,,,,,,,,130,2.5,,,,
Rashan Gary,GB,LB,17,,,,,,,,,,,,,46,7.5,,,,
Ty'Ron Hopper,GB,LB,16,,,,,,,,,,,,,29,0,,,,
Zaire Franklin,GB,LB,3,,,,,,,,,,,,,21,0,,,,
Matthew Orzech,GB,LS,4,,,,,,,,,,,,,,,,,,
Aaron Banks,GB,OL,4,,,,,,,,,,,,,,,,,,
Anthony Belton,GB,OL,3,,,,,,,,,,,,,,,,,,
Darian Kinnard,GB,OL,2,,,,,,,,,,,,,,,,,,
Donovan Jennings,GB,OL,2,,,,,,,,,,,,,,,,,,
Elgton Jenkins,GB,OL,2,,,,,,,,,,,,,,,,,,
Jacob Monk,GB,OL,1,,,,,,,,,,,,,,,,,,
Jager Burton,GB,OL,1,,,,,,,,,,,,,,,,,,
Jordan Morgan,GB,OL,5,,,,,,,,,,,,,,,,,,
Rasheed Walker,GB,OL,5,,,,,,,,,,,,,,,,,,
Sean Rhyan,GB,OL,6,,,,,,,,,,,,,,,,,,
Zach Bako-Bewele,GB,OL,2,,,,,,,,,,,,,,,,,,
Daniel Whelan,GB,P,18,,,,,,,,,,,,,,,,,67,3354
Clayton Tune,GB,QB,2,15,7,42,0,1,5,23,0,,,,,,,,,,
Jordan Love,GB,QB,19,609,380,4548,33,8,50,210,0,,,,,,,,,,
Malik Willis,GB,QB,4,35,30,422,3,0,22,123,2,,,,,,,,,,
Chris Brooks,GB,RB,21,,,,,,39,162,0,22,16,121,0,,,,,,
Emanuel Wilson,GB,RB,18,,,,,,126,499,3,17,15,99,0,,,,,,
Josh Jacobs,GB,RB,16,,,,,,253,984,13,47,37,285,1,,,,,,
Kaleb Johnson,GB,RB,3,,,,,,12,38,0,3,1,10,0,,,,,,
MarShawn Lloyd,GB,RB,3,,,,,,23,68,0,6,4,13,1,,,,,,
Drake Dabney,GB,TE,1,,,,,,0,0,0,2,1,3,0,,,,,,
John FitzPatrick,GB,TE,11,,,,,,0,0,0,15,12,72,1,,,,,,
Jonnu Smith,GB,TE,2,,,,,,0,0,0,6,4,66,0,,,,,,
Josh Whyle,GB,TE,7,,,,,,0,0,0,7,6,43,1,,,,,,
Luke Musgrave,GB,TE,14,,,,,,0,0,0,33,25,261,0,,,,,,
Tucker Kraft,GB,TE,11,,,,,,1,3,0,61,41,595,6,,,,,,
Bo Melton,GB,WR,16,,,,,,5,35,0,16,5,117,1,,,,,,
Christian Watson,GB,WR,14,,,,,,1,3,0,91,55,931,11,,,,,,
Dontayvion Wicks,GB,WR,13,,,,,,1,6,0,46,30,332,2,,,,,,
J. Michael Sturdivant,GB,WR,2,,,,,,0,0,0,3,3,22,0,,,,,,
Jakobie Keeney-James,GB,WR,1,,,,,,0,0,0,2,2,15,0,,,,,,
Jayden Reed,GB,WR,8,,,,,,4,42,0,37,27,274,2,,,,,,
Malik Heath,GB,WR,7,,,,,,0,0,0,7,6,86,0,,,,,,
Matthew Golden,GB,WR,18,,,,,,10,49,0,79,48,698,2,,,,,,
Romeo Doubs,GB,WR,17,,,,,,0,0,0,96,63,848,7,,,,,,
Savion Williams,GB,WR,12,,,,,,11,37,0,10,10,78,1,,,,,,
Skyy Moore,GB,WR,3,,,,,,0,0,0,11,5,37,0,,,,,,
Alijah Huzzie,HOU,DB,1,,,,,,,,,,,,,4,0,,,,
Ameer Speed,HOU,DB,2,,,,,,,,,,,,,2,0,,,,
C.J. Gardner-Johnson,HOU,DB,3,,,,,,,,,,,,,14,0,,,,
Calen Bullock,HOU,DB,20,,,,,,,,,,,,,84,0,,,,
Damon Arnette,HOU,DB,2,,,,,,,,,,,,,3,0,,,,
Derek Stingley Jr.,HOU,DB,20,,,,,,,,,,,,,47,0,,,,
George Odum,HOU,DB,2,,,,,,,,,,,,,2,0,,,,
Ja'Marcus Ingram,HOU,DB,5,,,,,,,,,,,,,8,0,,,,
Jalen Mills,HOU,DB,2,,,,,,,,,,,,,4,0,,,,
Jalen Pitre,HOU,DB,19,,,,,,,,,,,,,95,0,,,,
Jaylen Reed,HOU,DB,4,,,,,,,,,,,,,19,0,,,,
Jaylin Smith,HOU,DB,5,,,,,,,,,,,,,8,0,,,,
K'Von Wallace,HOU,DB,2,,,,,,,,,,,,,8,0,,,,
Kaevon Merriweather,HOU,DB,1,,,,,,,,,,,,,3,0,,,,
Kamari Lassiter,HOU,DB,21,,,,,,,,,,,,,113,0,,,,
Kamari Ramsey,HOU,DB,1,,,,,,,,,,,,,1,0,,,,
M.J. Stewart,HOU,DB,7,,,,,,,,,,,,,25,0,,,,
Myles Bryant,HOU,DB,9,,,,,,,,,,,,,41,0,,,,
Reed Blankenship,HOU,DB,3,,,,,,,,,,,,,21,0,,,,
Tremon Smith,HOU,DB,20,,,,,,,,,,,,,27,0,,,,
Danielle Hunter,HOU,DL,21,,,,,,,,,,,,,66,19.5,,,,
Darrell Taylor,HOU,DL,3,,,,,,,,,,,,,3,0,,,,
Denico Autry,HOU,DL,10,,,,,,,,,,,,,9,4,,,,
Derek Barnett,HOU,DL,18,,,,,,,,,,,,,22,5.5,,,,
Dominique Robinson,HOU,DL,2,,,,,,,,,,,,,2,0,,,,
Dylan Horton,HOU,DL,15,,,,,,,,,,,,,28,0.5,,,,
Foley Fatukasi,HOU,DL,4,,,,,,,,,,,,,8,1.5,,,,
Haggai Ndubuisi,HOU,DL,1,,,,,,,,,,,,,1,0,,,,
Jadeveon Clowney,HOU,DL,1,,,,,,,,,,,,,1,1,,,,
Leki Fotu,HOU,DL,3,,,,,,,,,,,,,4,0,,,,
Logan Hall,HOU,DL,2,,,,,,,,,,,,,6,1,,,,
Mario Edwards,HOU,DL,12,,,,,,,,,,,,,19,2.5,,,,
Marlon Davidson,HOU,DL,1,,,,,,,,,,,,,1,0,,,,
Naquan Jones,HOU,DL,5,,,,,,,,,,,,,8,0,,,,
Sabastian Harsh,HOU,DL,3,,,,,,,,,,,,,6,0.5,,,,
Sheldon Rankins,HOU,DL,20,,,,,,,,,,,,,48,6.5,,,,
Tim Settle,HOU,DL,10,,,,,,,,,,,,,15,1,,,,
Tommy Togiai,HOU,DL,20,,,,,,,,,,,,,83,1.5,,,,
Will Anderson Jr.,HOU,DL,22,,,,,,,,,,,,,73,19.5,,,,
Ka'imi Fairbairn,HOU,K,20,,,,,,,,,,,,,,,52,38,,
Matthew Wright,HOU,K,2,,,,,,,,,,,,,,,4,2,,
Aiden Fisher,HOU,LB,1,,,,,,,,,,,,,1,0,,,,
Azeez Al-Shaair,HOU,LB,21,,,,,,,,,,,,,149,0,,,,
Christian Harris,HOU,LB,8,,,,,,,,,,,,,12,0,,,,
Damone Clark,HOU,LB,7,,,,,,,,,,,,,21,0,,,,
E.J. Speed,HOU,LB,16,,,,,,,,,,,,,63,0,,,,
Henry To'oTo'o,HOU,LB,20,,,,,,,,,,,,,112,2.5,,,,
Jake Hansen,HOU,LB,15,,,,,,,,,,,,,33,0,,,,
Jamal Hill,HOU,LB,10,,,,,,,,,,,,,12,0,,,,
Wade Woodaz,HOU,LB,2,,,,,,,,,,,,,2,0,,,,
Austin Brinkman,HOU,LS,3,,,,,,,,,,,,,,,,,,
Aireontae Ersery,HOU,OL,8,,,,,,,,,,,,,,,,,,
Blake Fisher,HOU,OL,4,,,,,,,,,,,,,,,,,,
Cam Robinson,HOU,OL,1,,,,,,,,,,,,,,,,,,
Ed Ingram,HOU,OL,2,,,,,,,,,,,,,,,,,,
Evan Brown,HOU,OL,1,,,,,,,,,,,,,,,,,,
Jake Andrews,HOU,OL,5,,,,,,,,,,,,,,,,,,
Jarrett Patterson,HOU,OL,1,,,,,,,,,,,,,,,,,,
Juice Scruggs,HOU,OL,3,,,,,,,,,,,,,,,,,,
Keylan Rutledge,HOU,OL,1,,,,,,,,,,,,,,,,,,
Laken Tomlinson,HOU,OL,2,,,,,,,,,,,,,,,,,,
Trent Brown,HOU,OL,7,,,,,,,,,,,,,,,,,,
Tytus Howard,HOU,OL,5,,,,,,,,,,,,,,,,,,
Kai Kroeger,HOU,P,3,,,,,,,,,,,,,,,,,14,676
Tommy Townsend,HOU,P,19,,,,,,,,,,,,,,,,,80,3843
C.J. Stroud,HOU,QB,19,622,386,4297,24,13,58,274,1,,,,,,,,,,
Davis Mills,HOU,QB,6,159,91,915,5,1,13,60,1,,,,,,,,,,
British Brooks,HOU,RB,10,,,,,,17,78,0,0,0,0,0,,,,,,
Dameon Pierce,HOU,RB,4,,,,,,10,26,0,1,0,0,0,,,,,,
Dare Ogunbowale,HOU,RB,14,,,,,,11,25,1,13,10,76,0,,,,,,
David Montgomery,HOU,RB,3,,,,,,37,103,2,7,7,48,1,,,,,,
Jakob Johnson,HOU,RB,2,,,,,,0,0,0,0,0,0,0,,,,,,
Jawhar Jordan,HOU,RB,4,,,,,,43,193,0,7,7,34,0,,,,,,
Nick Chubb,HOU,RB,17,,,,,,136,568,3,21,13,67,0,,,,,,
Woody Marks,HOU,RB,21,,,,,,251,897,4,48,33,258,3,,,,,,
Brenden Bates,HOU,TE,1,,,,,,0,0,0,2,2,23,0,,,,,,
Cade Stover,HOU,TE,9,,,,,,7,13,0,22,16,89,0,,,,,,
Dalton Schultz,HOU,TE,22,,,,,,0,0,0,137,106,1041,3,,,,,,
Foster Moreau,HOU,TE,3,,,,,,0,0,0,8,6,56,1,,,,,,
Harrison Bryant,HOU,TE,6,,,,,,0,0,0,12,5,28,0,,,,,,
Marlin Klein,HOU,TE,1,,,,,,0,0,0,1,1,16,0,,,,,,
Braxton Berrios,HOU,WR,5,,,,,,0,0,0,8,6,37,0,,,,,,
Christian Kirk,HOU,WR,13,,,,,,0,0,0,67,38,403,3,,,,,,
Jared Wayne,HOU,WR,4,,,,,,0,0,0,14,6,85,0,,,,,,
Jayden Higgins,HOU,WR,19,,,,,,0,0,0,82,50,623,6,,,,,,
Jaylin Noel,HOU,WR,22,,,,,,8,33,0,46,31,393,2,,,,,,
Justin Watson,HOU,WR,3,,,,,,0,0,0,4,3,30,0,,,,,,
Kayshon Boutte,HOU,WR,3,,,,,,0,0,0,9,6,79,0,,,,,,
Lewis Bond,HOU,WR,1,,,,,,0,0,0,1,0,0,0,,,,,,
Nico Collins,HOU,WR,17,,,,,,3,22,1,137,81,1213,7,,,,,,
Xavier Hutchinson,HOU,WR,21,,,,,,5,26,0,95,50,613,3,,,,,,
A.J. Haulcy,IND,DB,3,,,,,,,,,,,,,12,0,,,,
Cam Taylor-Britt,IND,DB,1,,,,,,,,,,,,,5,0,,,,
Cameron Mitchell,IND,DB,6,,,,,,,,,,,,,17,0,,,,
Camryn Bynum,IND,DB,20,,,,,,,,,,,,,96,1,,,,
Charvarius Ward,IND,DB,10,,,,,,,,,,,,,37,0,,,,
Chris Lammons,IND,DB,7,,,,,,,,,,,,,17,0,,,,
Daniel Scott,IND,DB,2,,,,,,,,,,,,,2,0,,,,
George Odum,IND,DB,2,,,,,,,,,,,,,4,0,,,,
Hunter Wohler,IND,DB,2,,,,,,,,,,,,,12,0,,,,
Jaylon Jones,IND,DB,8,,,,,,,,,,,,,18,0,,,,
Johnathan Edwards,IND,DB,9,,,,,,,,,,,,,26,0,,,,
Jonathan Owens,IND,DB,2,,,,,,,,,,,,,2,0,,,,
Justin Walley,IND,DB,3,,,,,,,,,,,,,14,0,,,,
Kapena Gushiken,IND,DB,2,,,,,,,,,,,,,3,0,,,,
Kenneth Harris,IND,DB,1,,,,,,,,,,,,,1,0,,,,
Kenny Moore II,IND,DB,14,,,,,,,,,,,,,55,1.5,,,,
Mekhi Blackmon,IND,DB,17,,,,,,,,,,,,,64,1,,,,
Mike Hilton,IND,DB,2,,,,,,,,,,,,,5,0,,,,
Nick Cross,IND,DB,17,,,,,,,,,,,,,118,2.5,,,,
Rodney Thomas,IND,DB,11,,,,,,,,,,,,,20,0,,,,
Sauce Gardner,IND,DB,6,,,,,,,,,,,,,28,0,,,,
Trey Washington,IND,DB,2,,,,,,,,,,,,,4,0,,,,
Xavien Howard,IND,DB,4,,,,,,,,,,,,,11,0,,,,
Adetomiwa Adebawore,IND,DL,16,,,,,,,,,,,,,42,5.5,,,,
Arden Key,IND,DL,3,,,,,,,,,,,,,6,0.5,,,,
Caden Curry,IND,DL,3,,,,,,,,,,,,,4,0,,,,
Chris Wormley,IND,DL,3,,,,,,,,,,,,,7,1,,,,
DeForest Buckner,IND,DL,13,,,,,,,,,,,,,61,7,,,,
Durell Nchami,IND,DL,1,,,,,,,,,,,,,2,0,,,,
Eric Johnson,IND,DL,5,,,,,,,,,,,,,6,0,,,,
Grover Stewart,IND,DL,20,,,,,,,,,,,,,59,1,,,,
Jaylahn Tuimoloau,IND,DL,14,,,,,,,,,,,,,22,0,,,,
Jerry Tillery,IND,DL,3,,,,,,,,,,,,,7,1,,,,
Kwity Paye,IND,DL,16,,,,,,,,,,,,,38,4,,,,
Laiatu Latu,IND,DL,19,,,,,,,,,,,,,55,9,,,,
Neville Gallimore,IND,DL,15,,,,,,,,,,,,,38,3.5,,,,
Samson Ebukam,IND,DL,14,,,,,,,,,,,,,32,2,,,,
Tim Smith,IND,DL,2,,,,,,,,,,,,,4,0,,,,
Tyquan Lewis,IND,DL,9,,,,,,,,,,,,,10,3,,,,
Blake Grupe,IND,K,5,,,,,,,,,,,,,,,11,10,,
Mike Badgley,IND,K,7,,,,,,,,,,,,,,,10,18,,
Spencer Shrader,IND,K,8,,,,,,,,,,,,,,,21,20,,
Akeem Davis-Gaither,IND,LB,3,,,,,,,,,,,,,29,0,,,,
Austin Ajiake,IND,LB,14,,,,,,,,,,,,,35,0.5,,,,
Bryce Boettcher,IND,LB,3,,,,,,,,,,,,,14,0,,,,
Buddy Johnson,IND,LB,7,,,,,,,,,,,,,14,0,,,,
CJ Allen,IND,LB,1,,,,,,,,,,,,,1,0,,,,
Cameron McGrone,IND,LB,2,,,,,,,,,,,,,2,0,,,,
Chad Muma,IND,LB,4,,,,,,,,,,,,,5,0,,,,
Germaine Pratt,IND,LB,12,,,,,,,,,,,,,100,0,,,,
Jaylon Carlies,IND,LB,3,,,,,,,,,,,,,9,0,,,,
Joe Bachie,IND,LB,5,,,,,,,,,,,,,26,0,,,,
Segun Olubi,IND,LB,10,,,,,,,,,,,,,11,0,,,,
Tahj Chambers,IND,LB,2,,,,,,,,,,,,,2,0,,,,
Zaire Franklin,IND,LB,17,,,,,,,,,,,,,123,2,,,,
Luke Rhodes,IND,LS,3,,,,,,,,,,,,,,,,,,
Bernhard Raimann,IND,OL,7,,,,,,,,,,,,,,,,,,
Braden Smith,IND,OL,5,,,,,,,,,,,,,,,,,,
Dalton Tucker,IND,OL,2,,,,,,,,,,,,,,,,,,
Danny Pinter,IND,OL,1,,,,,,,,,,,,,,,,,,
Jalen Travis,IND,OL,2,,,,,,,,,,,,,,,,,,
Matt Goncalves,IND,OL,5,,,,,,,,,,,,,,,,,,
Quenton Nelson,IND,OL,2,,,,,,,,,,,,,,,,,,
Tanor Bortolini,IND,OL,5,,,,,,,,,,,,,,,,,,
Rigoberto Sanchez,IND,P,18,,,,,,,,,,,,,,,,,52,2553
Anthony Richardson,IND,QB,2,2,1,9,0,0,4,-1,0,,,,,,,,,,
Daniel Jones,IND,QB,16,482,326,3712,22,11,52,183,5,,,,,,,,,,
Philip Rivers,IND,QB,3,92,58,544,4,3,2,-1,0,,,,,,,,,,
Riley Leonard,IND,QB,5,67,39,415,2,3,6,27,2,,,,,,,,,,
Ameer Abdullah,IND,RB,13,,,,,,14,60,1,17,16,99,0,,,,,,
DJ Giddens,IND,RB,5,,,,,,26,96,0,2,0,0,0,,,,,,
Jonathan Taylor,IND,RB,20,,,,,,389,1843,22,66,55,445,2,,,,,,
Seth McGowan,IND,RB,3,,,,,,6,14,0,1,1,0,0,,,,,,
Tyler Goodson,IND,RB,10,,,,,,9,24,0,3,2,8,0,,,,,,
Ulysses Bentley IV,IND,RB,1,,,,,,1,0,0,0,0,0,0,,,,,,
Andrew Ogletree,IND,TE,13,,,,,,0,0,0,8,4,27,1,,,,,,
Mo Alie-Cox,IND,TE,12,,,,,,0,0,0,21,14,133,1,,,,,,
Tyler Warren,IND,TE,20,,,,,,8,13,1,134,94,906,6,,,,,,
Will Mallory,IND,TE,1,,,,,,0,0,0,1,1,16,0,,,,,,
Adonai Mitchell,IND,WR,8,,,,,,0,0,0,16,9,152,0,,,,,,
Alec Pierce,IND,WR,17,,,,,,0,0,0,91,52,1075,6,,,,,,
Anthony Gould,IND,WR,13,,,,,,0,0,0,2,2,6,0,,,,,,
Ashton Dulin,IND,WR,13,,,,,,3,44,0,11,5,106,0,,,,,,
Coleman Owen,IND,WR,2,,,,,,0,0,0,1,0,0,0,,,,,,
Deion Burks,IND,WR,1,,,,,,2,14,0,0,0,0,0,,,,,,
Josh Downs,IND,WR,19,,,,,,2,-2,0,112,72,752,4,,,,,,
Keenan Allen,IND,WR,3,,,,,,0,0,0,20,13,100,1,,,,,,
Laquon Treadwell,IND,WR,9,,,,,,0,0,0,5,4,81,0,,,,,,
Michael Pittman,IND,WR,17,,,,,,0,0,0,111,80,784,7,,,,,,
Andrew Wingard,JAX,DB,17,,,,,,,,,,,,,86,0,,,,
Antonio Johnson,JAX,DB,20,,,,,,,,,,,,,79,2,,,,
Caleb Ransaw,JAX,DB,2,,,,,,,,,,,,,10,0,,,,
Cam'Ron Silmon-Craig,JAX,DB,1,,,,,,,,,,,,,2,0,,,,
Christian Braswell,JAX,DB,6,,,,,,,,,,,,,14,0,,,,
Darnell Savage,JAX,DB,2,,,,,,,,,,,,,1,0,,,,
Eric Murray,JAX,DB,16,,,,,,,,,,,,,67,1,,,,
Greg Newsome II,JAX,DB,11,,,,,,,,,,,,,32,0,,,,
Jarrian Jones,JAX,DB,18,,,,,,,,,,,,,56,0,,,,
Jourdan Lewis,JAX,DB,14,,,,,,,,,,,,,45,0,,,,
Montaric Brown,JAX,DB,18,,,,,,,,,,,,,67,0,,,,
Rayuan Lane III,JAX,DB,16,,,,,,,,,,,,,23,0,,,,
Travis Hunter,JAX,DB,10,,,,,,,,,,,,,23,0,,,,
Tyson Campbell,JAX,DB,5,,,,,,,,,,,,,34,0,,,,
Albert Regis,JAX,DL,2,,,,,,,,,,,,,2,0,,,,
Arik Armstead,JAX,DL,19,,,,,,,,,,,,,37,5.5,,,,
Austin Johnson,JAX,DL,10,,,,,,,,,,,,,13,1,,,,
BJ Green II,JAX,DL,8,,,,,,,,,,,,,15,2,,,,
Bryan Thomas Jr.,JAX,DL,1,,,,,,,,,,,,,1,0.5,,,,
DaVon Hamilton,JAX,DL,19,,,,,,,,,,,,,51,1.5,,,,
Danny Striggow,JAX,DL,11,,,,,,,,,,,,,20,0.5,,,,
Dawuane Smoot,JAX,DL,13,,,,,,,,,,,,,23,2,,,,
Emmanuel Ogbah,JAX,DL,9,,,,,,,,,,,,,13,0.5,,,,
Josh Hines-Allen,JAX,DL,21,,,,,,,,,,,,,64,10.5,,,,
Khalen Saunders,JAX,DL,2,,,,,,,,,,,,,3,0,,,,
Maason Smith,JAX,DL,11,,,,,,,,,,,,,15,0,,,,
Matt Dickerson,JAX,DL,8,,,,,,,,,,,,,15,0,,,,
Ruke Orhorhoro,JAX,DL,2,,,,,,,,,,,,,7,1,,,,
Travon Walker,JAX,DL,18,,,,,,,,,,,,,50,5,,,,
Cam Little,JAX,K,21,,,,,,,,,,,,,,,35,63,,
Branson Combs,JAX,LB,11,,,,,,,,,,,,,18,1,,,,
Dennis Gardeck,JAX,LB,19,,,,,,,,,,,,,58,2.5,,,,
Devin Lloyd,JAX,LB,16,,,,,,,,,,,,,85,1.5,,,,
Foyesade Oluokun,JAX,LB,21,,,,,,,,,,,,,164,1,,,,
Jack Kiser,JAX,LB,6,,,,,,,,,,,,,14,0,,,,
Jahlani Tavai,JAX,LB,3,,,,,,,,,,,,,6,0,,,,
Jalen McLeod,JAX,LB,1,,,,,,,,,,,,,2,0,,,,
Ventrell Miller,JAX,LB,18,,,,,,,,,,,,,62,1,,,,
Yasir Abdullah,JAX,LB,6,,,,,,,,,,,,,9,0,,,,
Ross Matiscik,JAX,LS,5,,,,,,,,,,,,,,,,,,
Anton Harrison,JAX,OL,5,,,,,,,,,,,,,,,,,,
Chuma Edoga,JAX,OL,3,,,,,,,,,,,,,,,,,,
Cole Van Lanen,JAX,OL,5,,,,,,,,,,,,,,,,,,
Emmanuel Pregnon,JAX,OL,1,,,,,,,,,,,,,,,,,,
Ezra Cleveland,JAX,OL,3,,,,,,,,,,,,,,,,,,
Patrick Mekari,JAX,OL,8,,,,,,,,,,,,,,,,,,
Robert Hainsey,JAX,OL,7,,,,,,,,,,,,,,,,,,
Walker Little,JAX,OL,7,,,,,,,,,,,,,,,,,,
Logan Cooke,JAX,P,20,,,,,,,,,,,,,,,,,71,3413
Nick Mullens,JAX,QB,5,3,3,19,0,0,15,-11,0,,,,,,,,,,
Trevor Lawrence,JAX,QB,21,671,413,4830,39,16,96,424,9,,,,,,,,,,
Ameer Abdullah,JAX,RB,3,,,,,,10,45,0,3,2,2,0,,,,,,
Bhayshul Tuten,JAX,RB,19,,,,,,130,562,7,19,15,115,2,,,,,,
Chris Rodriguez Jr.,JAX,RB,3,,,,,,20,73,1,0,0,0,0,,,,,,
DeeJay Dallas,JAX,RB,3,,,,,,2,21,0,1,0,0,0,,,,,,
LeQuint Allen Jr.,JAX,RB,19,,,,,,24,97,0,15,13,72,0,,,,,,
Tank Bigsby,JAX,RB,1,,,,,,5,12,0,0,0,0,0,,,,,,
Travis Etienne,JAX,RB,18,,,,,,270,1174,7,57,41,341,7,,,,,,
Brenton Strange,JAX,TE,16,,,,,,0,0,0,75,55,621,4,,,,,,
Hunter Long,JAX,TE,7,,,,,,0,0,0,17,12,85,2,,,,,,
Johnny Mundt,JAX,TE,12,,,,,,0,0,0,19,9,111,0,,,,,,
Nate Boerkircher,JAX,TE,2,,,,,,0,0,0,2,1,9,0,,,,,,
Quintin Morris,JAX,TE,13,,,,,,0,0,0,11,7,62,1,,,,,,
Austin Trammell,JAX,WR,6,,,,,,0,0,0,10,3,46,0,,,,,,
Brian Thomas Jr.,JAX,WR,18,,,,,,3,21,1,105,57,816,3,,,,,,
Dyami Brown,JAX,WR,11,,,,,,6,30,0,37,20,227,1,,,,,,
Jakobi Meyers,JAX,WR,13,,,,,,6,15,0,76,53,627,5,,,,,,
Josh Cameron,JAX,WR,3,,,,,,0,0,0,4,3,32,2,,,,,,
Parker Washington,JAX,WR,20,,,,,,9,2,0,130,80,1175,8,,,,,,
Tim Jones,JAX,WR,2,,,,,,0,0,0,1,1,15,0,,,,,,
Tim Patrick,JAX,WR,14,,,,,,0,0,0,25,15,187,3,,,,,,
Alohi Gilman,KC,DB,3,,,,,,,,,,,,,14,0,,,,
Bryan Cook,KC,DB,16,,,,,,,,,,,,,84,0,,,,
Chamarri Conner,KC,DB,17,,,,,,,,,,,,,115,2,,,,
Christian Roland-Wallace,KC,DB,11,,,,,,,,,,,,,36,0,,,,
Jaden Hicks,KC,DB,18,,,,,,,,,,,,,63,0.5,,,,
Jadon Canady,KC,DB,2,,,,,,,,,,,,,1,0,,,,
Jaylen Watson,KC,DB,15,,,,,,,,,,,,,64,2,,,,
Joshua Williams,KC,DB,8,,,,,,,,,,,,,6,0,,,,
Kevin Knowles,KC,DB,9,,,,,,,,,,,,,15,0,,,,
Kristian Fulton,KC,DB,8,,,,,,,,,,,,,18,0,,,,
L'Jarius Sneed,KC,DB,3,,,,,,,,,,,,,18,0,,,,
Mansoor Delane,KC,DB,2,,,,,,,,,,,,,10,0,,,,
Mike Edwards,KC,DB,4,,,,,,,,,,,,,14,0,,,,
Nazeeh Johnson,KC,DB,1,,,,,,,,,,,,,2,0,,,,
Nohl Williams,KC,DB,19,,,,,,,,,,,,,58,2,,,,
Trent McDuffie,KC,DB,13,,,,,,,,,,,,,63,1,,,,
Xavier Nwankpa,KC,DB,2,,,,,,,,,,,,,3,0,,,,
Ashton Gillotte,KC,DL,19,,,,,,,,,,,,,45,1.5,,,,
Bryson Eason,KC,DL,1,,,,,,,,,,,,,1,0,,,,
Charles Omenihu,KC,DL,14,,,,,,,,,,,,,28,3.5,,,,
Chris Jones,KC,DL,20,,,,,,,,,,,,,36,7,,,,
Derrick Nnadi,KC,DL,10,,,,,,,,,,,,,16,0,,,,
Felix Anudike-Uzomah,KC,DL,3,,,,,,,,,,,,,2,1,,,,
George Karlaftis,KC,DL,19,,,,,,,,,,,,,56,6,,,,
Jerry Tillery,KC,DL,11,,,,,,,,,,,,,20,1.5,,,,
Khyiris Tonga,KC,DL,3,,,,,,,,,,,,,3,0,,,,
Marcus Harris,KC,DL,1,,,,,,,,,,,,,1,0,,,,
Marlon Tuipulotu,KC,DL,1,,,,,,,,,,,,,1,0,,,,
Mike Pennel,KC,DL,6,,,,,,,,,,,,,11,0,,,,
Omarr Norman-Lott,KC,DL,2,,,,,,,,,,,,,5,1,,,,
Peter Woods,KC,DL,3,,,,,,,,,,,,,8,0,,,,
R Mason Thomas,KC,DL,3,,,,,,,,,,,,,4,1,,,,
Zacch Pickens,KC,DL,2,,,,,,,,,,,,,5,0,,,,
Harrison Butker,KC,K,20,,,,,,,,,,,,,,,39,41,,
Cole Christiansen,KC,LB,3,,,,,,,,,,,,,4,0,,,,
Cooper McDonald,KC,LB,12,,,,,,,,,,,,,25,0,,,,
Drue Tranquill,KC,LB,20,,,,,,,,,,,,,121,2,,,,
Ethan Downs,KC,LB,1,,,,,,,,,,,,,5,0,,,,
Jack Cochrane,KC,LB,14,,,,,,,,,,,,,26,0,,,,
Jeffrey Bassa,KC,LB,11,,,,,,,,,,,,,19,0,,,,
Leo Chenal,KC,LB,14,,,,,,,,,,,,,58,2,,,,
Michael Danna,KC,LB,12,,,,,,,,,,,,,24,1,,,,
Nick Bolton,KC,LB,20,,,,,,,,,,,,,178,1,,,,
James Winchester,KC,LS,3,,,,,,,,,,,,,,,,,,
Chukwuebuka Godrick,KC,OL,3,,,,,,,,,,,,,,,,,,
Creed Humphrey,KC,OL,4,,,,,,,,,,,,,,,,,,
Esa Pole,KC,OL,2,,,,,,,,,,,,,,,,,,
Jawaan Taylor,KC,OL,6,,,,,,,,,,,,,,,,,,
Jaylon Moore,KC,OL,2,,,,,,,,,,,,,,,,,,
Josh Simmons,KC,OL,5,,,,,,,,,,,,,,,,,,
Kahlil Benson,KC,OL,2,,,,,,,,,,,,,,,,,,
Kingsley Suamataia,KC,OL,6,,,,,,,,,,,,,,,,,,
Mike Caliendo,KC,OL,4,,,,,,,,,,,,,,,,,,
Trey Smith,KC,OL,4,,,,,,,,,,,,,,,,,,
Wanya Morris,KC,OL,2,,,,,,,,,,,,,,,,,,
Matt Araiza,KC,P,20,,,,,,,,,,,,,,,,,63,3053
Chris Oladokun,KC,QB,3,55,35,235,1,0,5,18,0,,,,,,,,,,
Gardner Minshew,KC,QB,4,13,6,37,0,1,6,2,0,,,,,,,,,,
Patrick Mahomes,KC,QB,17,600,382,4399,29,13,74,463,6,,,,,,,,,,
Shane Buechele,KC,QB,1,14,7,88,0,0,1,4,0,,,,,,,,,,
Ben VanSumeren,KC,RB,2,,,,,,0,0,0,0,0,0,0,,,,,,
Brashard Smith,KC,RB,19,,,,,,44,151,0,36,26,176,1,,,,,,
Clyde Edwards-Helaire,KC,RB,2,,,,,,7,13,0,2,2,9,0,,,,,,
Dameon Pierce,KC,RB,1,,,,,,4,10,0,0,0,0,0,,,,,,
Elijah Mitchell,KC,RB,1,,,,,,0,0,0,1,0,0,0,,,,,,
Emmett Johnson,KC,RB,3,,,,,,16,56,0,4,4,64,0,,,,,,
Isiah Pacheco,KC,RB,13,,,,,,118,462,1,26,19,101,1,,,,,,
Kareem Hunt,KC,RB,17,,,,,,163,611,8,25,18,143,1,,,,,,
Kenneth Walker III,KC,RB,3,,,,,,65,360,2,18,11,82,2,,,,,,
Jake Briningstool,KC,TE,2,,,,,,0,0,0,2,1,9,0,,,,,,
Jared Wiley,KC,TE,2,,,,,,0,0,0,1,1,4,0,,,,,,
Noah Gray,KC,TE,17,,,,,,0,0,0,42,25,222,0,,,,,,
Robert Tonyan,KC,TE,2,,,,,,0,0,0,1,1,1,0,,,,,,
Travis Kelce,KC,TE,20,,,,,,1,1,0,126,90,1082,7,,,,,,
Cyrus Allen,KC,WR,1,,,,,,0,0,0,1,0,0,0,,,,,,
Jalen Royals,KC,WR,5,,,,,,0,0,0,6,5,21,1,,,,,,
Jason Brownlee,KC,WR,3,,,,,,0,0,0,1,0,0,0,,,,,,
JuJu Smith-Schuster,KC,WR,17,,,,,,0,0,0,45,33,345,1,,,,,,
Marquise Brown,KC,WR,16,,,,,,0,0,0,74,49,587,5,,,,,,
Nikko Remigio,KC,WR,17,,,,,,1,11,0,1,1,21,0,,,,,,
Rashee Rice,KC,WR,11,,,,,,5,20,1,95,66,761,6,,,,,,
Tyquan Thornton,KC,WR,15,,,,,,0,0,0,44,25,546,3,,,,,,
Xavier Worthy,KC,WR,17,,,,,,11,87,0,88,52,595,2,,,,,,
Ahkello Witherspoon,LA,DB,6,,,,,,,,,,,,,9,0,,,,
Cobie Durant,LA,DB,20,,,,,,,,,,,,,47,0,,,,
Darious Williams,LA,DB,13,,,,,,,,,,,,,32,0,,,,
Derion Kendrick,LA,DB,3,,,,,,,,,,,,,3,0,,,,
Emmanuel Forbes,LA,DB,22,,,,,,,,,,,,,54,0,,,,
Jaylen McCollough,LA,DB,23,,,,,,,,,,,,,63,2,,,,
Jaylen Watson,LA,DB,3,,,,,,,,,,,,,10,0,,,,
Josh Wallace,LA,DB,12,,,,,,,,,,,,,27,0,,,,
Kam Curl,LA,DB,23,,,,,,,,,,,,,155,2,,,,
Kamren Kinchens,LA,DB,21,,,,,,,,,,,,,104,1,,,,
Quentin Lake,LA,DB,16,,,,,,,,,,,,,102,1,,,,
Roger McCreary,LA,DB,5,,,,,,,,,,,,,12,0,,,,
Tanner Ingle,LA,DB,5,,,,,,,,,,,,,4,0,,,,
Tre Brown,LA,DB,1,,,,,,,,,,,,,0,0,,,,
Trent McDuffie,LA,DB,3,,,,,,,,,,,,,11,0,,,,
Aaron Donald,LA,DL,2,,,,,,,,,,,,,4,0,,,,
Braden Fiske,LA,DL,21,,,,,,,,,,,,,41,5,,,,
Jack Heflin,LA,DL,1,,,,,,,,,,,,,1,0,,,,
Jared Verse,LA,DL,20,,,,,,,,,,,,,60,8.5,,,,
Kobie Turner,LA,DL,23,,,,,,,,,,,,,68,7,,,,
Larrell Murchison,LA,DL,7,,,,,,,,,,,,,8,2,,,,
Poona Ford,LA,DL,21,,,,,,,,,,,,,60,3,,,,
Ty Hamilton,LA,DL,13,,,,,,,,,,,,,18,0,,,,
Tyler Davis,LA,DL,20,,,,,,,,,,,,,56,1,,,,
Harrison Mevis,LA,K,15,,,,,,,,,,,,,,,22,55,,
Joshua Karty,LA,K,8,,,,,,,,,,,,,,,10,23,,
Byron Young,LA,LB,23,,,,,,,,,,,,,97,13,,,,
Desjuan Johnson,LA,LB,11,,,,,,,,,,,,,21,2,,,,
Elias Neal,LA,LB,1,,,,,,,,,,,,,3,0,,,,
Grant Stuard,LA,LB,1,,,,,,,,,,,,,1,0,,,,
Josaiah Stewart,LA,LB,21,,,,,,,,,,,,,36,3,,,,
Nate Landman,LA,LB,23,,,,,,,,,,,,,174,2.5,,,,
Nick Hampton,LA,LB,8,,,,,,,,,,,,,13,0,,,,
Omar Speights,LA,LB,22,,,,,,,,,,,,,116,1,,,,
Shaun Dolac,LA,LB,14,,,,,,,,,,,,,32,0,,,,
Troy Reeder,LA,LB,17,,,,,,,,,,,,,27,0,,,,
Wesley Bailey,LA,LB,2,,,,,,,,,,,,,2,1,,,,
Alex Ward,LA,LS,2,,,,,,,,,,,,,,,,,,
Jake McQuaide,LA,LS,2,,,,,,,,,,,,,,,,,,
Joe Cardona,LA,LS,1,,,,,,,,,,,,,,,,,,
Alaric Jackson,LA,OL,6,,,,,,,,,,,,,,,,,,
Beaux Limmer,LA,OL,1,,,,,,,,,,,,,,,,,,
Coleman Shelton,LA,OL,3,,,,,,,,,,,,,,,,,,
D.J. Humphries,LA,OL,1,,,,,,,,,,,,,,,,,,
Justin Dedich,LA,OL,2,,,,,,,,,,,,,,,,,,
Kevin Dotson,LA,OL,4,,,,,,,,,,,,,,,,,,
Rob Havenstein,LA,OL,1,,,,,,,,,,,,,,,,,,
Steve Avila,LA,OL,3,,,,,,,,,,,,,,,,,,
Warren McClendon Jr.,LA,OL,2,,,,,,,,,,,,,,,,,,
Ethan Evans,LA,P,23,,,,,,,,,,,,,,,,,74,3428
Jimmy Garoppolo,LA,QB,3,0,0,0,0,0,9,-10,0,,,,,,,,,,
Matthew Stafford,LA,QB,23,827,521,6515,58,13,42,27,0,,,,,,,,,,
Stetson Bennett,LA,QB,1,3,2,13,0,0,1,9,0,,,,,,,,,,
Blake Corum,LA,RB,23,,,,,,199,1013,6,24,16,86,0,,,,,,
Dean Connors,LA,RB,1,,,,,,0,0,0,0,0,0,0,,,,,,
Jarquez Hunter,LA,RB,1,,,,,,0,0,0,0,0,0,0,,,,,,
Kyren Williams,LA,RB,23,,,,,,341,1649,13,71,55,457,6,,,,,,
Ronnie Rivers,LA,RB,10,,,,,,14,65,0,2,1,5,0,,,,,,
Colby Parkinson,LA,TE,20,,,,,,0,0,0,75,54,581,9,,,,,,
Davis Allen,LA,TE,18,,,,,,0,0,0,38,28,247,3,,,,,,
Terrance Ferguson,LA,TE,16,,,,,,1,0,0,43,19,313,4,,,,,,
Tyler Higbee,LA,TE,15,,,,,,0,0,0,55,39,439,4,,,,,,
Davante Adams,LA,WR,20,,,,,,0,0,0,168,89,1332,17,,,,,,
Jordan Whittington,LA,WR,18,,,,,,4,12,0,28,21,214,0,,,,,,
Konata Mumpfield,LA,WR,16,,,,,,0,0,0,40,18,219,2,,,,,,
Puka Nacua,LA,WR,20,,,,,,16,129,2,217,158,2121,12,,,,,,
Tutu Atwell,LA,WR,9,,,,,,0,0,0,17,7,211,1,,,,,,
Xavier Smith,LA,WR,22,,,,,,0,0,0,25,18,303,0,,,,,,
Alohi Gilman,LAC,DB,5,,,,,,,,,,,,,22,0,,,,
Benjamin St-Juste,LAC,DB,15,,,,,,,,,,,,,38,0,,,,
Cam Hart,LAC,DB,19,,,,,,,,,,,,,62,0,,,,
Deane Leonard,LAC,DB,4,,,,,,,,,,,,,7,0,,,,
Derwin James,LAC,DB,19,,,,,,,,,,,,,118,2,,,,
Donte Jackson,LAC,DB,19,,,,,,,,,,,,,31,0,,,,
Elijah Molden,LAC,DB,14,,,,,,,,,,,,,58,0,,,,
Genesis Smith,LAC,DB,3,,,,,,,,,,,,,11,0,,,,
Ja'Sir Taylor,LAC,DB,5,,,,,,,,,,,,,8,0,,,,
Kendall Williamson,LAC,DB,10,,,,,,,,,,,,,15,0,,,,
Marcus Maye,LAC,DB,1,,,,,,,,,,,,,5,0,,,,
Marcus Williams,LAC,DB,3,,,,,,,,,,,,,10,0,,,,
Nikko Reed,LAC,DB,3,,,,,,,,,,,,,2,0,,,,
R.J. Mickens,LAC,DB,13,,,,,,,,,,,,,37,0,,,,
Rodney Shelley,LAC,DB,2,,,,,,,,,,,,,4,0,,,,
Tarheeb Still,LAC,DB,19,,,,,,,,,,,,,68,0,,,,
Tony Jefferson,LAC,DB,16,,,,,,,,,,,,,70,0,,,,
Clelin Ferrell,LAC,DL,1,,,,,,,,,,,,,1,0,,,,
Da'Shawn Hand,LAC,DL,14,,,,,,,,,,,,,28,1.5,,,,
Dalvin Tomlinson,LAC,DL,2,,,,,,,,,,,,,8,0.5,,,,
Jamaree Caldwell,LAC,DL,16,,,,,,,,,,,,,40,1,,,,
Justin Eboigbe,LAC,DL,18,,,,,,,,,,,,,49,6,,,,
Naquan Jones,LAC,DL,5,,,,,,,,,,,,,9,0,,,,
Nick Barrett,LAC,DL,2,,,,,,,,,,,,,4,0.5,,,,
Otito Ogbonnia,LAC,DL,6,,,,,,,,,,,,,11,0.5,,,,
Scott Matlock,LAC,DL,4,,,,,,,,,,,,,0,0,,,,
Teair Tart,LAC,DL,20,,,,,,,,,,,,,40,1,,,,
Cameron Dicker,LAC,K,21,,,,,,,,,,,,,,,42,39,,
Akheem Mesidor,LAC,LB,3,,,,,,,,,,,,,8,1.5,,,,
Bud Dupree,LAC,LB,13,,,,,,,,,,,,,20,2,,,,
Caleb Murphy,LAC,LB,5,,,,,,,,,,,,,12,0.5,,,,
Daiyan Henley,LAC,LB,20,,,,,,,,,,,,,134,4,,,,
Del'Shawn Phillips,LAC,LB,17,,,,,,,,,,,,,57,1,,,,
Denzel Perryman,LAC,LB,10,,,,,,,,,,,,,48,0,,,,
Khalil Mack,LAC,LB,16,,,,,,,,,,,,,41,7.5,,,,
Kyle Kennard,LAC,LB,2,,,,,,,,,,,,,2,0,,,,
Marlowe Wax,LAC,LB,12,,,,,,,,,,,,,21,0,,,,
Odafe Oweh,LAC,LB,13,,,,,,,,,,,,,32,10.5,,,,
Troy Dye,LAC,LB,19,,,,,,,,,,,,,74,1.5,,,,
Tuli Tuipulotu,LAC,LB,19,,,,,,,,,,,,,60,15.5,,,,
Josh Harris,LAC,LS,1,,,,,,,,,,,,,,,,,,
Austin Deculus,LAC,OL,5,,,,,,,,,,,,,,,,,,
Bobby Hart,LAC,OL,4,,,,,,,,,,,,,,,,,,
Bradley Bozeman,LAC,OL,1,,,,,,,,,,,,,,,,,,
Branson Taylor,LAC,OL,1,,,,,,,,,,,,,,,,,,
Cole Strange,LAC,OL,1,,,,,,,,,,,,,,,,,,
Jake Slaughter,LAC,OL,2,,,,,,,,,,,,,,,,,,
Jamaree Salyer,LAC,OL,7,,,,,,,,,,,,,,,,,,
Joe Alt,LAC,OL,4,,,,,,,,,,,,,,,,,,
Kayode Awosika,LAC,OL,1,,,,,,,,,,,,,,,,,,
Mekhi Becton,LAC,OL,5,,,,,,,,,,,,,,,,,,
Rashawn Slater,LAC,OL,2,,,,,,,,,,,,,,,,,,
Trevor Penning,LAC,OL,3,,,,,,,,,,,,,,,,,,
Trey Pipkins,LAC,OL,5,,,,,,,,,,,,,,,,,,
Zion Johnson,LAC,OL,2,,,,,,,,,,,,,,,,,,
J.K. Scott,LAC,P,20,,,,,,,,,,,,,,,,,75,3584
Justin Herbert,LAC,QB,20,631,411,4513,29,17,105,603,2,,,,,,,,,,
Trey Lance,LAC,QB,4,57,27,226,0,1,17,85,0,,,,,,,,,,
Alec Ingold,LAC,RB,3,,,,,,0,0,0,4,3,35,0,,,,,,
Amar Johnson,LAC,RB,1,,,,,,2,8,0,1,0,0,0,,,,,,
Hassan Haskins,LAC,RB,12,,,,,,17,47,0,4,4,13,0,,,,,,
Jaret Patterson,LAC,RB,7,,,,,,41,159,1,4,3,8,0,,,,,,
Keaton Mitchell,LAC,RB,3,,,,,,17,85,0,4,4,10,1,,,,,,
Kimani Vidal,LAC,RB,16,,,,,,167,680,3,28,19,170,1,,,,,,
Najee Harris,LAC,RB,3,,,,,,15,61,0,3,3,25,0,,,,,,
Nyheim Hines,LAC,RB,3,,,,,,2,-2,0,0,0,0,0,,,,,,
Omarion Hampton,LAC,RB,13,,,,,,175,737,6,38,34,213,1,,,,,,
Trayveon Williams,LAC,RB,2,,,,,,3,-1,0,1,1,0,0,,,,,,
Charlie Kolar,LAC,TE,2,,,,,,0,0,0,3,3,21,0,,,,,,
David Njoku,LAC,TE,2,,,,,,0,0,0,8,6,67,0,,,,,,
Hayden Rucci,LAC,TE,1,,,,,,0,0,0,0,0,0,0,,,,,,
Oronde Gadsden II,LAC,TE,19,,,,,,0,0,0,79,56,744,4,,,,,,
Tucker Fisk,LAC,TE,5,,,,,,0,0,0,7,5,31,0,,,,,,
Tyler Conklin,LAC,TE,6,,,,,,1,2,0,10,7,101,0,,,,,,
Will Dissly,LAC,TE,8,,,,,,0,0,0,16,11,97,0,,,,,,
Brenen Thompson,LAC,WR,1,,,,,,0,0,0,3,1,13,0,,,,,,
Derius Davis,LAC,WR,15,,,,,,2,5,0,5,2,10,0,,,,,,
KeAndre Lambert-Smith,LAC,WR,10,,,,,,0,0,0,12,5,51,1,,,,,,
Keenan Allen,LAC,WR,18,,,,,,0,0,0,130,84,802,4,,,,,,
Ladd McConkey,LAC,WR,20,,,,,,0,0,0,125,81,1004,7,,,,,,
Marquez Valdes-Scantling,LAC,WR,1,,,,,,0,0,0,1,0,0,0,,,,,,
Quentin Johnston,LAC,WR,17,,,,,,3,14,0,107,60,819,8,,,,,,
Tre Harris,LAC,WR,20,,,,,,2,10,0,62,42,493,1,,,,,,
Chigozie Anusiem,LV,DB,1,,,,,,,,,,,,,1,0,,,,
Chris Smith II,LV,DB,3,,,,,,,,,,,,,3,0,,,,
Darien Porter,LV,DB,13,,,,,,,,,,,,,45,0,,,,
Darnay Holmes,LV,DB,10,,,,,,,,,,,,,19,0,,,,
Decamerion Richardson,LV,DB,10,,,,,,,,,,,,,11,0,,,,
Eric Stokes,LV,DB,19,,,,,,,,,,,,,59,1,,,,
Greedy Vance,LV,DB,4,,,,,,,,,,,,,8,0,,,,
Hezekiah Masses,LV,DB,3,,,,,,,,,,,,,11,0,,,,
Isaiah Pola-Mao,LV,DB,20,,,,,,,,,,,,,102,0,,,,
Jeremy Chinn,LV,DB,18,,,,,,,,,,,,,130,2,,,,
Jermod McCoy,LV,DB,1,,,,,,,,,,,,,2,0,,,,
Kyu Blu Kelly,LV,DB,12,,,,,,,,,,,,,40,0,,,,
Lonnie Johnson,LV,DB,8,,,,,,,,,,,,,25,0,,,,
Taron Johnson,LV,DB,3,,,,,,,,,,,,,13,0,,,,
Treydan Stukes,LV,DB,2,,,,,,,,,,,,,10,0,,,,
Tristin McCollum,LV,DB,9,,,,,,,,,,,,,14,0,,,,
Adam Butler,LV,DL,18,,,,,,,,,,,,,54,1,,,,
Charles Snowden,LV,DL,12,,,,,,,,,,,,,27,3,,,,
Foley Fatukasi,LV,DL,3,,,,,,,,,,,,,6,0.5,,,,
JJ Pegues,LV,DL,7,,,,,,,,,,,,,10,0,,,,
Jahfari Harvey,LV,DL,1,,,,,,,,,,,,,1,0,,,,
Jonah Laulu,LV,DL,19,,,,,,,,,,,,,49,4,,,,
Kwity Paye,LV,DL,3,,,,,,,,,,,,,10,2,,,,
Leki Fotu,LV,DL,4,,,,,,,,,,,,,7,1,,,,
Malcolm Koonce,LV,DL,18,,,,,,,,,,,,,36,7,,,,
Maxx Crosby,LV,DL,18,,,,,,,,,,,,,75,11.5,,,,
Patrick Johnson,LV,DL,2,,,,,,,,,,,,,2,0,,,,
Thomas Booker,LV,DL,20,,,,,,,,,,,,,48,0,,,,
Tonka Hemingway,LV,DL,10,,,,,,,,,,,,,19,4,,,,
Tyree Wilson,LV,DL,15,,,,,,,,,,,,,34,4,,,,
Daniel Carlson,LV,K,17,,,,,,,,,,,,,,,22,21,,
Matt Gay,LV,K,3,,,,,,,,,,,,,,,6,8,,
Brennan Jackson,LV,LB,2,,,,,,,,,,,,,3,0,,,,
Cody Lindenberg,LV,LB,7,,,,,,,,,,,,,8,0,,,,
Devin White,LV,LB,17,,,,,,,,,,,,,169,2.5,,,,
Elandon Roberts,LV,LB,17,,,,,,,,,,,,,88,0,,,,
Germaine Pratt,LV,LB,4,,,,,,,,,,,,,25,0,,,,
Jamal Adams,LV,LB,17,,,,,,,,,,,,,43,1,,,,
Jamin Davis,LV,LB,1,,,,,,,,,,,,,3,0,,,,
Jon Rhattigan,LV,LB,6,,,,,,,,,,,,,6,0,,,,
Nakobe Dean,LV,LB,3,,,,,,,,,,,,,27,1.5,,,,
Quay Walker,LV,LB,3,,,,,,,,,,,,,24,0,,,,
Segun Olubi,LV,LB,3,,,,,,,,,,,,,5,0,,,,
Tommy Eichenberg,LV,LB,16,,,,,,,,,,,,,40,0,,,,
Alex Ward,LV,LS,1,,,,,,,,,,,,,,,,,,
Jacob Bobenmoyer,LV,LS,4,,,,,,,,,,,,,,,,,,
Alex Cappa,LV,OL,4,,,,,,,,,,,,,,,,,,
Atonio Mafi,LV,OL,1,,,,,,,,,,,,,,,,,,
Caleb Rogers,LV,OL,2,,,,,,,,,,,,,,,,,,
DJ Glaze,LV,OL,4,,,,,,,,,,,,,,,,,,
Dylan Parham,LV,OL,4,,,,,,,,,,,,,,,,,,
Jackson Powers-Johnson,LV,OL,4,,,,,,,,,,,,,,,,,,
Jordan Meredith,LV,OL,3,,,,,,,,,,,,,,,,,,
Spencer Burford,LV,OL,1,,,,,,,,,,,,,,,,,,
Stone Forsythe,LV,OL,4,,,,,,,,,,,,,,,,,,
Tyler Linderbaum,LV,OL,2,,,,,,,,,,,,,,,,,,
Will Putnam,LV,OL,1,,,,,,,,,,,,,,,,,,
AJ Cole,LV,P,20,,,,,,,,,,,,,,,,,83,3993
Aidan O'Connell,LV,QB,1,22,10,102,0,0,1,7,0,,,,,,,,,,
Geno Smith,LV,QB,15,448,302,3025,19,17,41,109,0,,,,,,,,,,
Kenny Pickett,LV,QB,6,45,28,188,1,2,5,22,0,,,,,,,,,,
Kirk Cousins,LV,QB,3,92,62,661,9,3,12,-2,0,,,,,,,,,,
Ashton Jeanty,LV,RB,20,,,,,,329,1181,5,89,68,443,7,,,,,,
Connor Heyward,LV,RB,3,,,,,,2,2,0,0,0,0,0,,,,,,
Dylan Laube,LV,RB,20,,,,,,7,9,0,4,3,18,0,,,,,,
Mike Washington Jr.,LV,RB,3,,,,,,15,102,1,1,0,0,0,,,,,,
Raheem Mostert,LV,RB,12,,,,,,22,104,0,12,12,70,0,,,,,,
Zamir White,LV,RB,5,,,,,,12,32,0,6,4,24,0,,,,,,
Albert Okwuegbunam,LV,TE,1,,,,,,0,0,0,6,5,36,0,,,,,,
Brock Bowers,LV,TE,13,,,,,,2,2,0,99,74,796,8,,,,,,
Carter Runyon,LV,TE,3,,,,,,0,0,0,1,1,3,0,,,,,,
Ian Thomas,LV,TE,10,,,,,,0,0,0,14,14,125,0,,,,,,
Justin Shorter,LV,TE,3,,,,,,0,0,0,0,0,0,0,,,,,,
Michael Mayer,LV,TE,16,,,,,,0,0,0,64,47,415,2,,,,,,
Alex Bachman,LV,WR,11,,,,,,0,0,0,3,2,12,0,,,,,,
Cody White,LV,WR,3,,,,,,0,0,0,6,3,28,3,,,,,,
DJ Turner,LV,WR,1,,,,,,0,0,0,0,0,0,0,,,,,,
Dareke Young,LV,WR,3,,,,,,0,0,0,1,1,27,0,,,,,,
Dont'e Thornton Jr.,LV,WR,11,,,,,,0,0,0,30,10,135,0,,,,,,
Jack Bech,LV,WR,16,,,,,,0,0,0,35,25,272,1,,,,,,
Jakobi Meyers,LV,WR,7,,,,,,0,0,0,49,33,352,0,,,,,,
Jalen Nailor,LV,WR,3,,,,,,0,0,0,11,5,52,0,,,,,,
Malik Benson,LV,WR,3,,,,,,1,-8,0,4,1,6,0,,,,,,
Shedrick Jackson,LV,WR,3,,,,,,1,3,0,5,4,56,1,,,,,,
Tre Tucker,LV,WR,20,,,,,,11,51,0,107,68,885,6,,,,,,
Tyler Lockett,LV,WR,10,,,,,,0,0,0,34,22,221,1,,,,,,
A.J. Green,MIA,DB,1,,,,,,,,,,,,,1,0,,,,
Ashtyn Davis,MIA,DB,13,,,,,,,,,,,,,63,0,,,,
Chris Johnson,MIA,DB,3,,,,,,,,,,,,,19,0,,,,
Cornell Armstrong,MIA,DB,2,,,,,,,,,,,,,2,0,,,,
Dante Trader Jr.,MIA,DB,18,,,,,,,,,,,,,68,0,,,,
Elijah Campbell,MIA,DB,4,,,,,,,,,,,,,5,0,,,,
Ethan Bonner,MIA,DB,10,,,,,,,,,,,,,14,0,,,,
Ifeatu Melifonwu,MIA,DB,14,,,,,,,,,,,,,52,1,,,,
Isaiah Johnson,MIA,DB,2,,,,,,,,,,,,,3,0,,,,
Jack Jones,MIA,DB,17,,,,,,,,,,,,,77,0,,,,
Jason Marshall Jr.,MIA,DB,12,,,,,,,,,,,,,34,0,,,,
Jordan Colbert,MIA,DB,3,,,,,,,,,,,,,5,0,,,,
Julius Brents,MIA,DB,8,,,,,,,,,,,,,23,0,,,,
Julius Wood,MIA,DB,1,,,,,,,,,,,,,1,0,,,,
Kendall Sheffield,MIA,DB,1,,,,,,,,,,,,,1,0,,,,
Michael Taaffe,MIA,DB,3,,,,,,,,,,,,,20,0,,,,
Minkah Fitzpatrick,MIA,DB,14,,,,,,,,,,,,,80,1,,,,
Rasul Douglas,MIA,DB,15,,,,,,,,,,,,,58,1,,,,
Reese Taylor,MIA,DB,1,,,,,,,,,,,,,1,0,,,,
Storm Duck,MIA,DB,1,,,,,,,,,,,,,1,0,,,,
Zayne Anderson,MIA,DB,2,,,,,,,,,,,,,7,0,,,,
Benito Jones,MIA,DL,9,,,,,,,,,,,,,14,1,,,,
Clelin Ferrell,MIA,DL,2,,,,,,,,,,,,,3,0,,,,
Jordan Phillips,MIA,DL,17,,,,,,,,,,,,,40,0,,,,
Keith Cooper Jr.,MIA,DL,1,,,,,,,,,,,,,1,0,,,,
Kenneth Grant,MIA,DL,17,,,,,,,,,,,,,33,2,,,,
Malik Herring,MIA,DL,3,,,,,,,,,,,,,4,0,,,,
Matthew Butler,MIA,DL,10,,,,,,,,,,,,,11,0,,,,
Rob Beal Jr.,MIA,DL,1,,,,,,,,,,,,,1,0,,,,
Zach Sieler,MIA,DL,20,,,,,,,,,,,,,53,5.5,,,,
Zeek Biggers,MIA,DL,10,,,,,,,,,,,,,27,1.5,,,,
Riley Patterson,MIA,K,20,,,,,,,,,,,,,,,32,37,,
Bradley Chubb,MIA,LB,17,,,,,,,,,,,,,47,8.5,,,,
Caleb Johnson,MIA,LB,2,,,,,,,,,,,,,2,0,,,,
Cameron Goode,MIA,LB,14,,,,,,,,,,,,,21,0,,,,
Chop Robinson,MIA,LB,14,,,,,,,,,,,,,24,4,,,,
Jackson Woodard,MIA,LB,2,,,,,,,,,,,,,5,0,,,,
Jacob Rodriguez,MIA,LB,3,,,,,,,,,,,,,27,0,,,,
Jaelan Phillips,MIA,LB,9,,,,,,,,,,,,,24,3,,,,
Jordyn Brooks,MIA,LB,20,,,,,,,,,,,,,202,3.5,,,,
Joshua Uche,MIA,LB,3,,,,,,,,,,,,,12,0,,,,
K.J. Britt,MIA,LB,12,,,,,,,,,,,,,34,0,,,,
Liam Anderson,MIA,LB,1,,,,,,,,,,,,,1,0,,,,
Matthew Judon,MIA,LB,11,,,,,,,,,,,,,18,0,,,,
Quinton Bell,MIA,LB,4,,,,,,,,,,,,,8,0,,,,
Tyrel Dodson,MIA,LB,16,,,,,,,,,,,,,127,5,,,,
Willie Gay Jr.,MIA,LB,12,,,,,,,,,,,,,27,2,,,,
Joe Cardona,MIA,LS,5,,,,,,,,,,,,,,,,,,
Tucker Addington,MIA,LS,1,,,,,,,,,,,,,,,,,,
Aaron Brewer,MIA,OL,5,,,,,,,,,,,,,,,,,,
Andrew Meyer,MIA,OL,1,,,,,,,,,,,,,,,,,,
Austin Jackson,MIA,OL,6,,,,,,,,,,,,,,,,,,
Cole Strange,MIA,OL,3,,,,,,,,,,,,,,,,,,
Jonah Savaiinaea,MIA,OL,4,,,,,,,,,,,,,,,,,,
Kadyn Proctor,MIA,OL,2,,,,,,,,,,,,,,,,,,
Kion Smith,MIA,OL,1,,,,,,,,,,,,,,,,,,
Larry Borom,MIA,OL,5,,,,,,,,,,,,,,,,,,
Patrick Paul,MIA,OL,7,,,,,,,,,,,,,,,,,,
Bradley Pinion,MIA,P,3,,,,,,,,,,,,,,,,,9,383
Jake Bailey,MIA,P,17,,,,,,,,,,,,,,,,,63,3005
Malik Willis,MIA,QB,3,86,49,627,1,2,17,101,1,,,,,,,,,,
Quinn Ewers,MIA,QB,4,83,55,622,3,3,8,19,0,,,,,,,,,,
Tua Tagovailoa,MIA,QB,14,384,260,2660,20,15,20,43,0,,,,,,,,,,
Zach Wilson,MIA,QB,4,11,6,32,0,0,3,1,0,,,,,,,,,,
Alec Ingold,MIA,RB,9,,,,,,2,9,0,11,8,52,0,,,,,,
DJ Herman,MIA,RB,2,,,,,,0,0,0,3,1,18,0,,,,,,
De'Von Achane,MIA,RB,19,,,,,,272,1477,8,97,74,537,4,,,,,,
Jaylen Wright,MIA,RB,11,,,,,,73,298,2,9,5,44,0,,,,,,
Ollie Gordon II,MIA,RB,19,,,,,,90,247,4,12,10,46,1,,,,,,
Darren Waller,MIA,TE,9,,,,,,1,4,0,34,24,283,6,,,,,,
Greg Dulcich,MIA,TE,12,,,,,,1,-7,0,45,35,425,1,,,,,,
Hayden Rucci,MIA,TE,1,,,,,,0,0,0,0,0,0,0,,,,,,
Julian Hill,MIA,TE,11,,,,,,0,0,0,20,15,140,0,,,,,,
Tanner Conner,MIA,TE,8,,,,,,0,0,0,15,9,91,0,,,,,,
Will Kacmarek,MIA,TE,3,,,,,,0,0,0,2,1,4,0,,,,,,
Caleb Douglas,MIA,WR,2,,,,,,0,0,0,10,7,113,0,,,,,,
Cedrick Wilson Jr.,MIA,WR,6,,,,,,0,0,0,9,5,44,0,,,,,,
Chris Bell,MIA,WR,3,,,,,,0,0,0,10,5,92,0,,,,,,
Dee Eskridge,MIA,WR,11,,,,,,0,0,0,7,4,62,0,,,,,,
Jaylen Waddle,MIA,WR,16,,,,,,2,28,0,100,64,910,6,,,,,,
Kevin Coleman Jr.,MIA,WR,2,,,,,,0,0,0,6,1,3,0,,,,,,
Malik Washington,MIA,WR,20,,,,,,20,119,1,88,58,469,3,,,,,,
Nick Westbrook-Ikhine,MIA,WR,13,,,,,,0,0,0,20,11,89,0,,,,,,
Ryan Miller,MIA,WR,2,,,,,,0,0,0,4,3,92,1,,,,,,
Tahj Washington,MIA,WR,2,,,,,,0,0,0,5,3,37,0,,,,,,
Theo Wease Jr.,MIA,WR,3,,,,,,0,0,0,10,6,139,1,,,,,,
Tyreek Hill,MIA,WR,4,,,,,,0,0,0,29,21,265,1,,,,,,
Byron Murphy,MIN,DB,20,,,,,,,,,,,,,87,0,,,,
Dwight McGlothern,MIN,DB,2,,,,,,,,,,,,,0,0,,,,
Fabian Moreau,MIN,DB,10,,,,,,,,,,,,,17,0,,,,
Harrison Smith,MIN,DB,17,,,,,,,,,,,,,59,1,,,,
Isaiah Rodgers,MIN,DB,20,,,,,,,,,,,,,78,0,,,,
Jacob Thomas,MIN,DB,3,,,,,,,,,,,,,5,0,,,,
James Pierre,MIN,DB,3,,,,,,,,,,,,,14,0,,,,
Jay Ward,MIN,DB,13,,,,,,,,,,,,,28,0,,,,
Jeff Okudah,MIN,DB,6,,,,,,,,,,,,,14,0,,,,
Josh Metellus,MIN,DB,17,,,,,,,,,,,,,104,1,,,,
Tavierre Thomas,MIN,DB,14,,,,,,,,,,,,,23,0,,,,
Theo Jackson,MIN,DB,15,,,,,,,,,,,,,53,2,,,,
Caleb Banks,MIN,DL,2,,,,,,,,,,,,,7,0,,,,
Domonique Orange,MIN,DL,2,,,,,,,,,,,,,4,0,,,,
Elijah Williams,MIN,DL,4,,,,,,,,,,,,,9,0,,,,
Jalen Redmond,MIN,DL,20,,,,,,,,,,,,,68,6,,,,
Javon Hargrave,MIN,DL,15,,,,,,,,,,,,,52,3.5,,,,
Jonathan Allen,MIN,DL,17,,,,,,,,,,,,,67,3.5,,,,
Levi Drake Rodriguez,MIN,DL,18,,,,,,,,,,,,,48,3,,,,
Taki Taimani,MIN,DL,1,,,,,,,,,,,,,1,0,,,,
Tyrion Ingram-Dawkins,MIN,DL,12,,,,,,,,,,,,,18,1,,,,
Will Reichard,MIN,K,20,,,,,,,,,,,,,,,40,37,,
Andrew Van Ginkel,MIN,LB,15,,,,,,,,,,,,,60,10,,,,
Austin Keys,MIN,LB,7,,,,,,,,,,,,,7,1,,,,
Blake Cashman,MIN,LB,16,,,,,,,,,,,,,166,4.5,,,,
Bo Richter,MIN,LB,9,,,,,,,,,,,,,13,0,,,,
Chaz Chambliss,MIN,LB,7,,,,,,,,,,,,,11,1,,,,
Dallas Turner,MIN,LB,20,,,,,,,,,,,,,76,11.5,,,,
Eric Wilson,MIN,LB,20,,,,,,,,,,,,,131,8,,,,
Gabriel Murphy,MIN,LB,1,,,,,,,,,,,,,0,0,,,,
Ivan Pace Jr.,MIN,LB,18,,,,,,,,,,,,,67,1.5,,,,
Jake Golday,MIN,LB,3,,,,,,,,,,,,,4,0,,,,
Jonathan Greenard,MIN,LB,12,,,,,,,,,,,,,36,3,,,,
Kobe King,MIN,LB,3,,,,,,,,,,,,,4,0,,,,
Kyle Van Noy,MIN,LB,3,,,,,,,,,,,,,6,1.5,,,,
Sione Takitaki,MIN,LB,2,,,,,,,,,,,,,3,0,,,,
Tyler Batty,MIN,LB,9,,,,,,,,,,,,,12,0,,,,
Andrew DePaola,MIN,LS,3,,,,,,,,,,,,,,,,,,
Blake Brandel,MIN,OL,8,,,,,,,,,,,,,,,,,,
Brian O'Neill,MIN,OL,4,,,,,,,,,,,,,,,,,,
Christian Darrisaw,MIN,OL,7,,,,,,,,,,,,,,,,,,
Donovan Jackson,MIN,OL,6,,,,,,,,,,,,,,,,,,
Joe Huber,MIN,OL,2,,,,,,,,,,,,,,,,,,
Justin Skule,MIN,OL,3,,,,,,,,,,,,,,,,,,
Michael Jurgens,MIN,OL,1,,,,,,,,,,,,,,,,,,
Ryan Kelly,MIN,OL,1,,,,,,,,,,,,,,,,,,
Walter Rouse,MIN,OL,1,,,,,,,,,,,,,,,,,,
Will Fries,MIN,OL,5,,,,,,,,,,,,,,,,,,
Brett Thorson,MIN,P,2,,,,,,,,,,,,,,,,,10,458
Johnny Hekker,MIN,P,1,,,,,,,,,,,,,,,,,8,309
Ryan Wright,MIN,P,17,,,,,,,,,,,,,,,,,65,3184
Carson Wentz,MIN,QB,7,208,133,1492,9,5,19,62,0,,,,,,,,,,
J.J. McCarthy,MIN,QB,10,243,140,1632,11,12,37,181,4,,,,,,,,,,
Kyler Murray,MIN,QB,2,34,18,186,1,2,4,26,0,,,,,,,,,,
Max Brosmer,MIN,QB,7,71,47,328,0,4,7,11,0,,,,,,,,,,
Aaron Jones,MIN,RB,15,,,,,,184,751,3,48,33,233,1,,,,,,
C.J. Ham,MIN,RB,8,,,,,,3,5,2,2,2,11,0,,,,,,
Cam Akers,MIN,RB,2,,,,,,5,19,0,1,0,0,0,,,,,,
DeeJay Dallas,MIN,RB,3,,,,,,3,10,0,2,2,13,0,,,,,,
Demond Claiborne,MIN,RB,2,,,,,,3,1,0,1,1,2,0,,,,,,
Jordan Mason,MIN,RB,17,,,,,,174,817,7,16,14,51,0,,,,,,
Max Bredeson,MIN,RB,1,,,,,,0,0,0,0,0,0,0,,,,,,
Ty Chandler,MIN,RB,3,,,,,,17,47,0,4,3,11,0,,,,,,
Zavier Scott,MIN,RB,11,,,,,,32,114,0,16,14,98,1,,,,,,
Ben Sims,MIN,TE,3,,,,,,0,0,0,6,3,30,0,,,,,,
Ben Yurosek,MIN,TE,6,,,,,,0,0,0,3,2,14,0,,,,,,
Josh Oliver,MIN,TE,15,,,,,,0,0,0,24,18,206,4,,,,,,
T.J. Hockenson,MIN,TE,18,,,,,,1,0,0,79,60,514,4,,,,,,
Adam Thielen,MIN,WR,9,,,,,,0,0,0,18,8,69,0,,,,,,
Jalen Nailor,MIN,WR,17,,,,,,2,13,0,53,29,444,4,,,,,,
Jauan Jennings,MIN,WR,2,,,,,,0,0,0,3,1,1,0,,,,,,
Jeshaun Jones,MIN,WR,1,,,,,,0,0,0,0,0,0,0,,,,,,
Jordan Addison,MIN,WR,17,,,,,,2,81,1,95,49,721,4,,,,,,
Justin Jefferson,MIN,WR,20,,,,,,2,7,0,158,97,1227,4,,,,,,
Myles Price,MIN,WR,19,,,,,,0,0,0,1,0,0,0,,,,,,
Tai Felton,MIN,WR,13,,,,,,0,0,0,5,3,25,0,,,,,,
Alex Austin,NE,DB,6,,,,,,,,,,,,,12,0,,,,
Brenden Schooler,NE,DB,15,,,,,,,,,,,,,25,0,,,,
Carlton Davis III,NE,DB,23,,,,,,,,,,,,,98,0,,,,
Channing Canada,NE,DB,1,,,,,,,,,,,,,1,0,,,,
Charles Woods,NE,DB,14,,,,,,,,,,,,,31,0,,,,
Christian Gonzalez,NE,DB,21,,,,,,,,,,,,,95,1,,,,
Corey Ballentine,NE,DB,1,,,,,,,,,,,,,1,0,,,,
Craig Woodson,NE,DB,23,,,,,,,,,,,,,120,0,,,,
DJ James,NE,DB,1,,,,,,,,,,,,,1,0,,,,
Dell Pettus,NE,DB,16,,,,,,,,,,,,,31,1,,,,
Jaylen Reed,NE,DB,2,,,,,,,,,,,,,4,0,,,,
Jaylinn Hawkins,NE,DB,19,,,,,,,,,,,,,85,1.5,,,,
Karon Prunty,NE,DB,1,,,,,,,,,,,,,1,0,,,,
Kevin Byard,NE,DB,3,,,,,,,,,,,,,14,0,,,,
Kobee Minor,NE,DB,1,,,,,,,,,,,,,1,0,,,,
Kyle Dugger,NE,DB,7,,,,,,,,,,,,,17,0,,,,
Marcus Jones,NE,DB,24,,,,,,,,,,,,,93,3,,,,
Mike Brown,NE,DB,1,,,,,,,,,,,,,1,0,,,,
Miles Battle,NE,DB,1,,,,,,,,,,,,,3,0,,,,
Richie Grant,NE,DB,1,,,,,,,,,,,,,1,0,,,,
Christian Barmore,NE,DL,22,,,,,,,,,,,,,43,4,,,,
Cory Durden,NE,DL,21,,,,,,,,,,,,,34,0,,,,
DaQuan Jones,NE,DL,2,,,,,,,,,,,,,2,0,,,,
Eric Gregory,NE,DL,5,,,,,,,,,,,,,8,0,,,,
Jeremiah Pharms Jr.,NE,DL,4,,,,,,,,,,,,,4,0,,,,
Joshua Farmer,NE,DL,13,,,,,,,,,,,,,17,1,,,,
Keion White,NE,DL,5,,,,,,,,,,,,,5,0,,,,
Khyiris Tonga,NE,DL,14,,,,,,,,,,,,,30,1,,,,
Leonard Taylor III,NE,DL,5,,,,,,,,,,,,,9,0,,,,
Milton Williams,NE,DL,18,,,,,,,,,,,,,42,6.5,,,,
Andy Borregales,NE,K,24,,,,,,,,,,,,,,,36,63,,
Anfernee Jennings,NE,LB,17,,,,,,,,,,,,,40,4,,,,
Bradyn Swinson,NE,LB,1,,,,,,,,,,,,,1,0,,,,
Caleb Murphy,NE,LB,1,,,,,,,,,,,,,2,0,,,,
Chad Muma,NE,LB,4,,,,,,,,,,,,,7,0,,,,
Christian Elliss,NE,LB,22,,,,,,,,,,,,,129,2,,,,
Darius Harris,NE,LB,2,,,,,,,,,,,,,4,0,,,,
Darius Muasau,NE,LB,1,,,,,,,,,,,,,1,0,,,,
Dre'Mont Jones,NE,LB,2,,,,,,,,,,,,,3,1,,,,
Elijah Ponder,NE,LB,21,,,,,,,,,,,,,37,5.5,,,,
Erick Hunter,NE,LB,2,,,,,,,,,,,,,3,0,,,,
Gabe Jacas,NE,LB,3,,,,,,,,,,,,,11,1.5,,,,
Harold Landry III,NE,LB,17,,,,,,,,,,,,,53,8.5,,,,
Jack Gibbens,NE,LB,21,,,,,,,,,,,,,98,1,,,,
Jahlani Tavai,NE,LB,16,,,,,,,,,,,,,49,0,,,,
Jose Ramirez,NE,LB,1,,,,,,,,,,,,,1,0,,,,
K'Lavon Chaisson,NE,LB,19,,,,,,,,,,,,,43,10.5,,,,
Mark Robinson,NE,LB,2,,,,,,,,,,,,,2,0,,,,
Marte Mapu,NE,LB,16,,,,,,,,,,,,,26,0,,,,
Namdi Obiazor,NE,LB,2,,,,,,,,,,,,,5,0,,,,
Quintayvious Hutchins,NE,LB,1,,,,,,,,,,,,,3,0,,,,
Robert Spillane,NE,LB,20,,,,,,,,,,,,,135,1,,,,
Julian Ashby,NE,LS,7,,,,,,,,,,,,,,,,,,
Alijah Vera-Tucker,NE,OL,1,,,,,,,,,,,,,,,,,,
Ben Brown,NE,OL,3,,,,,,,,,,,,,,,,,,
Garrett Bradbury,NE,OL,5,,,,,,,,,,,,,,,,,,
Jared Wilson,NE,OL,6,,,,,,,,,,,,,,,,,,
Mike Onwenu,NE,OL,3,,,,,,,,,,,,,,,,,,
Morgan Moses,NE,OL,7,,,,,,,,,,,,,,,,,,
Vederian Lowe,NE,OL,2,,,,,,,,,,,,,,,,,,
Will Campbell,NE,OL,10,,,,,,,,,,,,,,,,,,
Bryce Baringer,NE,P,21,,,,,,,,,,,,,,,,,78,3538
Mitch Wishnowsky,NE,P,3,,,,,,,,,,,,,,,,,10,468
Drake Maye,NE,QB,24,692,475,5807,38,18,147,710,5,,,,,,,,,,
Joshua Dobbs,NE,QB,4,10,7,65,0,0,10,-5,0,,,,,,,,,,
Tommy DeVito,NE,QB,1,5,3,30,0,0,1,2,0,,,,,,,,,,
Antonio Gibson,NE,RB,5,,,,,,25,106,1,3,2,6,0,,,,,,
Corey Kiner,NE,RB,3,,,,,,14,29,0,1,1,9,0,,,,,,
D'Ernest Johnson,NE,RB,7,,,,,,13,25,0,0,0,0,0,,,,,,
Lan Larison,NE,RB,1,,,,,,0,0,0,2,2,9,0,,,,,,
Reggie Gilliam,NE,RB,1,,,,,,0,0,0,2,1,4,0,,,,,,
Rhamondre Stevenson,NE,RB,21,,,,,,219,936,7,63,53,534,3,,,,,,
Terrell Jennings,NE,RB,6,,,,,,23,73,1,1,1,9,0,,,,,,
TreVeyon Henderson,NE,RB,23,,,,,,234,1086,10,49,41,260,1,,,,,,
Austin Hooper,NE,TE,16,,,,,,0,0,0,33,24,287,2,,,,,,
Cameron Latu,NE,TE,2,,,,,,0,0,0,0,0,0,0,,,,,,
Eli Raridon,NE,TE,2,,,,,,0,0,0,2,2,32,1,,,,,,
Hunter Henry,NE,TE,24,,,,,,0,0,0,112,76,951,8,,,,,,
Jack Westover,NE,TE,5,,,,,,0,0,0,3,2,8,0,,,,,,
A.J. Brown,NE,WR,1,,,,,,0,0,0,4,3,26,0,,,,,,
DeMario Douglas,NE,WR,23,,,,,,7,21,0,72,46,598,4,,,,,,
Efton Chism III,NE,WR,12,,,,,,0,0,0,7,6,94,1,,,,,,
Kayshon Boutte,NE,WR,18,,,,,,0,0,0,66,42,719,7,,,,,,
Kyle Williams,NE,WR,20,,,,,,2,3,0,32,14,267,3,,,,,,
Mack Hollins,NE,WR,19,,,,,,1,4,0,91,64,835,3,,,,,,
Romeo Doubs,NE,WR,3,,,,,,0,0,0,11,6,145,0,,,,,,
Stefon Diggs,NE,WR,21,,,,,,0,0,0,122,99,1123,5,,,,,,
Alontae Taylor,NO,DB,17,,,,,,,,,,,,,82,2,,,,
Decamerion Richardson,NO,DB,1,,,,,,,,,,,,,1,0,,,,
Isaac Yiadom,NO,DB,11,,,,,,,,,,,,,25,0,,,,
Jayden Price,NO,DB,2,,,,,,,,,,,,,1,0,,,,
Jonas Sanker,NO,DB,19,,,,,,,,,,,,,99,0,,,,
Jordan Howden,NO,DB,14,,,,,,,,,,,,,31,0,,,,
Julian Blackmon,NO,DB,4,,,,,,,,,,,,,18,0,,,,
Justin Reid,NO,DB,18,,,,,,,,,,,,,87,0.5,,,,
Kool-Aid McKinstry,NO,DB,20,,,,,,,,,,,,,90,0,,,,
Martin Emerson,NO,DB,2,,,,,,,,,,,,,5,0,,,,
Michael Davis,NO,DB,5,,,,,,,,,,,,,4,0,,,,
Michael Reid,NO,DB,1,,,,,,,,,,,,,1,0,,,,
Quincy Riley,NO,DB,19,,,,,,,,,,,,,41,0,,,,
Terrell Burgess,NO,DB,11,,,,,,,,,,,,,22,0,,,,
Ugo Amadi,NO,DB,1,,,,,,,,,,,,,0,0,,,,
Bryan Bresee,NO,DL,15,,,,,,,,,,,,,36,2.5,,,,
Carl Granderson,NO,DL,19,,,,,,,,,,,,,65,7,,,,
Chase Young,NO,DL,15,,,,,,,,,,,,,41,13.5,,,,
Christen Miller,NO,DL,1,,,,,,,,,,,,,0,0,,,,
Colby Wooden,NO,DL,3,,,,,,,,,,,,,5,0,,,,
Davon Godchaux,NO,DL,19,,,,,,,,,,,,,53,0,,,,
Fadil Diggs,NO,DL,2,,,,,,,,,,,,,0,0,,,,
John Ridgeway,NO,DL,4,,,,,,,,,,,,,11,0,,,,
Jonah Williams,NO,DL,10,,,,,,,,,,,,,17,3,,,,
Jonathan Bullard,NO,DL,13,,,,,,,,,,,,,23,0,,,,
Khristian Boyd,NO,DL,4,,,,,,,,,,,,,7,1,,,,
Nathan Shepherd,NO,DL,19,,,,,,,,,,,,,56,3.5,,,,
Tyree Wilson,NO,DL,1,,,,,,,,,,,,,2,0,,,,
Vernon Broughton,NO,DL,4,,,,,,,,,,,,,8,0,,,,
Blake Grupe,NO,K,11,,,,,,,,,,,,,,,18,15,,
Charlie Smyth,NO,K,6,,,,,,,,,,,,,,,12,13,,
Daniel Carlson,NO,K,3,,,,,,,,,,,,,,,4,7,,
Anfernee Jennings,NO,LB,3,,,,,,,,,,,,,7,0,,,,
Cameron Jordan,NO,LB,18,,,,,,,,,,,,,46,10.5,,,,
Chris Rumph II,NO,LB,19,,,,,,,,,,,,,48,2,,,,
Danny Stutsman,NO,LB,19,,,,,,,,,,,,,70,0,,,,
Demario Davis,NO,LB,17,,,,,,,,,,,,,140,0.5,,,,
Eku Leota,NO,LB,1,,,,,,,,,,,,,1,0,,,,
Isaiah Stalbird,NO,LB,13,,,,,,,,,,,,,30,2,,,,
Jaylan Ford,NO,LB,9,,,,,,,,,,,,,11,0,,,,
Kaden Elliss,NO,LB,3,,,,,,,,,,,,,23,0,,,,
Nephi Sewell,NO,LB,1,,,,,,,,,,,,,0,0,,,,
Pete Werner,NO,LB,20,,,,,,,,,,,,,101,3,,,,
Zach Wood,NO,LS,2,,,,,,,,,,,,,,,,,,
Asim Richards,NO,OL,2,,,,,,,,,,,,,,,,,,
Cesar Ruiz,NO,OL,5,,,,,,,,,,,,,,,,,,
Dillon Radunz,NO,OL,7,,,,,,,,,,,,,,,,,,
Erik McCoy,NO,OL,3,,,,,,,,,,,,,,,,,,
Kelvin Banks Jr.,NO,OL,7,,,,,,,,,,,,,,,,,,
Luke Fortner,NO,OL,3,,,,,,,,,,,,,,,,,,
Taliese Fuaga,NO,OL,5,,,,,,,,,,,,,,,,,,
Torricelli Simpkins III,NO,OL,3,,,,,,,,,,,,,,,,,,
Trevor Penning,NO,OL,2,,,,,,,,,,,,,,,,,,
Xavier Truss,NO,OL,1,,,,,,,,,,,,,,,,,,
Kai Kroeger,NO,P,17,,,,,,,,,,,,,,,,,56,2511
Ryan Wright,NO,P,3,,,,,,,,,,,,,,,,,11,487
Spencer Rattler,NO,QB,9,257,174,1586,8,5,31,167,0,,,,,,,,,,
Tyler Shough,NO,QB,14,459,312,3301,18,9,59,253,4,,,,,,,,,,
Alvin Kamara,NO,RB,13,,,,,,149,522,1,46,39,198,0,,,,,,
Audric Estimé,NO,RB,5,,,,,,46,198,1,13,12,103,0,,,,,,
CJ Donaldson,NO,RB,3,,,,,,4,11,0,2,1,-2,0,,,,,,
Devin Neal,NO,RB,9,,,,,,57,206,2,19,17,104,0,,,,,,
Evan Hull,NO,RB,6,,,,,,19,48,0,1,1,6,0,,,,,,
Kendre Miller,NO,RB,9,,,,,,60,237,2,8,7,35,0,,,,,,
Nyheim Hines,NO,RB,1,,,,,,0,0,0,0,0,0,0,,,,,,
Travis Etienne,NO,RB,3,,,,,,30,128,0,13,11,51,0,,,,,,
Foster Moreau,NO,TE,7,,,,,,0,0,0,10,7,59,0,,,,,,
Jack Stoll,NO,TE,9,,,,,,0,0,0,11,6,46,1,,,,,,
Juwan Johnson,NO,TE,20,,,,,,0,0,0,121,92,1062,6,,,,,,
Moliki Matavao,NO,TE,1,,,,,,0,0,0,2,2,10,0,,,,,,
Noah Fant,NO,TE,3,,,,,,0,0,0,12,8,66,3,,,,,,
Oscar Delp,NO,TE,1,,,,,,0,0,0,1,1,8,0,,,,,,
Taysom Hill,NO,TE,13,,,,,,52,114,1,16,11,91,0,,,,,,
Treyton Welch,NO,TE,1,,,,,,0,0,0,0,0,0,0,,,,,,
Zaire Mitchell-Paden,NO,TE,1,,,,,,0,0,0,1,1,14,0,,,,,,
Barion Brown,NO,WR,2,,,,,,1,3,0,0,0,0,0,,,,,,
Brandin Cooks,NO,WR,9,,,,,,0,0,0,25,19,165,0,,,,,,
Bryce Lance,NO,WR,3,,,,,,0,0,0,8,4,50,0,,,,,,
Chris Olave,NO,WR,19,,,,,,1,-3,0,192,127,1538,10,,,,,,
Dante Pettis,NO,WR,8,,,,,,0,0,0,11,9,127,0,,,,,,
Devaughn Vele,NO,WR,12,,,,,,0,0,0,61,40,465,3,,,,,,
Jalen Cropper,NO,WR,1,,,,,,0,0,0,0,0,0,0,,,,,,
Kevin Austin Jr.,NO,WR,6,,,,,,0,0,0,24,14,147,1,,,,,,
Mason Tipton,NO,WR,8,,,,,,4,18,0,17,11,76,0,,,,,,
Rashid Shaheed,NO,WR,9,,,,,,2,5,0,66,44,499,2,,,,,,
Ronnie Bell,NO,WR,2,,,,,,0,0,0,4,2,23,1,,,,,,
Samori Toure,NO,WR,1,,,,,,0,0,0,3,1,3,0,,,,,,
Velus Jones Jr.,NO,WR,4,,,,,,0,0,0,0,0,0,0,,,,,,
Andru Phillips,NYG,DB,20,,,,,,,,,,,,,78,0,,,,
Ar'Darius Washington,NYG,DB,3,,,,,,,,,,,,,3,0,,,,
Art Green,NYG,DB,8,,,,,,,,,,,,,11,0,,,,
Beau Brade,NYG,DB,2,,,,,,,,,,,,,2,0,,,,
Colton Hood,NYG,DB,2,,,,,,,,,,,,,7,0,,,,
Cordale Flott,NYG,DB,14,,,,,,,,,,,,,36,0,,,,
Dane Belton,NYG,DB,17,,,,,,,,,,,,,120,2,,,,
Deonte Banks,NYG,DB,15,,,,,,,,,,,,,34,0,,,,
Elijah Campbell,NYG,DB,3,,,,,,,,,,,,,4,0,,,,
Greg Newsome II,NYG,DB,3,,,,,,,,,,,,,11,0,,,,
Jarrick Bernard-Converse,NYG,DB,2,,,,,,,,,,,,,4,0,,,,
Jason Pinnock,NYG,DB,1,,,,,,,,,,,,,3,0,,,,
Jevon Holland,NYG,DB,16,,,,,,,,,,,,,75,0,,,,
Korie Black,NYG,DB,5,,,,,,,,,,,,,17,0,,,,
Nic Jones,NYG,DB,7,,,,,,,,,,,,,10,0,,,,
Nikko Reed,NYG,DB,1,,,,,,,,,,,,,1,0,,,,
Paulson Adebo,NYG,DB,13,,,,,,,,,,,,,75,0,,,,
Raheem Layne,NYG,DB,3,,,,,,,,,,,,,9,0,,,,
Rico Payton,NYG,DB,4,,,,,,,,,,,,,12,0,,,,
Tyler Nubin,NYG,DB,15,,,,,,,,,,,,,87,0,,,,
Basil Okoye,NYG,DL,2,,,,,,,,,,,,,2,0,,,,
Chauncey Golston,NYG,DL,11,,,,,,,,,,,,,29,1,,,,
DJ Davidson,NYG,DL,6,,,,,,,,,,,,,8,0,,,,
DJ Reader,NYG,DL,3,,,,,,,,,,,,,6,0,,,,
Darius Alexander,NYG,DL,11,,,,,,,,,,,,,20,3.5,,,,
Dexter Lawrence,NYG,DL,16,,,,,,,,,,,,,30,0.5,,,,
Elijah Chatman,NYG,DL,3,,,,,,,,,,,,,3,0,,,,
Elijah Garcia,NYG,DL,3,,,,,,,,,,,,,4,1,,,,
Rakeem Nunez-Roches,NYG,DL,9,,,,,,,,,,,,,23,3,,,,
Roy Robertson-Harris,NYG,DL,15,,,,,,,,,,,,,34,0,,,,
Shelby Harris,NYG,DL,2,,,,,,,,,,,,,3,0,,,,
Ben Sauls,NYG,K,3,,,,,,,,,,,,,,,8,7,,
Dominic Zvada,NYG,K,3,,,,,,,,,,,,,,,6,4,,
Graham Gano,NYG,K,5,,,,,,,,,,,,,,,9,9,,
Jude McAtamney,NYG,K,4,,,,,,,,,,,,,,,2,9,,
Younghoe Koo,NYG,K,5,,,,,,,,,,,,,,,4,11,,
Abdul Carter,NYG,LB,18,,,,,,,,,,,,,47,5,,,,
Arvell Reese,NYG,LB,3,,,,,,,,,,,,,24,0,,,,
Bobby Okereke,NYG,LB,17,,,,,,,,,,,,,140,1,,,,
Brian Burns,NYG,LB,20,,,,,,,,,,,,,71,16.5,,,,
Chris Board,NYG,LB,1,,,,,,,,,,,,,3,0,,,,
Darius Muasau,NYG,LB,12,,,,,,,,,,,,,50,1,,,,
Demetrius Flannigan-Fowles,NYG,LB,7,,,,,,,,,,,,,30,1,,,,
Kayvon Thibodeaux,NYG,LB,12,,,,,,,,,,,,,27,2.5,,,,
Malik Harrison,NYG,LB,2,,,,,,,,,,,,,2,0,,,,
Micah McFadden,NYG,LB,2,,,,,,,,,,,,,3,0,,,,
Neville Hewitt,NYG,LB,8,,,,,,,,,,,,,12,0,,,,
Swayze Bozeman,NYG,LB,4,,,,,,,,,,,,,6,0,,,,
Tomon Fox,NYG,LB,5,,,,,,,,,,,,,6,0,,,,
Tremaine Edmunds,NYG,LB,3,,,,,,,,,,,,,23,0,,,,
Victor Dimukeje,NYG,LB,2,,,,,,,,,,,,,3,0,,,,
Zaire Barnes,NYG,LB,11,,,,,,,,,,,,,33,1,,,,
Ben Mann,NYG,LS,1,,,,,,,,,,,,,,,,,,
Aaron Stinnie,NYG,OL,1,,,,,,,,,,,,,,,,,,
Andrew Thomas,NYG,OL,4,,,,,,,,,,,,,,,,,,
Austin Schlottmann,NYG,OL,4,,,,,,,,,,,,,,,,,,
Francis Mauigoa,NYG,OL,1,,,,,,,,,,,,,,,,,,
Greg Van Roten,NYG,OL,2,,,,,,,,,,,,,,,,,,
James Hudson,NYG,OL,2,,,,,,,,,,,,,,,,,,
Jermaine Eluemunor,NYG,OL,11,,,,,,,,,,,,,,,,,,
John Michael Schmitz,NYG,OL,4,,,,,,,,,,,,,,,,,,
Jon Runyan,NYG,OL,8,,,,,,,,,,,,,,,,,,
Marcus Mbow,NYG,OL,2,,,,,,,,,,,,,,,,,,
Cameron Johnston,NYG,P,1,,,,,,,,,,,,,,,,,4,182
Jamie Gillan,NYG,P,16,,,,,,,,,,,,,,,,,55,2445
Jordan Stout,NYG,P,3,,,,,,,,,,,,,,,,,13,664
Jameis Winston,NYG,QB,5,115,62,796,2,3,11,38,1,,,,,,,,,,
Jaxson Dart,NYG,QB,16,373,242,2522,18,5,97,541,9,,,,,,,,,,
Russell Wilson,NYG,QB,6,119,69,831,3,3,18,106,0,,,,,,,,,,
Cam Skattebo,NYG,RB,11,,,,,,151,587,6,40,31,266,2,,,,,,
Devin Singletary,NYG,RB,19,,,,,,128,462,5,24,22,173,1,,,,,,
Eric Gray,NYG,RB,1,,,,,,0,0,0,0,0,0,0,,,,,,
Najee Harris,NYG,RB,2,,,,,,13,58,0,0,0,0,0,,,,,,
Patrick Ricard,NYG,RB,1,,,,,,0,0,0,1,0,0,0,,,,,,
Tyrone Tracy Jr.,NYG,RB,18,,,,,,179,757,2,48,36,288,2,,,,,,
Chris Manhertz,NYG,TE,4,,,,,,0,0,0,2,1,7,0,,,,,,
Daniel Bellinger,NYG,TE,13,,,,,,0,0,0,26,19,286,2,,,,,,
Isaiah Likely,NYG,TE,3,,,,,,0,0,0,23,15,124,2,,,,,,
Theo Johnson,NYG,TE,17,,,,,,0,0,0,79,46,537,5,,,,,,
Thomas Fidone II,NYG,TE,1,,,,,,0,0,0,0,0,0,0,,,,,,
Beaux Collins,NYG,WR,4,,,,,,0,0,0,6,2,25,0,,,,,,
Braxton Berrios,NYG,WR,3,,,,,,0,0,0,0,0,0,0,,,,,,
Dalen Cambre,NYG,WR,3,,,,,,0,0,0,0,0,0,0,,,,,,
Darius Slayton,NYG,WR,14,,,,,,0,0,0,63,37,538,1,,,,,,
Darnell Mooney,NYG,WR,3,,,,,,1,9,0,8,6,95,0,,,,,,
Gunner Olszewski,NYG,WR,16,,,,,,0,0,0,13,10,145,1,,,,,,
Isaiah Hodgins,NYG,WR,6,,,,,,0,0,0,19,10,115,1,,,,,,
Jalin Hyatt,NYG,WR,6,,,,,,0,0,0,14,5,35,0,,,,,,
Lil'Jordan Humphrey,NYG,WR,2,,,,,,0,0,0,10,4,55,0,,,,,,
Malachi Fields,NYG,WR,3,,,,,,0,0,0,12,6,74,0,,,,,,
Malik Nabers,NYG,WR,7,,,,,,0,0,0,54,30,367,2,,,,,,
Odell Beckham Jr.,NYG,WR,1,,,,,,0,0,0,1,0,0,0,,,,,,
Ray-Ray McCloud,NYG,WR,2,,,,,,0,0,0,1,1,5,0,,,,,,
Wan'Dale Robinson,NYG,WR,16,,,,,,3,5,0,140,92,1014,4,,,,,,
Andre Cisco,NYJ,DB,11,,,,,,,,,,,,,57,1,,,,
Azareye'h Thomas,NYJ,DB,11,,,,,,,,,,,,,35,0,,,,
Brandon Stephens,NYJ,DB,18,,,,,,,,,,,,,79,0,,,,
Dane Belton,NYJ,DB,3,,,,,,,,,,,,,15,0,,,,
Dean Clark,NYJ,DB,7,,,,,,,,,,,,,14,0,,,,
Isaiah Oliver,NYJ,DB,13,,,,,,,,,,,,,55,0,,,,
Ja'Sir Taylor,NYJ,DB,5,,,,,,,,,,,,,13,0,,,,
Jarius Monroe,NYJ,DB,2,,,,,,,,,,,,,2,0,,,,
Jarvis Brownlee Jr.,NYJ,DB,9,,,,,,,,,,,,,42,0,,,,
Jordan Clark,NYJ,DB,3,,,,,,,,,,,,,9,0,,,,
Keidron Smith,NYJ,DB,1,,,,,,,,,,,,,15,0,,,,
Malachi Moore,NYJ,DB,20,,,,,,,,,,,,,104,0,,,,
Michael Carter II,NYJ,DB,5,,,,,,,,,,,,,12,0,,,,
Nahshon Wright,NYJ,DB,1,,,,,,,,,,,,,1,0,,,,
Qwan'tez Stiggers,NYJ,DB,14,,,,,,,,,,,,,28,0,,,,
Samuel Womack,NYJ,DB,1,,,,,,,,,,,,,7,0,,,,
Sauce Gardner,NYJ,DB,7,,,,,,,,,,,,,20,0,,,,
Tony Adams,NYJ,DB,10,,,,,,,,,,,,,48,1,,,,
Tre Brown,NYJ,DB,1,,,,,,,,,,,,,8,0,,,,
Braiden McGregor,NYJ,DL,10,,,,,,,,,,,,,21,1,,,,
Darrell Jackson Jr.,NYJ,DL,3,,,,,,,,,,,,,4,0,,,,
David Onyemata,NYJ,DL,1,,,,,,,,,,,,,0,0,,,,
Eric Watts,NYJ,DL,4,,,,,,,,,,,,,10,0,,,,
Harrison Phillips,NYJ,DL,20,,,,,,,,,,,,,65,0.5,,,,
Jay Tufele,NYJ,DL,9,,,,,,,,,,,,,12,0,,,,
Jermaine Johnson II,NYJ,DL,14,,,,,,,,,,,,,42,3,,,,
Joseph Ossai,NYJ,DL,1,,,,,,,,,,,,,2,0,,,,
Jowon Briggs,NYJ,DL,16,,,,,,,,,,,,,46,5,,,,
Khalen Saunders,NYJ,DL,5,,,,,,,,,,,,,9,1,,,,
Kingsley Jonathan,NYJ,DL,1,,,,,,,,,,,,,1,0,,,,
Leonard Taylor III,NYJ,DL,2,,,,,,,,,,,,,2,0,,,,
Micheal Clemons,NYJ,DL,13,,,,,,,,,,,,,21,1,,,,
Payton Page,NYJ,DL,2,,,,,,,,,,,,,5,0,,,,
Quinnen Williams,NYJ,DL,8,,,,,,,,,,,,,31,1,,,,
T'Vondre Sweat,NYJ,DL,3,,,,,,,,,,,,,7,0,,,,
Tyler Baron,NYJ,DL,4,,,,,,,,,,,,,8,0,,,,
Will McDonald IV,NYJ,DL,14,,,,,,,,,,,,,30,9,,,,
Jason Sanders,NYJ,K,3,,,,,,,,,,,,,,,5,5,,
Nick Folk,NYJ,K,16,,,,,,,,,,,,,,,28,22,,
Cam Jones,NYJ,LB,5,,,,,,,,,,,,,5,0,,,,
David Bailey,NYJ,LB,3,,,,,,,,,,,,,12,2,,,,
Demario Davis,NYJ,LB,3,,,,,,,,,,,,,21,1,,,,
Francisco Mauigoa,NYJ,LB,12,,,,,,,,,,,,,45,0,,,,
Ja'Markis Weston,NYJ,LB,2,,,,,,,,,,,,,2,0,,,,
Jackson Sirmon,NYJ,LB,1,,,,,,,,,,,,,1,0,,,,
Jamien Sherwood,NYJ,LB,20,,,,,,,,,,,,,167,2,,,,
Kingsley Enagbare,NYJ,LB,3,,,,,,,,,,,,,8,2,,,,
Kobe King,NYJ,LB,6,,,,,,,,,,,,,6,0,,,,
Marcelino McCrary-Ball,NYJ,LB,6,,,,,,,,,,,,,24,0,,,,
Mark Robinson,NYJ,LB,3,,,,,,,,,,,,,2,0,,,,
Mykal Walker,NYJ,LB,12,,,,,,,,,,,,,31,0,,,,
Quincy Williams,NYJ,LB,13,,,,,,,,,,,,,81,3.5,,,,
Trevin Wallace,NYJ,LB,1,,,,,,,,,,,,,1,0,,,,
Troy Reeder,NYJ,LB,2,,,,,,,,,,,,,4,0,,,,
Thomas Hennessy,NYJ,LS,3,,,,,,,,,,,,,,,,,,
Armand Membou,NYJ,OL,7,,,,,,,,,,,,,,,,,,
Dylan Parham,NYJ,OL,1,,,,,,,,,,,,,,,,,,
Joe Tippmann,NYJ,OL,8,,,,,,,,,,,,,,,,,,
John Simpson,NYJ,OL,8,,,,,,,,,,,,,,,,,,
Josh Myers,NYJ,OL,7,,,,,,,,,,,,,,,,,,
Max Mitchell,NYJ,OL,1,,,,,,,,,,,,,,,,,,
Olumuyiwa Fashanu,NYJ,OL,3,,,,,,,,,,,,,,,,,,
Austin McNamara,NYJ,P,20,,,,,,,,,,,,,,,,,84,3930
Brady Cook,NYJ,QB,5,153,88,739,2,7,13,49,0,,,,,,,,,,
Geno Smith,NYJ,QB,3,102,77,783,4,0,13,36,0,,,,,,,,,,
Justin Fields,NYJ,QB,9,204,128,1259,7,1,71,383,4,,,,,,,,,,
Tyrod Taylor,NYJ,QB,6,134,80,779,5,5,27,143,1,,,,,,,,,,
Andrew Beck,NYJ,RB,12,,,,,,1,5,0,9,6,45,2,,,,,,
Avery Williams,NYJ,RB,1,,,,,,0,0,0,0,0,0,0,,,,,,
Braelon Allen,NYJ,RB,7,,,,,,37,137,2,8,6,28,0,,,,,,
Breece Hall,NYJ,RB,19,,,,,,294,1228,5,58,46,452,1,,,,,,
Isaiah Davis,NYJ,RB,18,,,,,,43,236,1,28,21,186,0,,,,,,
Kene Nwangwu,NYJ,RB,10,,,,,,13,49,0,1,0,0,0,,,,,,
Khalil Herbert,NYJ,RB,5,,,,,,16,52,0,4,1,4,0,,,,,,
Jelani Woods,NYJ,TE,3,,,,,,0,0,0,4,2,24,0,,,,,,
Jeremy Ruckert,NYJ,TE,17,,,,,,0,0,0,37,31,227,2,,,,,,
Kenyon Sadiq,NYJ,TE,3,,,,,,1,3,1,14,12,143,1,,,,,,
Mason Taylor,NYJ,TE,14,,,,,,0,0,0,68,46,367,1,,,,,,
Stone Smartt,NYJ,TE,6,,,,,,0,0,0,9,7,52,0,,,,,,
Adonai Mitchell,NYJ,WR,10,,,,,,1,-4,0,73,33,424,2,,,,,,
Allen Lazard,NYJ,WR,9,,,,,,0,0,0,18,10,70,1,,,,,,
Arian Smith,NYJ,WR,15,,,,,,4,13,0,17,7,52,0,,,,,,
Garrett Wilson,NYJ,WR,10,,,,,,0,0,0,86,57,638,6,,,,,,
Isaiah Williams,NYJ,WR,18,,,,,,4,48,0,45,34,255,0,,,,,,
Jamaal Pritchett,NYJ,WR,1,,,,,,0,0,0,0,0,0,0,,,,,,
John Metchie III,NYJ,WR,9,,,,,,3,-5,0,44,29,256,2,,,,,,
Josh Reynolds,NYJ,WR,5,,,,,,0,0,0,21,11,101,0,,,,,,
Malik McClain,NYJ,WR,1,,,,,,0,0,0,0,0,0,0,,,,,,
Omar Cooper Jr.,NYJ,WR,1,,,,,,0,0,0,1,1,30,0,,,,,,
Quentin Skinner,NYJ,WR,1,,,,,,0,0,0,1,1,10,0,,,,,,
Sterling Shepard,NYJ,WR,1,,,,,,0,0,0,1,1,3,0,,,,,,
Tyler Johnson,NYJ,WR,9,,,,,,0,0,0,18,12,197,1,,,,,,
Xavier Gipson,NYJ,WR,1,,,,,,0,0,0,0,0,0,0,,,,,,
Adoree' Jackson,PHI,DB,14,,,,,,,,,,,,,59,0,,,,
Andre' Sam,PHI,DB,1,,,,,,,,,,,,,1,0,,,,
Andrew Mukuba,PHI,DB,14,,,,,,,,,,,,,59,0.5,,,,
Brandon Johnson,PHI,DB,2,,,,,,,,,,,,,3,0,,,,
Cooper DeJean,PHI,DB,20,,,,,,,,,,,,,112,0,,,,
Jakorian Bennett,PHI,DB,3,,,,,,,,,,,,,6,0,,,,
Kelee Ringo,PHI,DB,15,,,,,,,,,,,,,37,0,,,,
Mac McWilliams,PHI,DB,2,,,,,,,,,,,,,1,0,,,,
Marcus Epps,PHI,DB,13,,,,,,,,,,,,,38,0,,,,
Michael Carter II,PHI,DB,4,,,,,,,,,,,,,14,0,,,,
Parry Nickerson,PHI,DB,1,,,,,,,,,,,,,2,0,,,,
Quinyon Mitchell,PHI,DB,20,,,,,,,,,,,,,63,0,,,,
Reed Blankenship,PHI,DB,17,,,,,,,,,,,,,89,0,,,,
Riq Woolen,PHI,DB,3,,,,,,,,,,,,,9,0,,,,
Sydney Brown,PHI,DB,16,,,,,,,,,,,,,38,0,,,,
Brandon Graham,PHI,DL,4,,,,,,,,,,,,,8,3,,,,
Byron Young,PHI,DL,17,,,,,,,,,,,,,40,2.5,,,,
Jalen Carter,PHI,DL,16,,,,,,,,,,,,,40,5,,,,
Jordan Davis,PHI,DL,21,,,,,,,,,,,,,88,4.5,,,,
Moro Ojomo,PHI,DL,21,,,,,,,,,,,,,50,6,,,,
Patrick Johnson,PHI,DL,5,,,,,,,,,,,,,8,1,,,,
Ty Robinson,PHI,DL,4,,,,,,,,,,,,,7,0,,,,
Za'Darius Smith,PHI,DL,4,,,,,,,,,,,,,10,1.5,,,,
Jake Elliott,PHI,K,21,,,,,,,,,,,,,,,24,49,,
A.J. Epenesa,PHI,LB,1,,,,,,,,,,,,,2,0,,,,
Arnold Ebiketie,PHI,LB,3,,,,,,,,,,,,,5,0,,,,
Azeez Ojulari,PHI,LB,2,,,,,,,,,,,,,6,0,,,,
Chance Campbell,PHI,LB,1,,,,,,,,,,,,,1,0,,,,
Jaelan Phillips,PHI,LB,8,,,,,,,,,,,,,27,2,,,,
Jalyx Hunt,PHI,LB,20,,,,,,,,,,,,,62,6.5,,,,
Jeremiah Trotter Jr.,PHI,LB,16,,,,,,,,,,,,,37,0,,,,
Jihaad Campbell,PHI,LB,19,,,,,,,,,,,,,106,1,,,,
Jonathan Greenard,PHI,LB,1,,,,,,,,,,,,,1,0,,,,
Joshua Uche,PHI,LB,11,,,,,,,,,,,,,22,1,,,,
Nakobe Dean,PHI,LB,10,,,,,,,,,,,,,61,4,,,,
Nolan Smith,PHI,LB,16,,,,,,,,,,,,,40,4,,,,
Smael Mondon Jr.,PHI,LB,12,,,,,,,,,,,,,17,0,,,,
Zack Baun,PHI,LB,20,,,,,,,,,,,,,150,3.5,,,,
Cal Adomitis,PHI,LS,1,,,,,,,,,,,,,,,,,,
Charley Hughlett,PHI,LS,2,,,,,,,,,,,,,,,,,,
Brett Toth,PHI,OL,3,,,,,,,,,,,,,,,,,,
Cam Jurgens,PHI,OL,7,,,,,,,,,,,,,,,,,,
Drew Kendall,PHI,OL,1,,,,,,,,,,,,,,,,,,
Fred Johnson,PHI,OL,4,,,,,,,,,,,,,,,,,,
Jordan Mailata,PHI,OL,6,,,,,,,,,,,,,,,,,,
Landon Dickerson,PHI,OL,6,,,,,,,,,,,,,,,,,,
Lane Johnson,PHI,OL,5,,,,,,,,,,,,,,,,,,
Tyler Steen,PHI,OL,9,,,,,,,,,,,,,,,,,,
Braden Mann,PHI,P,21,,,,,,,,,,,,,,,,,89,4437
Andy Dalton,PHI,QB,1,1,0,0,0,1,0,0,0,,,,,,,,,,
Jalen Hurts,PHI,QB,20,576,370,4012,31,9,126,522,9,,,,,,,,,,
Tanner McKee,PHI,QB,4,43,24,274,1,1,8,8,0,,,,,,,,,,
AJ Dillon,PHI,RB,6,,,,,,12,60,0,3,3,21,0,,,,,,
Saquon Barkley,PHI,RB,20,,,,,,340,1420,7,62,43,304,2,,,,,,
Tank Bigsby,PHI,RB,18,,,,,,76,399,3,7,6,42,0,,,,,,
Will Shipley,PHI,RB,18,,,,,,23,77,0,18,14,86,0,,,,,,
Cameron Latu,PHI,TE,10,,,,,,0,0,0,0,0,0,0,,,,,,
Dallas Goedert,PHI,TE,18,,,,,,1,1,1,96,69,705,14,,,,,,
E.J. Jenkins,PHI,TE,2,,,,,,0,0,0,0,0,0,0,,,,,,
Grant Calcaterra,PHI,TE,9,,,,,,0,0,0,13,9,76,1,,,,,,
Johnny Mundt,PHI,TE,2,,,,,,0,0,0,4,3,12,0,,,,,,
Kylen Granson,PHI,TE,12,,,,,,0,0,0,9,7,40,0,,,,,,
Zach Ertz,PHI,TE,1,,,,,,0,0,0,2,1,9,0,,,,,,
A.J. Brown,PHI,WR,16,,,,,,0,0,0,128,81,1028,7,,,,,,
Britain Covey,PHI,WR,10,,,,,,0,0,0,4,2,20,0,,,,,,
Darius Cooper,PHI,WR,10,,,,,,0,0,0,15,12,127,1,,,,,,
DeVonta Smith,PHI,WR,21,,,,,,0,0,0,151,104,1313,5,,,,,,
Dontayvion Wicks,PHI,WR,3,,,,,,0,0,0,15,9,179,1,,,,,,
Jahan Dotson,PHI,WR,16,,,,,,0,0,0,37,18,262,1,,,,,,
John Metchie III,PHI,WR,4,,,,,,0,0,0,4,4,18,0,,,,,,
Makai Lemon,PHI,WR,3,,,,,,1,-5,0,9,7,38,0,,,,,,
Marquise Brown,PHI,WR,1,,,,,,2,12,0,0,0,0,0,,,,,,
Xavier Gipson,PHI,WR,5,,,,,,0,0,0,2,2,6,0,,,,,,
Asante Samuel Jr.,PIT,DB,9,,,,,,,,,,,,,19,0,,,,
Brandin Echols,PIT,DB,16,,,,,,,,,,,,,53,1,,,,
Chuck Clark,PIT,DB,14,,,,,,,,,,,,,55,0,,,,
D'Shawn Jamison,PIT,DB,1,,,,,,,,,,,,,0,0,,,,
Darius Slay,PIT,DB,10,,,,,,,,,,,,,36,0,,,,
Daylen Everette,PIT,DB,2,,,,,,,,,,,,,2,0,,,,
DeShon Elliott,PIT,DB,5,,,,,,,,,,,,,38,1,,,,
Doneiko Slaughter,PIT,DB,1,,,,,,,,,,,,,2,0,,,,
Jabrill Peppers,PIT,DB,8,,,,,,,,,,,,,17,0,,,,
Jalen Ramsey,PIT,DB,21,,,,,,,,,,,,,106,3,,,,
Jamel Dean,PIT,DB,3,,,,,,,,,,,,,13,0,,,,
James Pierre,PIT,DB,11,,,,,,,,,,,,,34,0,,,,
Jaquan Brisker,PIT,DB,3,,,,,,,,,,,,,20,0,,,,
Joey Porter Jr.,PIT,DB,15,,,,,,,,,,,,,53,1,,,,
Juan Thornhill,PIT,DB,8,,,,,,,,,,,,,38,0,,,,
Kyle Dugger,PIT,DB,10,,,,,,,,,,,,,48,1,,,,
Miles Killebrew,PIT,DB,4,,,,,,,,,,,,,5,0,,,,
Rayshawn Jenkins,PIT,DB,3,,,,,,,,,,,,,16,0,,,,
Robert Spears-Jennings,PIT,DB,3,,,,,,,,,,,,,8,0,,,,
Sebastian Castro,PIT,DB,3,,,,,,,,,,,,,2,0,,,,
Cameron Heyward,PIT,DL,21,,,,,,,,,,,,,86,3.5,,,,
Daniel Ekuale,PIT,DL,4,,,,,,,,,,,,,6,0,,,,
DeMarvin Leal,PIT,DL,1,,,,,,,,,,,,,2,0,,,,
Derrick Harmon,PIT,DL,16,,,,,,,,,,,,,45,5.5,,,,
Esezi Otomewo,PIT,DL,7,,,,,,,,,,,,,11,1,,,,
Keeanu Benton,PIT,DL,21,,,,,,,,,,,,,61,6.5,,,,
Logan Lee,PIT,DL,4,,,,,,,,,,,,,2,0,,,,
Sebastian Joseph-Day,PIT,DL,3,,,,,,,,,,,,,3,0,,,,
Yahya Black,PIT,DL,15,,,,,,,,,,,,,34,0,,,,
Chris Boswell,PIT,K,21,,,,,,,,,,,,,,,35,47,,
Alex Highsmith,PIT,LB,16,,,,,,,,,,,,,57,12.5,,,,
Carson Bruener,PIT,LB,15,,,,,,,,,,,,,25,0,,,,
Cole Holcomb,PIT,LB,14,,,,,,,,,,,,,40,0,,,,
Jack Sawyer,PIT,LB,19,,,,,,,,,,,,,40,2,,,,
Jeremiah Moon,PIT,LB,2,,,,,,,,,,,,,2,0,,,,
Malik Harrison,PIT,LB,11,,,,,,,,,,,,,42,0,,,,
Nick Herbig,PIT,LB,19,,,,,,,,,,,,,40,7.5,,,,
Patrick Queen,PIT,LB,21,,,,,,,,,,,,,151,1,,,,
Payton Wilson,PIT,LB,21,,,,,,,,,,,,,154,2,,,,
T.J. Watt,PIT,LB,18,,,,,,,,,,,,,68,10.5,,,,
Christian Kuntz,PIT,LS,2,,,,,,,,,,,,,,,,,,
Andrus Peat,PIT,OL,2,,,,,,,,,,,,,,,,,,
Brock Hoffman,PIT,OL,1,,,,,,,,,,,,,,,,,,
Broderick Jones,PIT,OL,2,,,,,,,,,,,,,,,,,,
Dylan Cook,PIT,OL,2,,,,,,,,,,,,,,,,,,
Mason McCormick,PIT,OL,2,,,,,,,,,,,,,,,,,,
Spencer Anderson,PIT,OL,5,,,,,,,,,,,,,,,,,,
Troy Fautanu,PIT,OL,4,,,,,,,,,,,,,,,,,,
Zach Frazier,PIT,OL,5,,,,,,,,,,,,,,,,,,
Cameron Johnston,PIT,P,3,,,,,,,,,,,,,,,,,13,630
Corliss Waitman,PIT,P,18,,,,,,,,,,,,,,,,,68,3096
Aaron Rodgers,PIT,QB,20,644,410,4168,28,10,28,73,1,,,,,,,,,,
Mason Rudolph,PIT,QB,7,54,39,312,2,2,8,9,0,,,,,,,,,,
Connor Heyward,PIT,RB,14,,,,,,15,43,2,4,3,21,1,,,,,,
Eli Heidenreich,PIT,RB,2,,,,,,0,0,0,0,0,0,0,,,,,,
Jaylen Warren,PIT,RB,20,,,,,,261,1217,6,60,51,447,2,,,,,,
Kaleb Johnson,PIT,RB,10,,,,,,28,69,0,2,1,9,0,,,,,,
Kenny Gainwell,PIT,RB,18,,,,,,120,557,5,91,77,512,3,,,,,,
Lew Nichols III,PIT,RB,2,,,,,,1,0,0,0,0,0,0,,,,,,
Rico Dowdle,PIT,RB,2,,,,,,15,37,0,7,4,28,0,,,,,,
Riley Nowakowski,PIT,RB,1,,,,,,0,0,0,0,0,0,0,,,,,,
Travis Homer,PIT,RB,2,,,,,,3,16,0,0,0,0,0,,,,,,
Trey Sermon,PIT,RB,3,,,,,,0,0,0,0,0,0,0,,,,,,
Darnell Washington,PIT,TE,16,,,,,,0,0,0,51,37,456,1,,,,,,
Jonnu Smith,PIT,TE,18,,,,,,9,70,1,57,40,221,2,,,,,,
Pat Freiermuth,PIT,TE,19,,,,,,2,3,0,71,53,612,5,,,,,,
Robert Tonyan,PIT,TE,1,,,,,,0,0,0,1,1,2,0,,,,,,
Adam Thielen,PIT,WR,6,,,,,,0,0,0,19,13,142,0,,,,,,
Ben Skowronek,PIT,WR,19,,,,,,0,0,0,8,6,94,2,,,,,,
Calvin Austin III,PIT,WR,15,,,,,,0,0,0,61,34,380,3,,,,,,
DK Metcalf,PIT,WR,19,,,,,,2,12,1,128,72,990,7,,,,,,
Germie Bernard,PIT,WR,2,,,,,,0,0,0,9,5,49,0,,,,,,
Kaden Wetjen,PIT,WR,3,,,,,,0,0,0,0,0,0,0,,,,,,
Ke'Shawn Williams,PIT,WR,8,,,,,,0,0,0,0,0,0,0,,,,,,
Marquez Valdes-Scantling,PIT,WR,6,,,,,,0,0,0,26,13,106,1,,,,,,
Michael Pittman,PIT,WR,2,,,,,,0,0,0,8,5,74,0,,,,,,
Roman Wilson,PIT,WR,12,,,,,,0,0,0,39,23,280,3,,,,,,
Scott Miller,PIT,WR,5,,,,,,0,0,0,14,9,62,0,,,,,,
AJ Finley,SEA,DB,2,,,,,,,,,,,,,4,0,,,,
Avery Smith,SEA,DB,1,,,,,,,,,,,,,1,0,,,,
Coby Bryant,SEA,DB,18,,,,,,,,,,,,,74,0,,,,
D'Anthony Bell,SEA,DB,8,,,,,,,,,,,,,14,0.5,,,,
Derion Kendrick,SEA,DB,4,,,,,,,,,,,,,5,0,,,,
Devon Witherspoon,SEA,DB,18,,,,,,,,,,,,,108,1.5,,,,
Jerrick Reed II,SEA,DB,2,,,,,,,,,,,,,4,0,,,,
Josh Jobe,SEA,DB,21,,,,,,,,,,,,,76,0.5,,,,
Julian Love,SEA,DB,12,,,,,,,,,,,,,51,1,,,,
Julian Neal,SEA,DB,2,,,,,,,,,,,,,2,0,,,,
Nehemiah Pritchett,SEA,DB,12,,,,,,,,,,,,,22,0,,,,
Nick Emmanwori,SEA,DB,19,,,,,,,,,,,,,96,2.5,,,,
Riq Woolen,SEA,DB,18,,,,,,,,,,,,,48,0,,,,
Rodney Thomas,SEA,DB,3,,,,,,,,,,,,,6,0,,,,
Shaquill Griffin,SEA,DB,1,,,,,,,,,,,,,7,0,,,,
Ty Okada,SEA,DB,16,,,,,,,,,,,,,66,1.5,,,,
Boye Mafe,SEA,DL,19,,,,,,,,,,,,,36,2,,,,
Brandon Pili,SEA,DL,8,,,,,,,,,,,,,15,0,,,,
Byron Murphy II,SEA,DL,22,,,,,,,,,,,,,81,9,,,,
Jarran Reed,SEA,DL,18,,,,,,,,,,,,,46,3.5,,,,
Leonard Williams,SEA,DL,22,,,,,,,,,,,,,76,11,,,,
Mike Morris,SEA,DL,13,,,,,,,,,,,,,22,0,,,,
Quinton Bohanna,SEA,DL,2,,,,,,,,,,,,,3,0,,,,
Rylie Mills,SEA,DL,5,,,,,,,,,,,,,10,1,,,,
Jason Myers,SEA,K,23,,,,,,,,,,,,,,,53,68,,
Chazz Surratt,SEA,LB,12,,,,,,,,,,,,,13,0,,,,
Connor O'Toole,SEA,LB,7,,,,,,,,,,,,,8,0,,,,
DeMarcus Lawrence,SEA,LB,22,,,,,,,,,,,,,66,8,,,,
Derick Hall,SEA,LB,20,,,,,,,,,,,,,42,6,,,,
Drake Thomas,SEA,LB,22,,,,,,,,,,,,,137,4.5,,,,
Ernest Jones,SEA,LB,21,,,,,,,,,,,,,178,0.5,,,,
Jamie Sheriff,SEA,LB,1,,,,,,,,,,,,,1,0,,,,
Patrick O'Connell,SEA,LB,9,,,,,,,,,,,,,23,1,,,,
Tyrice Knight,SEA,LB,17,,,,,,,,,,,,,64,2,,,,
Uchenna Nwosu,SEA,LB,21,,,,,,,,,,,,,43,7,,,,
Chris Stoll,SEA,LS,2,,,,,,,,,,,,,,,,,,
Abraham Lucas,SEA,OL,8,,,,,,,,,,,,,,,,,,
Anthony Bradford,SEA,OL,5,,,,,,,,,,,,,,,,,,
Bryce Cabeldue,SEA,OL,1,,,,,,,,,,,,,,,,,,
Charles Cross,SEA,OL,4,,,,,,,,,,,,,,,,,,
Grey Zabel,SEA,OL,5,,,,,,,,,,,,,,,,,,
Jalen Sundell,SEA,OL,5,,,,,,,,,,,,,,,,,,
Olu Oluwatimi,SEA,OL,1,,,,,,,,,,,,,,,,,,
Michael Dickson,SEA,P,22,,,,,,,,,,,,,,,,,78,3752
Drew Lock,SEA,QB,5,51,37,437,4,0,8,8,0,,,,,,,,,,
Jalen Milroe,SEA,QB,3,0,0,0,0,0,3,4,0,,,,,,,,,,
Sam Darnold,SEA,QB,22,615,411,5112,34,16,41,114,0,,,,,,,,,,
Brady Russell,SEA,RB,15,,,,,,0,0,0,4,3,40,0,,,,,,
Cam Akers,SEA,RB,2,,,,,,0,0,0,0,0,0,0,,,,,,
Emanuel Wilson,SEA,RB,3,,,,,,32,109,0,1,0,0,0,,,,,,
George Holani,SEA,RB,15,,,,,,42,135,1,14,12,99,0,,,,,,
Jacardia Wright,SEA,RB,1,,,,,,5,20,0,0,0,0,0,,,,,,
Jadarian Price,SEA,RB,3,,,,,,28,119,0,7,4,21,0,,,,,,
Kenneth Walker III,SEA,RB,20,,,,,,286,1340,9,47,40,386,0,,,,,,
Myles Gaskin,SEA,RB,1,,,,,,3,6,0,0,0,0,0,,,,,,
Robbie Ouzts,SEA,RB,5,,,,,,0,0,0,1,0,0,0,,,,,,
Zach Charbonnet,SEA,RB,17,,,,,,189,750,12,24,20,144,0,,,,,,
AJ Barner,SEA,TE,23,,,,,,12,17,2,87,66,676,7,,,,,,
Elijah Arroyo,SEA,TE,14,,,,,,0,0,0,27,16,196,1,,,,,,
Eric Saubert,SEA,TE,13,,,,,,0,0,0,10,6,34,1,,,,,,
Nick Kallerup,SEA,TE,4,,,,,,0,0,0,1,0,0,0,,,,,,
Cody White,SEA,WR,8,,,,,,0,0,0,4,3,90,1,,,,,,
Cooper Kupp,SEA,WR,22,,,,,,0,0,0,103,70,851,4,,,,,,
Dareke Young,SEA,WR,11,,,,,,0,0,0,3,2,48,0,,,,,,
Jake Bobo,SEA,WR,8,,,,,,0,0,0,5,4,53,1,,,,,,
Jaxon Smith-Njigba,SEA,WR,23,,,,,,7,36,0,225,163,2397,18,,,,,,
Montorie Foster Jr,SEA,WR,1,,,,,,0,0,0,0,0,0,0,,,,,,
Rashid Shaheed,SEA,WR,15,,,,,,12,90,0,48,24,319,0,,,,,,
Tory Horton,SEA,WR,9,,,,,,0,0,0,25,16,209,5,,,,,,
Velus Jones Jr.,SEA,WR,2,,,,,,10,42,0,0,0,0,0,,,,,,
Ashtyn Davis,SF,DB,3,,,,,,,,,,,,,5,0,,,,
Chase Lucas,SF,DB,10,,,,,,,,,,,,,9,0,,,,
Darrell Luter Jr.,SF,DB,9,,,,,,,,,,,,,27,0,,,,
Deommodore Lenoir,SF,DB,22,,,,,,,,,,,,,84,0,,,,
Eli Apple,SF,DB,1,,,,,,,,,,,,,1,0,,,,
Jack Jones,SF,DB,3,,,,,,,,,,,,,5,0,,,,
Jason Pinnock,SF,DB,14,,,,,,,,,,,,,42,0,,,,
Ji'Ayir Brown,SF,DB,20,,,,,,,,,,,,,102,0,,,,
Malik Mustapha,SF,DB,17,,,,,,,,,,,,,93,1,,,,
Marques Sigle,SF,DB,18,,,,,,,,,,,,,85,1,,,,
Renardo Green,SF,DB,19,,,,,,,,,,,,,84,0,,,,
Siran Neal,SF,DB,17,,,,,,,,,,,,,21,0,,,,
Upton Stout,SF,DB,21,,,,,,,,,,,,,98,1.5,,,,
Alfred Collins,SF,DL,12,,,,,,,,,,,,,19,1,,,,
Bryce Huff,SF,DL,16,,,,,,,,,,,,,33,4,,,,
C.J. West,SF,DL,14,,,,,,,,,,,,,30,2,,,,
Clelin Ferrell,SF,DL,9,,,,,,,,,,,,,28,4,,,,
Gracen Halton,SF,DL,2,,,,,,,,,,,,,8,0,,,,
James Thompson Jr.,SF,DL,2,,,,,,,,,,,,,4,0,,,,
Jordan Elliott,SF,DL,15,,,,,,,,,,,,,32,0,,,,
Kalia Davis,SF,DL,15,,,,,,,,,,,,,28,0.5,,,,
Keion White,SF,DL,13,,,,,,,,,,,,,21,4.5,,,,
Kevin Givens,SF,DL,3,,,,,,,,,,,,,3,0,,,,
Khalid Kareem,SF,DL,3,,,,,,,,,,,,,7,0,,,,
Mykel Williams,SF,DL,9,,,,,,,,,,,,,19,1,,,,
Naquan Jones,SF,DL,1,,,,,,,,,,,,,1,0,,,,
Nick Bosa,SF,DL,5,,,,,,,,,,,,,24,2,,,,
Ogbo Okoronkwo,SF,DL,2,,,,,,,,,,,,,1,1,,,,
Osa Odighizuwa,SF,DL,3,,,,,,,,,,,,,5,0,,,,
Robert Beal Jr.,SF,DL,6,,,,,,,,,,,,,15,0,,,,
Romello Height,SF,DL,1,,,,,,,,,,,,,1,1,,,,
Sam Okuayinonu,SF,DL,16,,,,,,,,,,,,,45,3,,,,
Sebastian Valdez,SF,DL,1,,,,,,,,,,,,,3,0,,,,
Yetur Gross-Matos,SF,DL,7,,,,,,,,,,,,,10,0,,,,
Eddy Pineiro,SF,K,19,,,,,,,,,,,,,,,34,47,,
Jake Moody,SF,K,1,,,,,,,,,,,,,,,1,2,,
Matt Gay,SF,K,2,,,,,,,,,,,,,,,4,4,,
Curtis Robinson,SF,LB,11,,,,,,,,,,,,,43,0,,,,
Dee Winters,SF,LB,18,,,,,,,,,,,,,106,0,,,,
Dre Greenlaw,SF,LB,3,,,,,,,,,,,,,22,0,,,,
Eric Kendricks,SF,LB,4,,,,,,,,,,,,,24,0,,,,
Fred Warner,SF,LB,9,,,,,,,,,,,,,83,0.5,,,,
Garret Wallow,SF,LB,7,,,,,,,,,,,,,23,0,,,,
Jaden Dugger,SF,LB,3,,,,,,,,,,,,,8,0,,,,
Jalen Graham,SF,LB,2,,,,,,,,,,,,,2,0,,,,
Luke Gifford,SF,LB,16,,,,,,,,,,,,,38,0,,,,
Nick Martin,SF,LB,4,,,,,,,,,,,,,11,0,,,,
Tatum Bethune,SF,LB,12,,,,,,,,,,,,,92,1,,,,
Trevis Gipson,SF,LB,3,,,,,,,,,,,,,2,0,,,,
Jon Weeks,SF,LS,2,,,,,,,,,,,,,,,,,,
Colton McKivitz,SF,OL,6,,,,,,,,,,,,,,,,,,
Connor Colby,SF,OL,5,,,,,,,,,,,,,,,,,,
Dominick Puni,SF,OL,4,,,,,,,,,,,,,,,,,,
Jake Brendel,SF,OL,4,,,,,,,,,,,,,,,,,,
Spencer Burford,SF,OL,2,,,,,,,,,,,,,,,,,,
Trent Williams,SF,OL,6,,,,,,,,,,,,,,,,,,
Vederian Lowe,SF,OL,1,,,,,,,,,,,,,,,,,,
Corliss Waitman,SF,P,3,,,,,,,,,,,,,,,,,7,332
Thomas Morstead,SF,P,17,,,,,,,,,,,,,,,,,48,2073
Adrian Martinez,SF,QB,1,0,0,0,0,0,1,-1,0,,,,,,,,,,
Brock Purdy,SF,QB,14,425,290,3358,31,14,57,301,4,,,,,,,,,,
Mac Jones,SF,QB,13,293,203,2155,13,6,39,65,0,,,,,,,,,,
Brian Robinson,SF,RB,19,,,,,,95,404,2,13,9,28,0,,,,,,
Christian McCaffrey,SF,RB,22,,,,,,372,1451,13,160,126,1133,9,,,,,,
Isaac Guerendo,SF,RB,7,,,,,,0,0,0,0,0,0,0,,,,,,
Jordan James,SF,RB,2,,,,,,10,43,0,1,1,7,0,,,,,,
Kaelon Black,SF,RB,3,,,,,,25,107,0,2,1,5,0,,,,,,
Kyle Juszczyk,SF,RB,20,,,,,,3,-6,0,37,31,300,3,,,,,,
Brayden Willis,SF,TE,8,,,,,,0,0,0,1,0,0,0,,,,,,
George Kittle,SF,TE,15,,,,,,1,-3,0,87,70,808,10,,,,,,
Jake Tonges,SF,TE,12,,,,,,0,0,0,55,40,366,5,,,,,,
Luke Farrell,SF,TE,18,,,,,,0,0,0,20,14,105,2,,,,,,
Deebo Samuel Sr.,SF,WR,3,,,,,,4,30,0,11,9,159,2,,,,,,
Demarcus Robinson,SF,WR,18,,,,,,1,6,0,49,34,472,3,,,,,,
Jacob Cowing,SF,WR,3,,,,,,0,0,0,2,0,0,0,,,,,,
Jauan Jennings,SF,WR,17,,,,,,0,0,0,98,58,711,9,,,,,,
Jordan Watkins,SF,WR,3,,,,,,0,0,0,5,4,86,0,,,,,,
Kendrick Bourne,SF,WR,15,,,,,,0,0,0,55,37,551,0,,,,,,
KhaDarel Hodge,SF,WR,3,,,,,,0,0,0,1,1,18,0,,,,,,
Malik Turner,SF,WR,3,,,,,,0,0,0,2,0,0,0,,,,,,
Marquez Valdes-Scantling,SF,WR,4,,,,,,0,0,0,8,4,40,0,,,,,,
Mike Evans,SF,WR,3,,,,,,0,0,0,16,12,137,2,,,,,,
Ricky Pearsall,SF,WR,10,,,,,,2,-2,0,55,36,528,0,,,,,,
Skyy Moore,SF,WR,19,,,,,,3,14,0,8,5,87,0,,,,,,
Antoine Winfield Jr.,TB,DB,20,,,,,,,,,,,,,111,1,,,,
Benjamin Morrison,TB,DB,11,,,,,,,,,,,,,36,0,,,,
Christian Izien,TB,DB,9,,,,,,,,,,,,,25,0,,,,
Ifeatu Melifonwu,TB,DB,1,,,,,,,,,,,,,1,0,,,,
J.T. Gray,TB,DB,2,,,,,,,,,,,,,3,0,,,,
Jacob Parrish,TB,DB,18,,,,,,,,,,,,,83,2,,,,
Jamel Dean,TB,DB,13,,,,,,,,,,,,,46,1,,,,
Josh Hayes,TB,DB,13,,,,,,,,,,,,,15,0,,,,
Kaevon Merriweather,TB,DB,6,,,,,,,,,,,,,8,0,,,,
Keionte Scott,TB,DB,3,,,,,,,,,,,,,14,0,,,,
Kevin Knowles,TB,DB,3,,,,,,,,,,,,,3,0,,,,
Kindle Vildor,TB,DB,4,,,,,,,,,,,,,16,0,,,,
Miles Killebrew,TB,DB,1,,,,,,,,,,,,,2,0,,,,
Rashad Wisdom,TB,DB,3,,,,,,,,,,,,,3,0,,,,
Sebastian Castro,TB,DB,1,,,,,,,,,,,,,1,0,,,,
Tykee Smith,TB,DB,19,,,,,,,,,,,,,113,2,,,,
Zyon McCollum,TB,DB,16,,,,,,,,,,,,,78,0,,,,
A'Shawn Robinson,TB,DL,3,,,,,,,,,,,,,13,1,,,,
Adam Gotsis,TB,DL,1,,,,,,,,,,,,,0,0,,,,
C.J. Brewer,TB,DL,3,,,,,,,,,,,,,4,0.5,,,,
Calijah Kancey,TB,DL,5,,,,,,,,,,,,,4,0,,,,
Elijah Roberts,TB,DL,15,,,,,,,,,,,,,16,2,,,,
Elijah Simmons,TB,DL,5,,,,,,,,,,,,,8,0,,,,
Greg Gaines,TB,DL,14,,,,,,,,,,,,,22,2,,,,
Jason Pierre-Paul,TB,DL,1,,,,,,,,,,,,,0,0,,,,
Logan Hall,TB,DL,17,,,,,,,,,,,,,38,1.5,,,,
Rakeem Nunez-Roches,TB,DL,2,,,,,,,,,,,,,2,0,,,,
Vita Vea,TB,DL,17,,,,,,,,,,,,,39,4.5,,,,
Chase McLaughlin,TB,K,20,,,,,,,,,,,,,,,41,37,,
Al-Quadin Muhammad,TB,LB,2,,,,,,,,,,,,,3,0,,,,
Alex Anzalone,TB,LB,3,,,,,,,,,,,,,20,1,,,,
Anthony Nelson,TB,LB,17,,,,,,,,,,,,,42,4,,,,
Chris Braswell,TB,LB,13,,,,,,,,,,,,,29,1,,,,
Christian Rozeboom,TB,LB,1,,,,,,,,,,,,,3,0,,,,
David Walker,TB,LB,3,,,,,,,,,,,,,5,2,,,,
Deion Jones,TB,LB,13,,,,,,,,,,,,,28,0,,,,
Haason Reddick,TB,LB,13,,,,,,,,,,,,,31,2.5,,,,
John Bullock,TB,LB,8,,,,,,,,,,,,,10,0,,,,
Josiah Trotter,TB,LB,2,,,,,,,,,,,,,24,1,,,,
Lavonte David,TB,LB,17,,,,,,,,,,,,,112,3.5,,,,
Markees Watts,TB,LB,8,,,,,,,,,,,,,9,0.5,,,,
Nick Jackson,TB,LB,2,,,,,,,,,,,,,2,0,,,,
Rueben Bain Jr.,TB,LB,1,,,,,,,,,,,,,1,0,,,,
SirVocea Dennis,TB,LB,19,,,,,,,,,,,,,102,3,,,,
Yaya Diaby,TB,LB,20,,,,,,,,,,,,,54,7,,,,
Evan Deckers,TB,LS,1,,,,,,,,,,,,,,,,,,
Ben Bredeson,TB,OL,3,,,,,,,,,,,,,,,,,,
Benjamin Chukwuma,TB,OL,1,,,,,,,,,,,,,,,,,,
Charlie Heck,TB,OL,2,,,,,,,,,,,,,,,,,,
Cody Mauch,TB,OL,3,,,,,,,,,,,,,,,,,,
Elijah Klein,TB,OL,1,,,,,,,,,,,,,,,,,,
Graham Barton,TB,OL,10,,,,,,,,,,,,,,,,,,
Luke Goedeke,TB,OL,5,,,,,,,,,,,,,,,,,,
Luke Haggard,TB,OL,1,,,,,,,,,,,,,,,,,,
Mike Jordan,TB,OL,1,,,,,,,,,,,,,,,,,,
Tristan Wirfs,TB,OL,5,,,,,,,,,,,,,,,,,,
Riley Dixon,TB,P,19,,,,,,,,,,,,,,,,,76,3427
Baker Mayfield,TB,QB,20,639,404,4308,28,13,66,447,2,,,,,,,,,,
Jalon Daniels,TB,QB,1,3,0,0,0,1,1,9,0,,,,,,,,,,
Teddy Bridgewater,TB,QB,3,15,8,62,0,0,3,4,0,,,,,,,,,,
Bucky Irving,TB,RB,13,,,,,,213,768,2,50,43,338,3,,,,,,
Josh Williams,TB,RB,3,,,,,,4,11,0,0,0,0,0,,,,,,
Kenny Gainwell,TB,RB,3,,,,,,10,21,0,10,6,22,0,,,,,,
Owen Wright,TB,RB,2,,,,,,3,6,0,0,0,0,0,,,,,,
Rachaad White,TB,RB,17,,,,,,132,572,4,45,40,218,0,,,,,,
Sean Tucker,TB,RB,17,,,,,,86,320,7,11,8,34,1,,,,,,
Bauer Sharp,TB,TE,2,,,,,,0,0,0,0,0,0,0,,,,,,
Cade Otton,TB,TE,18,,,,,,0,0,0,98,70,692,1,,,,,,
Devin Culp,TB,TE,4,,,,,,0,0,0,1,1,6,1,,,,,,
Ko Kieft,TB,TE,3,,,,,,0,0,0,0,0,0,0,,,,,,
Payne Durham,TB,TE,9,,,,,,0,0,0,5,1,11,0,,,,,,
Chris Godwin Jr.,TB,WR,12,,,,,,2,15,0,62,43,471,2,,,,,,
Emeka Egbuka,TB,WR,20,,,,,,3,6,0,147,76,1079,7,,,,,,
Jalen McMillan,TB,WR,5,,,,,,1,1,0,16,12,178,0,,,,,,
Kameron Johnson,TB,WR,20,,,,,,2,13,0,7,4,64,1,,,,,,
Mike Evans,TB,WR,8,,,,,,0,0,0,62,30,368,3,,,,,,
Ryan Miller,TB,WR,9,,,,,,0,0,0,4,2,34,1,,,,,,
Sterling Shepard,TB,WR,13,,,,,,4,19,0,53,39,371,1,,,,,,
Ted Hurst III,TB,WR,3,,,,,,0,0,0,13,6,103,1,,,,,,
Tez Johnson,TB,WR,18,,,,,,8,18,0,51,30,379,5,,,,,,
Alontae Taylor,TEN,DB,3,,,,,,,,,,,,,15,1,,,,
Amani Hooker,TEN,DB,19,,,,,,,,,,,,,102,1,,,,
Cordale Flott,TEN,DB,2,,,,,,,,,,,,,8,0,,,,
Darrell Baker Jr.,TEN,DB,15,,,,,,,,,,,,,54,0,,,,
Erick Hallett,TEN,DB,3,,,,,,,,,,,,,5,0,,,,
Jalyn Armour-Davis,TEN,DB,10,,,,,,,,,,,,,32,0,,,,
Jarvis Brownlee Jr.,TEN,DB,2,,,,,,,,,,,,,16,0,,,,
Jerrick Reed II,TEN,DB,2,,,,,,,,,,,,,6,0,,,,
Kaiir Elam,TEN,DB,2,,,,,,,,,,,,,4,0,,,,
Kemon Hall,TEN,DB,2,,,,,,,,,,,,,9,0,,,,
Kendell Brooks,TEN,DB,6,,,,,,,,,,,,,22,0,,,,
Kevin Winston Jr.,TEN,DB,11,,,,,,,,,,,,,54,1,,,,
L'Jarius Sneed,TEN,DB,7,,,,,,,,,,,,,25,0,,,,
Marcus Harris,TEN,DB,14,,,,,,,,,,,,,45,0,,,,
Micah Robinson,TEN,DB,9,,,,,,,,,,,,,24,0,,,,
Mike Brown,TEN,DB,4,,,,,,,,,,,,,3,0,,,,
Quandre Diggs,TEN,DB,8,,,,,,,,,,,,,29,0,,,,
Roger McCreary,TEN,DB,8,,,,,,,,,,,,,33,1,,,,
Samuel Womack,TEN,DB,2,,,,,,,,,,,,,4,0,,,,
Sanoussi Kane,TEN,DB,1,,,,,,,,,,,,,7,0,,,,
Terrell Burgess,TEN,DB,1,,,,,,,,,,,,,1,0,,,,
Tony Adams,TEN,DB,2,,,,,,,,,,,,,3,0,,,,
Xavier Woods,TEN,DB,10,,,,,,,,,,,,,39,1,,,,
Ali Gaye,TEN,DL,1,,,,,,,,,,,,,1,0,,,,
Arden Key,TEN,DL,12,,,,,,,,,,,,,22,4,,,,
C.J. Ravenell,TEN,DL,6,,,,,,,,,,,,,6,0,,,,
Jacob Martin,TEN,DL,3,,,,,,,,,,,,,1,1,,,,
James Lynch,TEN,DL,16,,,,,,,,,,,,,23,0.5,,,,
Jaylen Harrell,TEN,DL,15,,,,,,,,,,,,,24,4.5,,,,
Jeffery Simmons,TEN,DL,18,,,,,,,,,,,,,85,13,,,,
Jermaine Johnson II,TEN,DL,3,,,,,,,,,,,,,8,0,,,,
John Franklin-Myers,TEN,DL,3,,,,,,,,,,,,,6,1,,,,
Jordan Elliott,TEN,DL,3,,,,,,,,,,,,,5,0,,,,
Keldric Faulk,TEN,DL,3,,,,,,,,,,,,,5,1,,,,
Nazir Stackhouse,TEN,DL,2,,,,,,,,,,,,,1,0,,,,
Oluwafemi Oladejo,TEN,DL,9,,,,,,,,,,,,,17,0,,,,
Sebastian Joseph-Day,TEN,DL,15,,,,,,,,,,,,,37,2,,,,
Shy Tuttle,TEN,DL,7,,,,,,,,,,,,,11,0,,,,
Solomon Thomas,TEN,DL,1,,,,,,,,,,,,,3,0,,,,
T'Vondre Sweat,TEN,DL,12,,,,,,,,,,,,,32,2,,,,
Truman Jones,TEN,DL,7,,,,,,,,,,,,,13,1.5,,,,
Joey Slye,TEN,K,19,,,,,,,,,,,,,,,31,30,,
Matthew Wright,TEN,K,1,,,,,,,,,,,,,,,1,1,,
Anthony Hill Jr.,TEN,LB,3,,,,,,,,,,,,,34,0,,,,
Cedric Gray,TEN,LB,18,,,,,,,,,,,,,171,1,,,,
Cody Barton,TEN,LB,20,,,,,,,,,,,,,90,1,,,,
Dorian Mausi,TEN,LB,10,,,,,,,,,,,,,9,0,,,,
Dre'Mont Jones,TEN,LB,9,,,,,,,,,,,,,25,4.5,,,,
James Williams,TEN,LB,13,,,,,,,,,,,,,26,1,,,,
Jihad Ward,TEN,LB,17,,,,,,,,,,,,,30,5,,,,
Joe Bachie,TEN,LB,3,,,,,,,,,,,,,3,0,,,,
Kyzir White,TEN,LB,1,,,,,,,,,,,,,3,0,,,,
Mohamoud Diabate,TEN,LB,1,,,,,,,,,,,,,1,0,,,,
Austin Schlottmann,TEN,OL,1,,,,,,,,,,,,,,,,,,
Blake Hance,TEN,OL,1,,,,,,,,,,,,,,,,,,
Dan Moore Jr.,TEN,OL,4,,,,,,,,,,,,,,,,,,
JC Latham,TEN,OL,11,,,,,,,,,,,,,,,,,,
John Ojukwu,TEN,OL,1,,,,,,,,,,,,,,,,,,
Kevin Zeitler,TEN,OL,4,,,,,,,,,,,,,,,,,,
Lloyd Cushenberry III,TEN,OL,3,,,,,,,,,,,,,,,,,,
Olisaemeka Udoh,TEN,OL,3,,,,,,,,,,,,,,,,,,
Peter Skoronski,TEN,OL,4,,,,,,,,,,,,,,,,,,
Johnny Hekker,TEN,P,17,,,,,,,,,,,,,,,,,78,3653
Tommy Townsend,TEN,P,3,,,,,,,,,,,,,,,,,16,768
Brandon Allen,TEN,QB,1,30,17,72,0,1,0,0,0,,,,,,,,,,
Cam Ward,TEN,QB,20,628,378,3673,17,8,48,189,4,,,,,,,,,,
Jordan Mims,TEN,RB,1,,,,,,0,0,0,0,0,0,0,,,,,,
Julius Chestnut,TEN,RB,18,,,,,,11,40,0,2,0,0,0,,,,,,
Kalel Mullings,TEN,RB,4,,,,,,3,7,0,0,0,0,0,,,,,,
Nicholas Singleton,TEN,RB,1,,,,,,4,10,0,0,0,0,0,,,,,,
Tony Pollard,TEN,RB,20,,,,,,280,1255,5,48,39,228,0,,,,,,
Tyjae Spears,TEN,RB,16,,,,,,85,341,2,56,49,305,0,,,,,,
Chig Okonkwo,TEN,TE,17,,,,,,0,0,0,79,56,560,2,,,,,,
Daniel Bellinger,TEN,TE,3,,,,,,0,0,0,4,3,23,0,,,,,,
David Martin-Robinson,TEN,TE,11,,,,,,0,0,0,6,4,30,1,,,,,,
Gunnar Helm,TEN,TE,19,,,,,,0,0,0,66,52,412,2,,,,,,
Bryce Oliver,TEN,WR,2,,,,,,0,0,0,1,1,8,0,,,,,,
Calvin Ridley,TEN,WR,9,,,,,,0,0,0,39,19,338,0,,,,,,
Carnell Tate,TEN,WR,3,,,,,,0,0,0,20,13,123,0,,,,,,
Chimere Dike,TEN,WR,20,,,,,,11,18,0,76,50,433,4,,,,,,
Elic Ayomanor,TEN,WR,19,,,,,,0,0,0,98,45,606,5,,,,,,
James Proche,TEN,WR,6,,,,,,0,0,0,12,6,65,0,,,,,,
Mason Kinsey,TEN,WR,6,,,,,,0,0,0,4,2,48,0,,,,,,
Tyler Lockett,TEN,WR,7,,,,,,0,0,0,21,10,70,0,,,,,,
Van Jefferson,TEN,WR,14,,,,,,0,0,0,52,29,350,1,,,,,,
Wan'Dale Robinson,TEN,WR,3,,,,,,0,0,0,18,13,104,1,,,,,,
Xavier Restrepo,TEN,WR,2,,,,,,0,0,0,7,3,41,0,,,,,,
Amik Robertson,WAS,DB,3,,,,,,,,,,,,,17,0,,,,
Antonio Hamilton,WAS,DB,9,,,,,,,,,,,,,18,0,,,,
Darnell Savage,WAS,DB,7,,,,,,,,,,,,,15,0,,,,
Fabian Moreau,WAS,DB,1,,,,,,,,,,,,,1,0,,,,
Jeremy Reaves,WAS,DB,20,,,,,,,,,,,,,106,1,,,,
Jonathan Jones,WAS,DB,11,,,,,,,,,,,,,41,1,,,,
Marshon Lattimore,WAS,DB,9,,,,,,,,,,,,,26,0,,,,
Mike Sainristil,WAS,DB,20,,,,,,,,,,,,,95,0,,,,
Nick Cross,WAS,DB,2,,,,,,,,,,,,,11,0,,,,
Noah Igbinoghene,WAS,DB,10,,,,,,,,,,,,,35,1,,,,
Percy Butler,WAS,DB,12,,,,,,,,,,,,,18,0,,,,
Quan Martin,WAS,DB,20,,,,,,,,,,,,,109,0,,,,
Rasul Douglas,WAS,DB,3,,,,,,,,,,,,,7,0,,,,
Trey Amos,WAS,DB,10,,,,,,,,,,,,,31,0,,,,
Tyler Owens,WAS,DB,13,,,,,,,,,,,,,16,0,,,,
Will Harris,WAS,DB,9,,,,,,,,,,,,,38,1,,,,
Charles Omenihu,WAS,DL,3,,,,,,,,,,,,,1,0,,,,
Daron Payne,WAS,DL,17,,,,,,,,,,,,,49,3,,,,
DeMarcus Walker,WAS,DL,1,,,,,,,,,,,,,2,0,,,,
Deatrich Wise,WAS,DL,2,,,,,,,,,,,,,4,0,,,,
Dorance Armstrong,WAS,DL,8,,,,,,,,,,,,,29,5.5,,,,
Drake Jackson,WAS,DL,3,,,,,,,,,,,,,3,0,,,,
Eddie Goldman,WAS,DL,12,,,,,,,,,,,,,24,0,,,,
Jacob Martin,WAS,DL,17,,,,,,,,,,,,,39,5.5,,,,
Jalyn Holmes,WAS,DL,8,,,,,,,,,,,,,21,0,,,,
Javon Kinlaw,WAS,DL,19,,,,,,,,,,,,,49,1,,,,
Jer'Zhan Newton,WAS,DL,13,,,,,,,,,,,,,37,5,,,,
Preston Smith,WAS,DL,12,,,,,,,,,,,,,24,0.5,,,,
Ricky Barber,WAS,DL,1,,,,,,,,,,,,,5,1,,,,
Sheldon Day,WAS,DL,7,,,,,,,,,,,,,13,0,,,,
Shy Tuttle,WAS,DL,4,,,,,,,,,,,,,6,0,,,,
T.J. Maguranyanga,WAS,DL,1,,,,,,,,,,,,,1,0,,,,
Tim Settle,WAS,DL,3,,,,,,,,,,,,,6,0,,,,
Drew Stevens,WAS,K,3,,,,,,,,,,,,,,,5,6,,
Jake Moody,WAS,K,6,,,,,,,,,,,,,,,10,10,,
Matt Gay,WAS,K,10,,,,,,,,,,,,,,,13,22,,
Matthew Wright,WAS,K,1,,,,,,,,,,,,,,,0,1,,
Ale Kaho,WAS,LB,5,,,,,,,,,,,,,9,0,,,,
Bobby Wagner,WAS,LB,17,,,,,,,,,,,,,158,4.5,,,,
Frankie Luvu,WAS,LB,18,,,,,,,,,,,,,88,4,,,,
Javontae Jean-Baptiste,WAS,LB,5,,,,,,,,,,,,,9,1,,,,
Jordan Magee,WAS,LB,15,,,,,,,,,,,,,56,0,,,,
Joshua Josephs,WAS,LB,1,,,,,,,,,,,,,5,0,,,,
K'Lavon Chaisson,WAS,LB,3,,,,,,,,,,,,,6,1,,,,
Kain Medrano,WAS,LB,6,,,,,,,,,,,,,11,0,,,,
Leo Chenal,WAS,LB,3,,,,,,,,,,,,,18,0,,,,
Nick Bellore,WAS,LB,8,,,,,,,,,,,,,12,0,,,,
Odafe Oweh,WAS,LB,3,,,,,,,,,,,,,10,1,,,,
Sonny Styles,WAS,LB,3,,,,,,,,,,,,,11,1,,,,
Von Miller,WAS,LB,14,,,,,,,,,,,,,26,9,,,,
Tyler Ott,WAS,LS,1,,,,,,,,,,,,,,,,,,
Andrew Wylie,WAS,OL,1,,,,,,,,,,,,,,,,,,
Brandon Coleman,WAS,OL,6,,,,,,,,,,,,,,,,,,
Chris Paul,WAS,OL,2,,,,,,,,,,,,,,,,,,
Josh Conerly Jr.,WAS,OL,10,,,,,,,,,,,,,,,,,,
Laremy Tunsil,WAS,OL,5,,,,,,,,,,,,,,,,,,
Nick Allegretti,WAS,OL,2,,,,,,,,,,,,,,,,,,
Sam Cosmi,WAS,OL,2,,,,,,,,,,,,,,,,,,
Trent Scott,WAS,OL,1,,,,,,,,,,,,,,,,,,
Tyler Biadasz,WAS,OL,2,,,,,,,,,,,,,,,,,,
Tress Way,WAS,P,20,,,,,,,,,,,,,,,,,70,3359
Jayden Daniels,WAS,QB,9,239,143,1522,11,3,70,378,2,,,,,,,,,,
Josh Johnson,WAS,QB,3,54,34,372,1,2,12,55,1,,,,,,,,,,
Marcus Mariota,WAS,QB,12,274,169,1989,14,7,56,311,1,,,,,,,,,,
Austin Ekeler,WAS,RB,2,,,,,,14,43,0,7,5,38,0,,,,,,
Chase Edmonds,WAS,RB,3,,,,,,0,0,0,0,0,0,0,,,,,,
Chris Rodriguez Jr.,WAS,RB,12,,,,,,112,500,6,4,3,30,0,,,,,,
Jacory Croskey-Merritt,WAS,RB,20,,,,,,222,947,9,16,12,73,0,,,,,,
Jeremy McNichols,WAS,RB,16,,,,,,44,221,1,31,25,196,0,,,,,,
Kaytron Allen,WAS,RB,2,,,,,,9,40,0,0,0,0,0,,,,,,
Rachaad White,WAS,RB,3,,,,,,22,100,0,9,9,51,1,,,,,,
Ben Sinnott,WAS,TE,11,,,,,,0,0,0,15,12,120,1,,,,,,
Chig Okonkwo,WAS,TE,1,,,,,,0,0,0,3,2,16,0,,,,,,
Colson Yankoff,WAS,TE,13,,,,,,0,0,0,6,4,34,0,,,,,,
John Bates,WAS,TE,12,,,,,,0,0,0,20,14,125,1,,,,,,
Zach Ertz,WAS,TE,13,,,,,,0,0,0,72,50,504,4,,,,,,
Antonio Williams,WAS,WR,3,,,,,,0,0,0,11,9,103,1,,,,,,
Chris Moore,WAS,WR,10,,,,,,1,9,0,23,11,207,1,,,,,,
Deebo Samuel Sr.,WAS,WR,16,,,,,,17,75,1,99,72,727,5,,,,,,
Dyami Brown,WAS,WR,3,,,,,,0,0,0,9,4,21,0,,,,,,
Jacoby Jones,WAS,WR,1,,,,,,0,0,0,1,1,25,0,,,,,,
Jaylin Lane,WAS,WR,18,,,,,,1,7,0,34,18,250,0,,,,,,
Luke McCaffrey,WAS,WR,10,,,,,,0,0,0,15,11,203,3,,,,,,
Noah Brown,WAS,WR,4,,,,,,0,0,0,10,5,83,0,,,,,,
River Cracraft,WAS,WR,2,,,,,,0,0,0,0,0,0,0,,,,,,
Robbie Chosen,WAS,WR,3,,,,,,0,0,0,9,5,53,0,,,,,,
Stefon Diggs,WAS,WR,3,,,,,,0,0,0,22,13,135,3,,,,,,
Tay Martin,WAS,WR,2,,,,,,0,0,0,2,2,23,0,,,,,,
Terry McLaurin,WAS,WR,13,,,,,,0,0,0,82,48,723,4,,,,,,
Treylon Burks,WAS,WR,10,,,,,,0,0,0,25,12,143,2,,,,,,
